es_id,study_id,authors,year,country,lat,long,comparator_class,comparator_system,practice,crop,comparator_id,treatment_id,taxa_class,functional_group,b_measure,b_error_reported,b_mean_t,b_sd_t,b_n_t,b_mean_c,b_sd_c,b_n_c,yield_unit,y_mean_t,y_sd_t,y_n_t,y_mean_c,y_sd_c,y_n_c,validity_biodiv,validity_yield
14,1035,"Ichinose K., Hoa N.V., Bang D.V., Tuan D.H., Dien L.Q.",2012,Viet Nam,10.530462,106.157239,Simplified,Monoculture,Agroforestry,Guava,1035_C1,1035_T1,Insect,Pests,Abundance,standard error,0.08,0.0387298334620742,15,0.1,0.0774596669241483,15,kg/ha,30,NA,NA,3,NA,NA,1,NA
15,1036,"Sjögren H., Shepherd K.D., Karlsson A.",2010,Kenya,0.1,34.566667,Simplified,Monoculture,Embedded natural,Maize,1036_C1,1036_T1,Herb,Weeds,Abundance,standard error,54,12,4,39,18,4,kg/ha,1592.59259259259,525.769268,4,1555.55555555556,371.17607,4,0,0
16,1036,"Sjögren H., Shepherd K.D., Karlsson A.",2010,Kenya,0.1,34.566667,Simplified,Monoculture,Embedded natural,Maize,1036_C1,1036_T2,Herb,Weeds,Abundance,standard error,30,6,4,39,18,4,kg/ha,1240.74074074074,711.334892,4,1555.55555555556,371.17607,4,0,0
17,1036,"Sjögren H., Shepherd K.D., Karlsson A.",2010,Kenya,0.1,34.566667,Simplified,Monoculture,Embedded natural,Maize,1036_C1,1036_T1,Herb,Weeds,Abundance,standard error,41,24,4,39,18,4,kg/ha,1592.59259259259,371.220894,4,1555.55555555556,371.17607,4,0,0
18,1036,"Sjögren H., Shepherd K.D., Karlsson A.",2010,Kenya,0.1,34.566667,Simplified,Monoculture,Embedded natural,Maize,1036_C1,1036_T2,Herb,Weeds,Abundance,standard error,32,8,4,39,18,4,kg/ha,1240.74074074074,185.5208014,4,1555.55555555556,371.17607,4,0,0
19,1036,"Sjögren H., Shepherd K.D., Karlsson A.",2010,Kenya,0.1,34.566667,Simplified,Monoculture,Embedded natural,Maize,1036_C2,1036_T1,Herb,Weeds,Abundance,standard error,54,12,4,14,10,4,kg/ha,1592.59259259259,525.769268,4,3462.96296296296,278.348436,4,0,0
20,1036,"Sjögren H., Shepherd K.D., Karlsson A.",2010,Kenya,0.1,34.566667,Simplified,Monoculture,Embedded natural,Maize,1036_C2,1036_T2,Herb,Weeds,Abundance,standard error,30,6,4,14,10,4,kg/ha,1240.74074074074,711.334892,4,3462.96296296296,278.348436,4,0,0
21,1036,"Sjögren H., Shepherd K.D., Karlsson A.",2010,Kenya,0.1,34.566667,Simplified,Monoculture,Embedded natural,Maize,1036_C2,1036_T1,Herb,Weeds,Abundance,standard error,41,24,4,14,10,4,kg/ha,1592.59259259259,371.220894,4,3462.96296296296,278.348436,4,0,0
22,1036,"Sjögren H., Shepherd K.D., Karlsson A.",2010,Kenya,0.1,34.566667,Simplified,Monoculture,Embedded natural,Maize,1036_C2,1036_T2,Herb,Weeds,Abundance,standard error,32,8,4,14,10,4,kg/ha,1240.74074074074,185.5208014,4,3462.96296296296,278.348436,4,0,0
23,1036,"Sjögren H., Shepherd K.D., Karlsson A.",2010,Kenya,0.1,34.566667,Simplified,Monoculture,Embedded natural,Maize,1036_C1,1036_T1,Herb,Weeds,Abundance,standard error,18,10,4,12,8,4,kg/ha,1592.59259259259,525.769268,4,1555.55555555556,371.17607,4,0,0
24,1036,"Sjögren H., Shepherd K.D., Karlsson A.",2010,Kenya,0.1,34.566667,Simplified,Monoculture,Embedded natural,Maize,1036_C1,1036_T2,Herb,Weeds,Abundance,standard error,14,10,4,12,8,4,kg/ha,1240.74074074074,711.334892,4,1555.55555555556,371.17607,4,0,0
25,1036,"Sjögren H., Shepherd K.D., Karlsson A.",2010,Kenya,0.1,34.566667,Simplified,Monoculture,Embedded natural,Maize,1036_C1,1036_T1,Herb,Weeds,Abundance,standard error,12,4,4,12,8,4,kg/ha,1592.59259259259,371.220894,4,1555.55555555556,371.17607,4,0,0
26,1036,"Sjögren H., Shepherd K.D., Karlsson A.",2010,Kenya,0.1,34.566667,Simplified,Monoculture,Embedded natural,Maize,1036_C1,1036_T2,Herb,Weeds,Abundance,standard error,10,6,4,12,8,4,kg/ha,1240.74074074074,185.5208014,4,1555.55555555556,371.17607,4,0,0
27,1036,"Sjögren H., Shepherd K.D., Karlsson A.",2010,Kenya,0.1,34.566667,Simplified,Monoculture,Embedded natural,Maize,1036_C2,1036_T1,Herb,Weeds,Abundance,standard error,18,10,4,5,6,4,kg/ha,1592.59259259259,525.769268,4,3462.96296296296,278.348436,4,0,0
28,1036,"Sjögren H., Shepherd K.D., Karlsson A.",2010,Kenya,0.1,34.566667,Simplified,Monoculture,Embedded natural,Maize,1036_C2,1036_T2,Herb,Weeds,Abundance,standard error,14,10,4,5,6,4,kg/ha,1240.74074074074,711.334892,4,3462.96296296296,278.348436,4,0,0
29,1036,"Sjögren H., Shepherd K.D., Karlsson A.",2010,Kenya,0.1,34.566667,Simplified,Monoculture,Embedded natural,Maize,1036_C2,1036_T1,Herb,Weeds,Abundance,standard error,12,4,4,5,6,4,kg/ha,1592.59259259259,371.220894,4,3462.96296296296,278.348436,4,0,0
30,1036,"Sjögren H., Shepherd K.D., Karlsson A.",2010,Kenya,0.1,34.566667,Simplified,Monoculture,Embedded natural,Maize,1036_C2,1036_T2,Herb,Weeds,Abundance,standard error,10,6,4,5,6,4,kg/ha,1240.74074074074,185.5208014,4,3462.96296296296,278.348436,4,0,0
77,1052,"Reda F., Verkleij J.A.C., Ernst W.H.O.",2005,Ethiopia,14.033359,38.316947,Simplified,Monoculture,Associated plant species,Sorghum,1052_C1,1052_T1,Herb,Weeds,Abundance,standard error,155,65.8179306876173,3,109,74.4781847254617,3,kg/ha,536,289.252484864002,3,1290,613.145985879383,3,0,0
78,1052,"Reda F., Verkleij J.A.C., Ernst W.H.O.",2005,Ethiopia,14.033359,38.316947,Simplified,Monoculture,Associated plant species,Sorghum,1052_C1,1052_T2,Herb,Weeds,Abundance,standard error,183,53.6935750346352,3,109,74.4781847254617,3,kg/ha,993,363.730669589464,3,1290,613.145985879383,3,0,0
79,1052,"Reda F., Verkleij J.A.C., Ernst W.H.O.",2005,Ethiopia,14.033359,38.316947,Simplified,Monoculture,Associated plant species,Sorghum,1052_C1,1052_T3,Herb,Weeds,Abundance,standard error,138,95.2627944162882,3,109,74.4781847254617,3,kg/ha,1031,346.410161513775,3,1290,613.145985879383,3,0,0
80,1052,"Reda F., Verkleij J.A.C., Ernst W.H.O.",2005,Ethiopia,14.033359,38.316947,Simplified,Monoculture,Associated plant species,Sorghum,1052_C1,1052_T4,Herb,Weeds,Abundance,standard error,105,19.0525588832576,3,109,74.4781847254617,3,kg/ha,796,19.0525588832576,3,1290,613.145985879383,3,0,0
81,1052,"Reda F., Verkleij J.A.C., Ernst W.H.O.",2005,Ethiopia,14.033359,38.316947,Simplified,Monoculture,Associated plant species,Sorghum,1052_C1,1052_T5,Herb,Weeds,Abundance,standard error,199,148.956369450923,3,109,74.4781847254617,3,kg/ha,1160,878.149759437421,3,1290,613.145985879383,3,0,0
82,1052,"Reda F., Verkleij J.A.C., Ernst W.H.O.",2005,Ethiopia,14.033359,38.316947,Simplified,Monoculture,Associated plant species,Sorghum,1052_C1,1052_T6,Herb,Weeds,Abundance,standard error,153,148.956369450923,3,109,74.4781847254617,3,kg/ha,1070,384.515279280291,3,1290,613.145985879383,3,0,0
83,1052,"Reda F., Verkleij J.A.C., Ernst W.H.O.",2005,Ethiopia,14.033359,38.316947,Simplified,Monoculture,Associated plant species,Sorghum,1052_C2,1052_T1,Herb,Weeds,Abundance,standard error,155,65.8179306876173,3,174,152.420471066061,3,kg/ha,536,289.252484864002,3,1500,178.401233179594,3,0,0
84,1052,"Reda F., Verkleij J.A.C., Ernst W.H.O.",2005,Ethiopia,14.033359,38.316947,Simplified,Monoculture,Associated plant species,Sorghum,1052_C2,1052_T2,Herb,Weeds,Abundance,standard error,183,53.6935750346352,3,174,152.420471066061,3,kg/ha,993,363.730669589464,3,1500,178.401233179594,3,0,0
85,1052,"Reda F., Verkleij J.A.C., Ernst W.H.O.",2005,Ethiopia,14.033359,38.316947,Simplified,Monoculture,Associated plant species,Sorghum,1052_C2,1052_T3,Herb,Weeds,Abundance,standard error,138,95.2627944162882,3,174,152.420471066061,3,kg/ha,1031,346.410161513775,3,1500,178.401233179594,3,0,0
86,1052,"Reda F., Verkleij J.A.C., Ernst W.H.O.",2005,Ethiopia,14.033359,38.316947,Simplified,Monoculture,Associated plant species,Sorghum,1052_C2,1052_T4,Herb,Weeds,Abundance,standard error,105,19.0525588832576,3,174,152.420471066061,3,kg/ha,796,19.0525588832576,3,1500,178.401233179594,3,0,0
87,1052,"Reda F., Verkleij J.A.C., Ernst W.H.O.",2005,Ethiopia,14.033359,38.316947,Simplified,Monoculture,Associated plant species,Sorghum,1052_C2,1052_T5,Herb,Weeds,Abundance,standard error,199,148.956369450923,3,174,152.420471066061,3,kg/ha,1160,878.149759437421,3,1500,178.401233179594,3,0,0
88,1052,"Reda F., Verkleij J.A.C., Ernst W.H.O.",2005,Ethiopia,14.033359,38.316947,Simplified,Monoculture,Associated plant species,Sorghum,1052_C2,1052_T6,Herb,Weeds,Abundance,standard error,153,148.956369450923,3,174,152.420471066061,3,kg/ha,1070,384.515279280291,3,1500,178.401233179594,3,0,0
89,1052,"Reda F., Verkleij J.A.C., Ernst W.H.O.",2005,Ethiopia,14.033359,38.316947,Simplified,Monoculture,Associated plant species,Sorghum,1052_C3,1052_T1,Herb,Weeds,Abundance,standard error,155,65.8179306876173,3,162,110.851251684408,3,kg/ha,536,289.252484864002,3,1130,176.669182372025,3,0,0
90,1052,"Reda F., Verkleij J.A.C., Ernst W.H.O.",2005,Ethiopia,14.033359,38.316947,Simplified,Monoculture,Associated plant species,Sorghum,1052_C3,1052_T2,Herb,Weeds,Abundance,standard error,183,53.6935750346352,3,162,110.851251684408,3,kg/ha,993,363.730669589464,3,1130,176.669182372025,3,0,0
91,1052,"Reda F., Verkleij J.A.C., Ernst W.H.O.",2005,Ethiopia,14.033359,38.316947,Simplified,Monoculture,Associated plant species,Sorghum,1052_C3,1052_T3,Herb,Weeds,Abundance,standard error,138,95.2627944162882,3,162,110.851251684408,3,kg/ha,1031,346.410161513775,3,1130,176.669182372025,3,0,0
92,1052,"Reda F., Verkleij J.A.C., Ernst W.H.O.",2005,Ethiopia,14.033359,38.316947,Simplified,Monoculture,Associated plant species,Sorghum,1052_C3,1052_T4,Herb,Weeds,Abundance,standard error,105,19.0525588832576,3,162,110.851251684408,3,kg/ha,796,19.0525588832576,3,1130,176.669182372025,3,0,0
93,1052,"Reda F., Verkleij J.A.C., Ernst W.H.O.",2005,Ethiopia,14.033359,38.316947,Simplified,Monoculture,Associated plant species,Sorghum,1052_C3,1052_T5,Herb,Weeds,Abundance,standard error,199,148.956369450923,3,162,110.851251684408,3,kg/ha,1160,878.149759437421,3,1130,176.669182372025,3,0,0
94,1052,"Reda F., Verkleij J.A.C., Ernst W.H.O.",2005,Ethiopia,14.033359,38.316947,Simplified,Monoculture,Associated plant species,Sorghum,1052_C3,1052_T6,Herb,Weeds,Abundance,standard error,153,148.956369450923,3,162,110.851251684408,3,kg/ha,1070,384.515279280291,3,1130,176.669182372025,3,0,0
95,1052,"Reda F., Verkleij J.A.C., Ernst W.H.O.",2005,Ethiopia,14.40133,37.76384,Simplified,Monoculture,Associated plant species,Sorghum,1052_C4,1052_T7,Herb,Weeds,Abundance,standard error,271,140.296115413079,3,895,415.692193816531,3,kg/ha,2320,694.55237383512,3,1060,148.956369450923,3,0,0
96,1052,"Reda F., Verkleij J.A.C., Ernst W.H.O.",2005,Ethiopia,14.40133,37.76384,Simplified,Monoculture,Associated plant species,Sorghum,1052_C4,1052_T8,Herb,Weeds,Abundance,standard error,286,181.865334794732,3,895,415.692193816531,3,kg/ha,3750,299.644789709416,3,1060,148.956369450923,3,0,0
97,1052,"Reda F., Verkleij J.A.C., Ernst W.H.O.",2005,Ethiopia,14.40133,37.76384,Simplified,Monoculture,Associated plant species,Sorghum,1052_C4,1052_T9,Herb,Weeds,Abundance,standard error,226,131.635861375235,3,895,415.692193816531,3,kg/ha,4880,614.878036686951,3,1060,148.956369450923,3,0,0
98,1052,"Reda F., Verkleij J.A.C., Ernst W.H.O.",2005,Ethiopia,14.40133,37.76384,Simplified,Monoculture,Associated plant species,Sorghum,1052_C4,1052_T10,Herb,Weeds,Abundance,standard error,343,237.290960636936,3,895,415.692193816531,3,kg/ha,1650,438.208854314926,3,1060,148.956369450923,3,0,0
99,1052,"Reda F., Verkleij J.A.C., Ernst W.H.O.",2005,Ethiopia,14.40133,37.76384,Simplified,Monoculture,Associated plant species,Sorghum,1052_C4,1052_T11,Herb,Weeds,Abundance,standard error,340,169.74097914175,3,895,415.692193816531,3,kg/ha,3340,614.878036686951,3,1060,148.956369450923,3,0,0
100,1052,"Reda F., Verkleij J.A.C., Ernst W.H.O.",2005,Ethiopia,14.40133,37.76384,Simplified,Monoculture,Associated plant species,Sorghum,1052_C4,1052_T12,Herb,Weeds,Abundance,standard error,305,154.15252187363,3,895,415.692193816531,3,kg/ha,5020,554.256258422041,3,1060,148.956369450923,3,0,0
101,1052,"Reda F., Verkleij J.A.C., Ernst W.H.O.",2005,Ethiopia,14.40133,37.76384,Simplified,Monoculture,Associated plant species,Sorghum,1052_C5,1052_T7,Herb,Weeds,Abundance,standard error,271,140.296115413079,3,454,285.788383248865,3,kg/ha,2320,694.55237383512,3,2760,575.040868112867,3,0,0
102,1052,"Reda F., Verkleij J.A.C., Ernst W.H.O.",2005,Ethiopia,14.40133,37.76384,Simplified,Monoculture,Associated plant species,Sorghum,1052_C5,1052_T8,Herb,Weeds,Abundance,standard error,286,181.865334794732,3,454,285.788383248865,3,kg/ha,3750,299.644789709416,3,2760,575.040868112867,3,0,0
103,1052,"Reda F., Verkleij J.A.C., Ernst W.H.O.",2005,Ethiopia,14.40133,37.76384,Simplified,Monoculture,Associated plant species,Sorghum,1052_C5,1052_T9,Herb,Weeds,Abundance,standard error,226,131.635861375235,3,454,285.788383248865,3,kg/ha,4880,614.878036686951,3,2760,575.040868112867,3,0,0
104,1052,"Reda F., Verkleij J.A.C., Ernst W.H.O.",2005,Ethiopia,14.40133,37.76384,Simplified,Monoculture,Associated plant species,Sorghum,1052_C5,1052_T10,Herb,Weeds,Abundance,standard error,343,237.290960636936,3,454,285.788383248865,3,kg/ha,1650,438.208854314926,3,2760,575.040868112867,3,0,0
105,1052,"Reda F., Verkleij J.A.C., Ernst W.H.O.",2005,Ethiopia,14.40133,37.76384,Simplified,Monoculture,Associated plant species,Sorghum,1052_C5,1052_T11,Herb,Weeds,Abundance,standard error,340,169.74097914175,3,454,285.788383248865,3,kg/ha,3340,614.878036686951,3,2760,575.040868112867,3,0,0
106,1052,"Reda F., Verkleij J.A.C., Ernst W.H.O.",2005,Ethiopia,14.40133,37.76384,Simplified,Monoculture,Associated plant species,Sorghum,1052_C5,1052_T12,Herb,Weeds,Abundance,standard error,305,154.15252187363,3,454,285.788383248865,3,kg/ha,5020,554.256258422041,3,2760,575.040868112867,3,0,0
107,1052,"Reda F., Verkleij J.A.C., Ernst W.H.O.",2005,Ethiopia,14.40133,37.76384,Simplified,Monoculture,Associated plant species,Sorghum,1052_C6,1052_T7,Herb,Weeds,Abundance,standard error,271,140.296115413079,3,320,214.774300138541,3,kg/ha,2320,694.55237383512,3,3790,1321.55476617505,3,0,0
108,1052,"Reda F., Verkleij J.A.C., Ernst W.H.O.",2005,Ethiopia,14.40133,37.76384,Simplified,Monoculture,Associated plant species,Sorghum,1052_C6,1052_T8,Herb,Weeds,Abundance,standard error,286,181.865334794732,3,320,214.774300138541,3,kg/ha,3750,299.644789709416,3,3790,1321.55476617505,3,0,0
109,1052,"Reda F., Verkleij J.A.C., Ernst W.H.O.",2005,Ethiopia,14.40133,37.76384,Simplified,Monoculture,Associated plant species,Sorghum,1052_C6,1052_T9,Herb,Weeds,Abundance,standard error,226,131.635861375235,3,320,214.774300138541,3,kg/ha,4880,614.878036686951,3,3790,1321.55476617505,3,0,0
110,1052,"Reda F., Verkleij J.A.C., Ernst W.H.O.",2005,Ethiopia,14.40133,37.76384,Simplified,Monoculture,Associated plant species,Sorghum,1052_C6,1052_T10,Herb,Weeds,Abundance,standard error,343,237.290960636936,3,320,214.774300138541,3,kg/ha,1650,438.208854314926,3,3790,1321.55476617505,3,0,0
111,1052,"Reda F., Verkleij J.A.C., Ernst W.H.O.",2005,Ethiopia,14.40133,37.76384,Simplified,Monoculture,Associated plant species,Sorghum,1052_C6,1052_T11,Herb,Weeds,Abundance,standard error,340,169.74097914175,3,320,214.774300138541,3,kg/ha,3340,614.878036686951,3,3790,1321.55476617505,3,0,0
112,1052,"Reda F., Verkleij J.A.C., Ernst W.H.O.",2005,Ethiopia,14.40133,37.76384,Simplified,Monoculture,Associated plant species,Sorghum,1052_C6,1052_T12,Herb,Weeds,Abundance,standard error,305,154.15252187363,3,320,214.774300138541,3,kg/ha,5020,554.256258422041,3,3790,1321.55476617505,3,0,0
163,1137,"Xuan D.T., Guong V.T., Rosling A., Alström S., Chai B., Högberg N.",2012,Viet Nam,10.6,106,Simplified,Monoculture,Crop rotation,Rice,1137_C1,1137_T1,Bacteria,Decomposers,Chao1 Index,standard error,8024.09638554216,3325.301204,4,2722.89156626506,867.4698796,4,kg/ha,5360,144.329897,4,4320,432.98969,4,0,0
164,1137,"Xuan D.T., Guong V.T., Rosling A., Alström S., Chai B., Högberg N.",2012,Viet Nam,10.6,106,Simplified,Monoculture,Crop rotation,Rice,1137_C1,1137_T2,Bacteria,Decomposers,Chao1 Index,standard error,9253.01204819277,771.0843374,4,2722.89156626506,867.4698796,4,kg/ha,5650,336.76976,4,4320,432.98969,4,0,0
165,1137,"Xuan D.T., Guong V.T., Rosling A., Alström S., Chai B., Högberg N.",2012,Viet Nam,10.6,106,Simplified,Monoculture,Crop rotation,Rice,1137_C1,1137_T3,Bacteria,Decomposers,Chao1 Index,standard error,2963.85542168674,1638.5542168,4,2722.89156626506,867.4698796,4,kg/ha,6320,288.659794,4,4320,432.98969,4,0,0
166,1137,"Xuan D.T., Guong V.T., Rosling A., Alström S., Chai B., Högberg N.",2012,Viet Nam,10.6,106,Simplified,Monoculture,Crop rotation,Rice,1137_C1,1137_T1,Bacteria,Decomposers,Shannon-Wiener Index,standard error,7.67441860465116,0.2790697674,4,6.7906976744186,0.2325581396,4,kg/ha,5360,144.329897,4,4320,432.98969,4,0,0
167,1137,"Xuan D.T., Guong V.T., Rosling A., Alström S., Chai B., Högberg N.",2012,Viet Nam,10.6,106,Simplified,Monoculture,Crop rotation,Rice,1137_C1,1137_T2,Bacteria,Decomposers,Shannon-Wiener Index,standard error,7.7906976744186,0.09302325582,4,6.7906976744186,0.2325581396,4,kg/ha,5650,336.76976,4,4320,432.98969,4,0,0
168,1137,"Xuan D.T., Guong V.T., Rosling A., Alström S., Chai B., Högberg N.",2012,Viet Nam,10.6,106,Simplified,Monoculture,Crop rotation,Rice,1137_C1,1137_T3,Bacteria,Decomposers,Shannon-Wiener Index,standard error,6.7906976744186,0.6511627906,4,6.7906976744186,0.2325581396,4,kg/ha,6320,288.659794,4,4320,432.98969,4,0,0
169,1137,"Xuan D.T., Guong V.T., Rosling A., Alström S., Chai B., Högberg N.",2012,Viet Nam,10.6,106,Simplified,Monoculture,Crop rotation,Rice,1137_C1,1137_T1,Bacteria,Decomposers,Chao1 Index,standard error,2674.69879518072,385.5421686,4,3204.81927710843,722.89156620000006,4,kg/ha,5360,144.329897,4,4320,432.98969,4,0,0
170,1137,"Xuan D.T., Guong V.T., Rosling A., Alström S., Chai B., Högberg N.",2012,Viet Nam,10.6,106,Simplified,Monoculture,Crop rotation,Rice,1137_C1,1137_T2,Bacteria,Decomposers,Chao1 Index,standard error,4915.66265060241,481.9277108,4,3204.81927710843,722.89156620000006,4,kg/ha,5650,336.76976,4,4320,432.98969,4,0,0
171,1137,"Xuan D.T., Guong V.T., Rosling A., Alström S., Chai B., Högberg N.",2012,Viet Nam,10.6,106,Simplified,Monoculture,Crop rotation,Rice,1137_C1,1137_T3,Bacteria,Decomposers,Chao1 Index,standard error,4048.19277108433,1542.1686746,4,3204.81927710843,722.89156620000006,4,kg/ha,6320,288.659794,4,4320,432.98969,4,0,0
172,1137,"Xuan D.T., Guong V.T., Rosling A., Alström S., Chai B., Högberg N.",2012,Viet Nam,10.6,106,Simplified,Monoculture,Crop rotation,Rice,1137_C1,1137_T1,Bacteria,Decomposers,Shannon-Wiener Index,standard error,6.86046511627907,0.13953488372,4,6.93023255813953,0.18604651162,4,kg/ha,5360,144.329897,4,4320,432.98969,4,0,0
173,1137,"Xuan D.T., Guong V.T., Rosling A., Alström S., Chai B., Högberg N.",2012,Viet Nam,10.6,106,Simplified,Monoculture,Crop rotation,Rice,1137_C1,1137_T2,Bacteria,Decomposers,Shannon-Wiener Index,standard error,7.25581395348837,0.09302325582,4,6.93023255813953,0.18604651162,4,kg/ha,5650,336.76976,4,4320,432.98969,4,0,0
174,1137,"Xuan D.T., Guong V.T., Rosling A., Alström S., Chai B., Högberg N.",2012,Viet Nam,10.6,106,Simplified,Monoculture,Crop rotation,Rice,1137_C1,1137_T3,Bacteria,Decomposers,Shannon-Wiener Index,standard error,7.04651162790697,0.4186046512,4,6.93023255813953,0.18604651162,4,kg/ha,6320,288.659794,4,4320,432.98969,4,0,0
176,1142,"Bossio D.A., Girvan M.S., Verchot L., Bullimore J., Borelli T., Albrecht A., Scow K.M., Ball A.S., Pretty J.N., Osborn A.M.",2005,Kenya,0.59808146,37.79622573,Simplified,Monoculture,Crop rotation,Maize,1142_C2,1142_T2,Bacteria,Decomposers,Shannon index,standard error,2.49,0.0848528137423857,2,2.59,0.014142135623731,2,kg/ha,1860,NA,NA,1770,NA,NA,NA,NA
177,1142,"Bossio D.A., Girvan M.S., Verchot L., Bullimore J., Borelli T., Albrecht A., Scow K.M., Ball A.S., Pretty J.N., Osborn A.M.",2005,Kenya,0.59808146,37.79622573,Simplified,Monoculture,Crop rotation,Maize,1142_C3,1142_T3,Bacteria,Decomposers,Shannon index,standard error,3.22,0.121243556529821,3,3.33,0.0173205080756888,3,kg/ha,2190,NA,NA,1020,NA,NA,NA,NA
451,1453,"Meng J., Li L., Liu H., Li Y., Li C., Wu G., Yu X., Guo L., Cheng D., Muminov M.A., Liang X., Jiang G.",2016,China,35.4391666666666,117.836388888888,Simplified,Monoculture,Associated plant species,Apple,1453_C1,1453_T1,Bacteria,Decomposers,Shannon index,standard error,8.38095238,0.144337561523904,3,8.61904762,0.391773403548392,3,kg/ha,30476.245,14981.4003413993,30,34023.62,11655.7575774844,30,0,1
453,1453,"Meng J., Li L., Liu H., Li Y., Li C., Wu G., Yu X., Guo L., Cheng D., Muminov M.A., Liang X., Jiang G.",2016,China,35.4391666666666,117.836388888888,Simplified,Monoculture,Associated plant species,Apple,1453_C1,1453_T1,Bacteria,Decomposers,Shannon index,standard error,9.5,0.515491315900382,3,8.86904762,0.329914438712143,3,kg/ha,30476.245,14981.4003413993,30,34023.62,11655.7575774844,30,0,1
536,1505,"Sirrine JR., Letourneau D.K., Shennan C., Sirrine D., Fouch R., Jackson L., Mages A.",2008,United States of America,45,-85.5833333333333,Simplified,Monoculture,Associated plant species,Cherry,1505_C1,1505_T1,Arthropods,Other,Abundance,confidence intervals,153.946215,22.5319179402801,4,41.1271007,8.7368661189466,4,kg/ha,14490,5472,16,13738,3236,16,0,1
537,1505,"Sirrine JR., Letourneau D.K., Shennan C., Sirrine D., Fouch R., Jackson L., Mages A.",2008,United States of America,45,-85.5833333333333,Simplified,Monoculture,Associated plant species,Cherry,1505_C1,1505_T2,Arthropods,Other,Abundance,confidence intervals,105.800051,13.7950518527558,4,41.1271007,8.7368661189466,4,kg/ha,14127,4072,16,13738,3236,16,0,1
538,1505,"Sirrine JR., Letourneau D.K., Shennan C., Sirrine D., Fouch R., Jackson L., Mages A.",2008,United States of America,45,-85.5833333333333,Simplified,Monoculture,Associated plant species,Cherry,1505_C1,1505_T3,Arthropods,Other,Abundance,confidence intervals,97.1656963,23.9095873113927,4,41.1271007,8.7368661189466,4,kg/ha,17129,3980,16,13738,3236,16,0,1
539,1505,"Sirrine JR., Letourneau D.K., Shennan C., Sirrine D., Fouch R., Jackson L., Mages A.",2008,United States of America,45,-85.5833333333333,Simplified,Monoculture,Associated plant species,Cherry,1505_C1,1505_T1,Arthropods,Other,Shannon index,confidence intervals,2.02877698,0.210235990121554,4,2.07194245,0.278054051856537,4,kg/ha,14490,5472,16,13738,3236,16,0,1
540,1505,"Sirrine JR., Letourneau D.K., Shennan C., Sirrine D., Fouch R., Jackson L., Mages A.",2008,United States of America,45,-85.5833333333333,Simplified,Monoculture,Associated plant species,Cherry,1505_C1,1505_T2,Arthropods,Other,Shannon index,confidence intervals,1.91007194,0.267881339768276,4,2.07194245,0.278054051856537,4,kg/ha,14127,4072,16,13738,3236,16,0,1
541,1505,"Sirrine JR., Letourneau D.K., Shennan C., Sirrine D., Fouch R., Jackson L., Mages A.",2008,United States of America,45,-85.5833333333333,Simplified,Monoculture,Associated plant species,Cherry,1505_C1,1505_T3,Arthropods,Other,Shannon index,confidence intervals,2.27697842,0.108508897519079,4,2.07194245,0.278054051856537,4,kg/ha,17129,3980,16,13738,3236,16,0,1
542,1505,"Sirrine JR., Letourneau D.K., Shennan C., Sirrine D., Fouch R., Jackson L., Mages A.",2008,United States of America,45,-85.5833333333333,Simplified,Monoculture,Associated plant species,Cherry,1505_C1,1505_T1,Arthropods,Other,Species richness,confidence intervals,21.2394607,2.56687535825424,4,13.0843669,2.6553882954662,4,kg/ha,14490,5472,16,13738,3236,16,0,1
543,1505,"Sirrine JR., Letourneau D.K., Shennan C., Sirrine D., Fouch R., Jackson L., Mages A.",2008,United States of America,45,-85.5833333333333,Simplified,Monoculture,Associated plant species,Cherry,1505_C1,1505_T2,Arthropods,Other,Species richness,confidence intervals,19.8174343,2.56695746490269,4,13.0843669,2.6553882954662,4,kg/ha,14127,4072,16,13738,3236,16,0,1
544,1505,"Sirrine JR., Letourneau D.K., Shennan C., Sirrine D., Fouch R., Jackson L., Mages A.",2008,United States of America,45,-85.5833333333333,Simplified,Monoculture,Associated plant species,Cherry,1505_C1,1505_T3,Arthropods,Other,Species richness,confidence intervals,19.5216361,2.74390122010921,4,13.0843669,2.6553882954662,4,kg/ha,17129,3980,16,13738,3236,16,0,1
545,1505,"Sirrine JR., Letourneau D.K., Shennan C., Sirrine D., Fouch R., Jackson L., Mages A.",2008,United States of America,45,-85.5833333333333,Simplified,Monoculture,Associated plant species,Cherry,1505_C1,1505_T1,Arthropods,Other,Abundance,confidence intervals,372.769848,37.7073928319749,4,192.625553,48.7434341759212,4,kg/ha,14490,5472,16,13738,3236,16,0,1
546,1505,"Sirrine JR., Letourneau D.K., Shennan C., Sirrine D., Fouch R., Jackson L., Mages A.",2008,United States of America,45,-85.5833333333333,Simplified,Monoculture,Associated plant species,Cherry,1505_C1,1505_T2,Arthropods,Other,Abundance,confidence intervals,405.107783,65.2974963489524,4,192.625553,48.7434341759212,4,kg/ha,14127,4072,16,13738,3236,16,0,1
547,1505,"Sirrine JR., Letourneau D.K., Shennan C., Sirrine D., Fouch R., Jackson L., Mages A.",2008,United States of America,45,-85.5833333333333,Simplified,Monoculture,Associated plant species,Cherry,1505_C1,1505_T3,Arthropods,Other,Abundance,confidence intervals,345.248574,82.7721462456904,4,192.625553,48.7434341759212,4,kg/ha,17129,3980,16,13738,3236,16,0,1
548,1505,"Sirrine JR., Letourneau D.K., Shennan C., Sirrine D., Fouch R., Jackson L., Mages A.",2008,United States of America,45,-85.5833333333333,Simplified,Monoculture,Associated plant species,Cherry,1505_C1,1505_T1,Arthropods,Other,Shannon index,confidence intervals,2.75179856,0.169545151195221,4,2.20143885,0.28144495274372,4,kg/ha,14490,5472,16,13738,3236,16,0,1
549,1505,"Sirrine JR., Letourneau D.K., Shennan C., Sirrine D., Fouch R., Jackson L., Mages A.",2008,United States of America,45,-85.5833333333333,Simplified,Monoculture,Associated plant species,Cherry,1505_C1,1505_T2,Arthropods,Other,Shannon index,confidence intervals,2.63309353,0.125463414523943,4,2.20143885,0.28144495274372,4,kg/ha,14127,4072,16,13738,3236,16,0,1
550,1505,"Sirrine JR., Letourneau D.K., Shennan C., Sirrine D., Fouch R., Jackson L., Mages A.",2008,United States of America,45,-85.5833333333333,Simplified,Monoculture,Associated plant species,Cherry,1505_C1,1505_T3,Arthropods,Other,Shannon index,confidence intervals,2.77338129,0.162763346278618,4,2.20143885,0.28144495274372,4,kg/ha,17129,3980,16,13738,3236,16,0,1
551,1505,"Sirrine JR., Letourneau D.K., Shennan C., Sirrine D., Fouch R., Jackson L., Mages A.",2008,United States of America,45,-85.5833333333333,Simplified,Monoculture,Associated plant species,Cherry,1505_C1,1505_T1,Arthropods,Other,Species richness,confidence intervals,45.2490245,4.69118598331514,4,24.9813602,2.96518357099469,4,kg/ha,14490,5472,16,13738,3236,16,0,1
552,1505,"Sirrine JR., Letourneau D.K., Shennan C., Sirrine D., Fouch R., Jackson L., Mages A.",2008,United States of America,45,-85.5833333333333,Simplified,Monoculture,Associated plant species,Cherry,1505_C1,1505_T2,Arthropods,Other,Species richness,confidence intervals,42.6999861,6.28441892854405,4,24.9813602,2.96518357099469,4,kg/ha,14127,4072,16,13738,3236,16,0,1
553,1505,"Sirrine JR., Letourneau D.K., Shennan C., Sirrine D., Fouch R., Jackson L., Mages A.",2008,United States of America,45,-85.5833333333333,Simplified,Monoculture,Associated plant species,Cherry,1505_C1,1505_T3,Arthropods,Other,Species richness,confidence intervals,40.7138004,3.00944006002521,4,24.9813602,2.96518357099469,4,kg/ha,17129,3980,16,13738,3236,16,0,1
614,1611,"Wan N.-F., Su H., Cavalieri A., Brack B., Wang J.-Y., Weiner J., Fan N.-N., Ji X.-Y., Jiang J.-X.",2020,China,31.78,121.25,Simplified,Monoculture,Combined practices,Cauliflower,1611_C1,1611_T1,Arthropods,Herbivores,Abundance,standard error,113.653933,74.0295185572546,60,167.200906,118.474330505274,60,kg/ha,2820,252.541771920629,3,2624,924.88150001125,3,1,0
615,1611,"Wan N.-F., Su H., Cavalieri A., Brack B., Wang J.-Y., Weiner J., Fan N.-N., Ji X.-Y., Jiang J.-X.",2020,China,31.78,121.25,Simplified,Monoculture,Combined practices,Cauliflower,1611_C1,1611_T1,Arthropods,Natural enemies,Abundance,standard error,97.176291,60.1407678212944,60,72.3310438,48.0715625545654,60,kg/ha,2820,252.541771920629,3,2624,924.88150001125,3,1,0
616,1611,"Wan N.-F., Su H., Cavalieri A., Brack B., Wang J.-Y., Weiner J., Fan N.-N., Ji X.-Y., Jiang J.-X.",2020,China,31.78,121.25,Simplified,Monoculture,Combined practices,Cauliflower,1611_C1,1611_T1,Arthropods,Natural enemies,Shannon index,standard error,3.86841772,0.243425523872498,60,3.70487115,0.194871171015766,60,kg/ha,2820,252.541771920629,3,2624,924.88150001125,3,1,0
617,1611,"Wan N.-F., Su H., Cavalieri A., Brack B., Wang J.-Y., Weiner J., Fan N.-N., Ji X.-Y., Jiang J.-X.",2020,China,31.78,121.25,Simplified,Monoculture,Combined practices,Cauliflower,1611_C1,1611_T1,Arthropods,Natural enemies,Species richness,standard error,18.0251572,1.46150318604981,60,15.3836478,1.94867088891319,60,kg/ha,2820,252.541771920629,3,2624,924.88150001125,3,1,0
618,1611,"Wan N.-F., Su H., Cavalieri A., Brack B., Wang J.-Y., Weiner J., Fan N.-N., Ji X.-Y., Jiang J.-X.",2020,China,31.78,121.25,Simplified,Monoculture,Combined practices,Cauliflower,1611_C1,1611_T1,Arthropods,Herbivores,Abundance,standard error,130.715726,59.3049163572879,60,159.404728,74.1198535700149,60,kg/ha,2820,252.541771920629,3,2624,924.88150001125,3,1,0
619,1611,"Wan N.-F., Su H., Cavalieri A., Brack B., Wang J.-Y., Weiner J., Fan N.-N., Ji X.-Y., Jiang J.-X.",2020,China,31.78,121.25,Simplified,Monoculture,Combined practices,Cauliflower,1611_C1,1611_T1,Arthropods,Natural enemies,Abundance,standard error,136.118884,36.0434089748146,60,98.8510133,36.0434089748146,60,kg/ha,2820,252.541771920629,3,2624,924.88150001125,3,1,0
620,1611,"Wan N.-F., Su H., Cavalieri A., Brack B., Wang J.-Y., Weiner J., Fan N.-N., Ji X.-Y., Jiang J.-X.",2020,China,31.78,121.25,Simplified,Monoculture,Combined practices,Cauliflower,1611_C1,1611_T1,Arthropods,Natural enemies,Shannon index,standard error,3.95695532,0.194871171015766,60,3.83743484,0.146153378261825,60,kg/ha,2820,252.541771920629,3,2624,924.88150001125,3,1,0
621,1611,"Wan N.-F., Su H., Cavalieri A., Brack B., Wang J.-Y., Weiner J., Fan N.-N., Ji X.-Y., Jiang J.-X.",2020,China,31.78,121.25,Simplified,Monoculture,Combined practices,Cauliflower,1611_C1,1611_T1,Arthropods,Natural enemies,Species richness,standard error,20.3522013,1.94867088891319,60,17.0188679,3.89734170036672,60,kg/ha,2820,252.541771920629,3,2624,924.88150001125,3,1,0
622,1611,"Wan N.-F., Su H., Cavalieri A., Brack B., Wang J.-Y., Weiner J., Fan N.-N., Ji X.-Y., Jiang J.-X.",2020,China,31.78,121.25,Simplified,Monoculture,Combined practices,Cauliflower,1611_C1,1611_T1,Arthropods,Herbivores,Abundance,standard error,176.478183,59.2597488509078,60,218.549556,59.2597488509078,60,kg/ha,2820,252.541771920629,3,2624,924.88150001125,3,1,0
623,1611,"Wan N.-F., Su H., Cavalieri A., Brack B., Wang J.-Y., Weiner J., Fan N.-N., Ji X.-Y., Jiang J.-X.",2020,China,31.78,121.25,Simplified,Monoculture,Combined practices,Cauliflower,1611_C1,1611_T1,Arthropods,Natural enemies,Abundance,standard error,136.240778,48.0715625545654,60,126.918511,36.0844607392524,60,kg/ha,2820,252.541771920629,3,2624,924.88150001125,3,1,0
624,1611,"Wan N.-F., Su H., Cavalieri A., Brack B., Wang J.-Y., Weiner J., Fan N.-N., Ji X.-Y., Jiang J.-X.",2020,China,31.78,121.25,Simplified,Monoculture,Combined practices,Cauliflower,1611_C1,1611_T1,Arthropods,Natural enemies,Shannon index,standard error,3.87567801,0.243588963769708,60,3.7813153,0.194871171015766,60,kg/ha,2820,252.541771920629,3,2624,924.88150001125,3,1,0
625,1611,"Wan N.-F., Su H., Cavalieri A., Brack B., Wang J.-Y., Weiner J., Fan N.-N., Ji X.-Y., Jiang J.-X.",2020,China,31.78,121.25,Simplified,Monoculture,Combined practices,Cauliflower,1611_C1,1611_T1,Arthropods,Natural enemies,Species richness,standard error,21.3584906,1.94867088891319,60,17.3333333,2.43583859177657,60,kg/ha,2820,252.541771920629,3,2624,924.88150001125,3,1,0
626,1611,"Wan N.-F., Su H., Cavalieri A., Brack B., Wang J.-Y., Weiner J., Fan N.-N., Ji X.-Y., Jiang J.-X.",2020,China,31.78,121.25,Simplified,Monoculture,Combined practices,Cauliflower,1611_C1,1611_T1,Arthropods,Herbivores,Abundance,standard error,176.320744,74.0746860636347,60,203.097146,88.8896231214424,60,kg/ha,2820,252.541771920629,3,2624,924.88150001125,3,1,0
627,1611,"Wan N.-F., Su H., Cavalieri A., Brack B., Wang J.-Y., Weiner J., Fan N.-N., Ji X.-Y., Jiang J.-X.",2020,China,31.78,121.25,Simplified,Monoculture,Combined practices,Cauliflower,1611_C1,1611_T1,Arthropods,Natural enemies,Abundance,standard error,161.20262,36.1665641132087,60,120.829094,48.0715625545654,60,kg/ha,2820,252.541771920629,3,2624,924.88150001125,3,1,0
628,1611,"Wan N.-F., Su H., Cavalieri A., Brack B., Wang J.-Y., Weiner J., Fan N.-N., Ji X.-Y., Jiang J.-X.",2020,China,31.78,121.25,Simplified,Monoculture,Combined practices,Cauliflower,1611_C1,1611_T1,Arthropods,Natural enemies,Shannon index,standard error,3.869874,0.146153378261825,60,3.7629324,0.341024626737258,60,kg/ha,2820,252.541771920629,3,2624,924.88150001125,3,1,0
629,1611,"Wan N.-F., Su H., Cavalieri A., Brack B., Wang J.-Y., Weiner J., Fan N.-N., Ji X.-Y., Jiang J.-X.",2020,China,31.78,121.25,Simplified,Monoculture,Combined practices,Cauliflower,1611_C1,1611_T1,Arthropods,Natural enemies,Species richness,standard error,22.3018868,1.94867088891319,60,18.0251572,1.94867088891319,60,kg/ha,2820,252.541771920629,3,2624,924.88150001125,3,1,0
630,1611,"Wan N.-F., Su H., Cavalieri A., Brack B., Wang J.-Y., Weiner J., Fan N.-N., Ji X.-Y., Jiang J.-X.",2020,China,31.78,121.25,Simplified,Monoculture,Combined practices,Cauliflower,1611_C1,1611_T1,Arthropods,Herbivores,Abundance,standard error,90.1079586,59.2592895150829,60,113.059161,74.0746860636347,60,kg/ha,2820,252.541771920629,3,2624,924.88150001125,3,1,0
631,1611,"Wan N.-F., Su H., Cavalieri A., Brack B., Wang J.-Y., Weiner J., Fan N.-N., Ji X.-Y., Jiang J.-X.",2020,China,31.78,121.25,Simplified,Monoculture,Combined practices,Cauliflower,1611_C1,1611_T1,Arthropods,Natural enemies,Abundance,standard error,106.980836,36.0434089748146,60,79.029933,36.0844607392524,60,kg/ha,2820,252.541771920629,3,2624,924.88150001125,3,1,0
632,1611,"Wan N.-F., Su H., Cavalieri A., Brack B., Wang J.-Y., Weiner J., Fan N.-N., Ji X.-Y., Jiang J.-X.",2020,China,31.78,121.25,Simplified,Monoculture,Combined practices,Cauliflower,1611_C1,1611_T1,Arthropods,Natural enemies,Shannon index,standard error,4.03388489,0.194871171015766,60,3.83889112,0.146316895618702,60,kg/ha,2820,252.541771920629,3,2624,924.88150001125,3,1,0
633,1611,"Wan N.-F., Su H., Cavalieri A., Brack B., Wang J.-Y., Weiner J., Fan N.-N., Ji X.-Y., Jiang J.-X.",2020,China,31.78,121.25,Simplified,Monoculture,Combined practices,Cauliflower,1611_C1,1611_T1,Arthropods,Natural enemies,Species richness,standard error,21.2955975,2.43583859177657,60,17.081761,1.46150318604981,60,kg/ha,2820,252.541771920629,3,2624,924.88150001125,3,1,0
634,1611,"Wan N.-F., Su H., Cavalieri A., Brack B., Wang J.-Y., Weiner J., Fan N.-N., Ji X.-Y., Jiang J.-X.",2020,China,31.78,121.25,Simplified,Monoculture,Combined practices,Cauliflower,1611_C1,1611_T1,Arthropods,Herbivores,Abundance,standard error,51.7101778,59.2597488509078,60,67.0109791,74.0746860636347,60,kg/ha,2820,252.541771920629,3,2624,924.88150001125,3,1,0
635,1611,"Wan N.-F., Su H., Cavalieri A., Brack B., Wang J.-Y., Weiner J., Fan N.-N., Ji X.-Y., Jiang J.-X.",2020,China,31.78,121.25,Simplified,Monoculture,Combined practices,Cauliflower,1611_C1,1611_T1,Arthropods,Natural enemies,Abundance,standard error,63.6235479,48.1126143190032,60,48.0952684,24.0563071595016,60,kg/ha,2820,252.541771920629,3,2624,924.88150001125,3,1,0
636,1611,"Wan N.-F., Su H., Cavalieri A., Brack B., Wang J.-Y., Weiner J., Fan N.-N., Ji X.-Y., Jiang J.-X.",2020,China,31.78,121.25,Simplified,Monoculture,Combined practices,Cauliflower,1611_C1,1611_T1,Arthropods,Natural enemies,Shannon index,standard error,4.07210696,0.146316895618702,60,3.97774424,0.292306833983316,60,kg/ha,2820,252.541771920629,3,2624,924.88150001125,3,1,0
637,1611,"Wan N.-F., Su H., Cavalieri A., Brack B., Wang J.-Y., Weiner J., Fan N.-N., Ji X.-Y., Jiang J.-X.",2020,China,31.78,121.25,Simplified,Monoculture,Combined practices,Cauliflower,1611_C1,1611_T1,Arthropods,Natural enemies,Species richness,standard error,19.9748428,1.94867088891319,60,18.3396226,1.94867088891319,60,kg/ha,2820,252.541771920629,3,2624,924.88150001125,3,1,0
638,1631,"Zeller S.L., Kalinina O., Flynn D.F.B., Schmid B.",2012,Switzerland,47.428691,8.521699,Simplified,Monoculture,Cultivar mixture,Wheat,1631_C1,1631_T1,Fungi,Pests,Area under disease progress curve (AUDPC),standard error,155.797101,145.951276769107,40,246.544036,145.951276769107,40,g/plant,1.25465839,0.942790836349663,40,1.14285714,0.942790836349663,40,1,1
639,1631,"Zeller S.L., Kalinina O., Flynn D.F.B., Schmid B.",2012,Switzerland,47.428691,8.521699,Simplified,Monoculture,Cultivar mixture,Wheat,1631_C1,1631_T2,Fungi,Pests,Area under disease progress curve (AUDPC),standard error,181.911929,146.303815704585,40,246.544036,145.951276769107,40,g/plant,1.52795031,0.942790836349663,40,1.14285714,0.942790836349663,40,1,1
640,1631,"Zeller S.L., Kalinina O., Flynn D.F.B., Schmid B.",2012,Switzerland,47.428691,8.521699,Simplified,Monoculture,Cultivar mixture,Wheat,1631_C1,1631_T3,Fungi,Pests,Area under disease progress curve (AUDPC),standard error,90.1616499,129.910737812354,40,246.544036,145.951276769107,40,g/plant,1.42857143,0.942790836349663,40,1.14285714,0.942790836349663,40,1,1
641,1631,"Zeller S.L., Kalinina O., Flynn D.F.B., Schmid B.",2012,Switzerland,47.428691,8.521699,Simplified,Monoculture,Cultivar mixture,Wheat,1631_C2,1631_T1,Fungi,Pests,Area under disease progress curve (AUDPC),standard error,155.797101,145.951276769107,40,147.045708,145.951276769107,40,g/plant,1.25465839,0.942790836349663,40,1.37888199,0.942790836349663,40,1,1
642,1631,"Zeller S.L., Kalinina O., Flynn D.F.B., Schmid B.",2012,Switzerland,47.428691,8.521699,Simplified,Monoculture,Cultivar mixture,Wheat,1631_C2,1631_T2,Fungi,Pests,Area under disease progress curve (AUDPC),standard error,181.911929,146.303815704585,40,147.045708,145.951276769107,40,g/plant,1.52795031,0.942790836349663,40,1.37888199,0.942790836349663,40,1,1
643,1631,"Zeller S.L., Kalinina O., Flynn D.F.B., Schmid B.",2012,Switzerland,47.428691,8.521699,Simplified,Monoculture,Cultivar mixture,Wheat,1631_C2,1631_T3,Fungi,Pests,Area under disease progress curve (AUDPC),standard error,90.1616499,129.910737812354,40,147.045708,145.951276769107,40,g/plant,1.42857143,0.942790836349663,40,1.37888199,0.942790836349663,40,1,1
644,1631,"Zeller S.L., Kalinina O., Flynn D.F.B., Schmid B.",2012,Switzerland,47.428691,8.521699,Simplified,Monoculture,Cultivar mixture,Wheat,1631_C3,1631_T1,Fungi,Pests,Area under disease progress curve (AUDPC),standard error,155.797101,145.951276769107,40,119.397993,129.734468028388,40,g/plant,1.25465839,0.942790836349663,40,1.18012422,0.942790836349663,40,1,1
645,1631,"Zeller S.L., Kalinina O., Flynn D.F.B., Schmid B.",2012,Switzerland,47.428691,8.521699,Simplified,Monoculture,Cultivar mixture,Wheat,1631_C3,1631_T2,Fungi,Pests,Area under disease progress curve (AUDPC),standard error,181.911929,146.303815704585,40,119.397993,129.734468028388,40,g/plant,1.52795031,0.942790836349663,40,1.18012422,0.942790836349663,40,1,1
646,1631,"Zeller S.L., Kalinina O., Flynn D.F.B., Schmid B.",2012,Switzerland,47.428691,8.521699,Simplified,Monoculture,Cultivar mixture,Wheat,1631_C3,1631_T3,Fungi,Pests,Area under disease progress curve (AUDPC),standard error,90.1616499,129.910737812354,40,119.397993,129.734468028388,40,g/plant,1.42857143,0.942790836349663,40,1.18012422,0.942790836349663,40,1,1
649,1637,"Vu Q., Ramal A.F., Villegas J.M., Jamoralin A., Bernal C.C., Pasang J.M., Almazan M.L.P., Ramp D., Settele J., Horgan F.G.",2018,Philippines,14.1582,121.268,Simplified,Monoculture,Intercropping,Rice-Vegetables,1637_C1,1637_T1,Insect,Natural enemies,Abundance,standard error,1.95121951,0.337961131071914,3,3.12195122,1.18286396741195,3,kg/ha,2970,2580.75570327763,3,3210,2320.9480821423,3,0,0
650,1637,"Vu Q., Ramal A.F., Villegas J.M., Jamoralin A., Bernal C.C., Pasang J.M., Almazan M.L.P., Ramp D., Settele J., Horgan F.G.",2018,Philippines,14.1582,121.268,Simplified,Monoculture,Intercropping,Rice-Vegetables,1637_C1,1637_T1,Insect,Natural enemies,Abundance,standard error,2.24390244,2.1122570908501,3,1.51219512,0.42245141817002,3,kg/ha,2970,2580.75570327763,3,3210,2320.9480821423,3,0,0
651,1637,"Vu Q., Ramal A.F., Villegas J.M., Jamoralin A., Bernal C.C., Pasang J.M., Almazan M.L.P., Ramp D., Settele J., Horgan F.G.",2018,Philippines,14.1582,121.268,Simplified,Monoculture,Intercropping,Rice-Vegetables,1637_C1,1637_T1,Insect,Natural enemies,Abundance,standard error,5.36585366,3.80206274620967,3,2.92682927,1.26735425451006,3,kg/ha,2970,2580.75570327763,3,3210,2320.9480821423,3,0,0
652,1637,"Vu Q., Ramal A.F., Villegas J.M., Jamoralin A., Bernal C.C., Pasang J.M., Almazan M.L.P., Ramp D., Settele J., Horgan F.G.",2018,Philippines,14.1582,121.268,Simplified,Monoculture,Intercropping,Rice-Vegetables,1637_C1,1637_T1,Insect,Natural enemies,Abundance,standard error,1.429802,0.938707919476169,3,0.58563139,1.57031536725971,3,kg/ha,2970,2580.75570327763,3,3210,2320.9480821423,3,0,0
653,1637,"Vu Q., Ramal A.F., Villegas J.M., Jamoralin A., Bernal C.C., Pasang J.M., Almazan M.L.P., Ramp D., Settele J., Horgan F.G.",2018,Philippines,14.1582,121.268,Simplified,Monoculture,Intercropping,Rice-Vegetables,1637_C1,1637_T1,Insect,Natural enemies,Abundance,standard error,2.56281407,1.82779230618736,3,4.52261307,1.56667911711481,3,kg/ha,2970,2580.75570327763,3,3210,2320.9480821423,3,0,0
654,1637,"Vu Q., Ramal A.F., Villegas J.M., Jamoralin A., Bernal C.C., Pasang J.M., Almazan M.L.P., Ramp D., Settele J., Horgan F.G.",2018,Philippines,14.1582,121.268,Simplified,Monoculture,Intercropping,Rice-Vegetables,1637_C1,1637_T1,Insect,Natural enemies,Abundance,standard error,2.21105528,1.39260366350661,3,1.90954774,1.21852820989841,3,kg/ha,2970,2580.75570327763,3,3210,2320.9480821423,3,0,0
655,1637,"Vu Q., Ramal A.F., Villegas J.M., Jamoralin A., Bernal C.C., Pasang J.M., Almazan M.L.P., Ramp D., Settele J., Horgan F.G.",2018,Philippines,14.1582,121.268,Simplified,Monoculture,Intercropping,Rice-Vegetables,1637_C1,1637_T1,Insect,Pests,Abundance,standard error,7.54901961,3.56598695777831,3,34.6568627,50.5181486118273,3,kg/ha,2970,2580.75570327763,3,3210,2320.9480821423,3,0,0
656,1637,"Vu Q., Ramal A.F., Villegas J.M., Jamoralin A., Bernal C.C., Pasang J.M., Almazan M.L.P., Ramp D., Settele J., Horgan F.G.",2018,Philippines,14.1582,121.268,Simplified,Monoculture,Intercropping,Rice-Vegetables,1637_C1,1637_T1,Insect,Pests,Abundance,standard error,269.607843,339.617804760388,3,267.156863,186.789792531611,3,kg/ha,2970,2580.75570327763,3,3210,2320.9480821423,3,0,0
657,1637,"Vu Q., Ramal A.F., Villegas J.M., Jamoralin A., Bernal C.C., Pasang J.M., Almazan M.L.P., Ramp D., Settele J., Horgan F.G.",2018,Philippines,14.1582,121.268,Simplified,Monoculture,Intercropping,Rice-Vegetables,1637_C1,1637_T1,Insect,Pests,Abundance,standard error,1.01010101,1.00598910400653,3,1.59090909,0.96225045634738,3,kg/ha,2970,2580.75570327763,3,3210,2320.9480821423,3,0,0
658,1637,"Vu Q., Ramal A.F., Villegas J.M., Jamoralin A., Bernal C.C., Pasang J.M., Almazan M.L.P., Ramp D., Settele J., Horgan F.G.",2018,Philippines,14.1582,121.268,Simplified,Monoculture,Intercropping,Rice-Vegetables,1637_C1,1637_T1,Insect,Pests,Abundance,standard error,2.02020202,1.00598910400653,3,0.68181818,0.48112522817369,3,kg/ha,2970,2580.75570327763,3,3210,2320.9480821423,3,0,0
659,1637,"Vu Q., Ramal A.F., Villegas J.M., Jamoralin A., Bernal C.C., Pasang J.M., Almazan M.L.P., Ramp D., Settele J., Horgan F.G.",2018,Philippines,14.1582,121.268,Simplified,Monoculture,Intercropping,Rice-Vegetables,1637_C1,1637_T1,Insect,Natural enemies,Abundance,standard error,1.85365854,0.675922262143828,3,4.29268293,4.90043642652352,3,kg/ha,2970,2580.75570327763,3,3210,2320.9480821423,3,0,0
660,1637,"Vu Q., Ramal A.F., Villegas J.M., Jamoralin A., Bernal C.C., Pasang J.M., Almazan M.L.P., Ramp D., Settele J., Horgan F.G.",2018,Philippines,14.1582,121.268,Simplified,Monoculture,Intercropping,Rice-Vegetables,1637_C1,1637_T1,Insect,Natural enemies,Abundance,standard error,3.65853659,2.70368906589582,3,1.51219512,1.68980567268008,3,kg/ha,2970,2580.75570327763,3,3210,2320.9480821423,3,0,0
661,1637,"Vu Q., Ramal A.F., Villegas J.M., Jamoralin A., Bernal C.C., Pasang J.M., Almazan M.L.P., Ramp D., Settele J., Horgan F.G.",2018,Philippines,14.1582,121.268,Simplified,Monoculture,Intercropping,Rice-Vegetables,1637_C1,1637_T1,Insect,Natural enemies,Abundance,standard error,31.9512195,24.0797306971271,3,25.1219512,10.983736820459,3,kg/ha,2970,2580.75570327763,3,3210,2320.9480821423,3,0,0
662,1637,"Vu Q., Ramal A.F., Villegas J.M., Jamoralin A., Bernal C.C., Pasang J.M., Almazan M.L.P., Ramp D., Settele J., Horgan F.G.",2018,Philippines,14.1582,121.268,Simplified,Monoculture,Intercropping,Rice-Vegetables,1637_C1,1637_T1,Insect,Natural enemies,Abundance,standard error,2.52808518,3.65412262292907,3,3.19136209,2.822340365905,3,kg/ha,2970,2580.75570327763,3,3210,2320.9480821423,3,0,0
663,1637,"Vu Q., Ramal A.F., Villegas J.M., Jamoralin A., Bernal C.C., Pasang J.M., Almazan M.L.P., Ramp D., Settele J., Horgan F.G.",2018,Philippines,14.1582,121.268,Simplified,Monoculture,Intercropping,Rice-Vegetables,1637_C1,1637_T1,Insect,Natural enemies,Abundance,standard error,18.0904523,10.7056406653721,3,8.59296482,2.61113187340502,3,kg/ha,2970,2580.75570327763,3,3210,2320.9480821423,3,0,0
664,1637,"Vu Q., Ramal A.F., Villegas J.M., Jamoralin A., Bernal C.C., Pasang J.M., Almazan M.L.P., Ramp D., Settele J., Horgan F.G.",2018,Philippines,14.1582,121.268,Simplified,Monoculture,Intercropping,Rice-Vegetables,1637_C1,1637_T1,Insect,Natural enemies,Abundance,standard error,8.24120603,1.56667911711481,3,11.4572864,5.04818827588133,3,kg/ha,2970,2580.75570327763,3,3210,2320.9480821423,3,0,0
665,1637,"Vu Q., Ramal A.F., Villegas J.M., Jamoralin A., Bernal C.C., Pasang J.M., Almazan M.L.P., Ramp D., Settele J., Horgan F.G.",2018,Philippines,14.1582,121.268,Simplified,Monoculture,Intercropping,Rice-Vegetables,1637_C1,1637_T1,Insect,Pests,Abundance,standard error,8.23529412,5.34898042800721,3,4.11764706,4.75464927703774,3,kg/ha,2970,2580.75570327763,3,3210,2320.9480821423,3,0,0
666,1637,"Vu Q., Ramal A.F., Villegas J.M., Jamoralin A., Bernal C.C., Pasang J.M., Almazan M.L.P., Ramp D., Settele J., Horgan F.G.",2018,Philippines,14.1582,121.268,Simplified,Monoculture,Intercropping,Rice-Vegetables,1637_C1,1637_T1,Insect,Pests,Abundance,standard error,34.3137255,25.4713354869329,3,31.8627451,29.7165578948833,3,kg/ha,2970,2580.75570327763,3,3210,2320.9480821423,3,0,0
683,1642,"Pardon P., Mertens J., Reubens B., Reheul D., Coussement T., Elsen A., Nelissen V., Verheyen K.",2020,Belgium,50.9166666666666,4.9,Simplified,Monoculture,Agroforestry,Maize,1642_C1,1642_T1,Insect,Decomposers,Species richness,standard error,0.207284,0.4132765,4,0.48702053,0.34456928,4,kg/ha,8800,19170.2895126808,30,9600,12074.7670784989,20,0,1
684,1642,"Pardon P., Mertens J., Reubens B., Reheul D., Coussement T., Elsen A., Nelissen V., Verheyen K.",2020,Belgium,50.9166666666666,4.9,Simplified,Monoculture,Agroforestry,Maize,1642_C1,1642_T1,Diplopoda,Decomposers,Activity-density,standard error,7.52510727,1.80678014,4,14.5372248,5.90315432,4,kg/ha,8800,19170.2895126808,30,9600,12074.7670784989,20,0,1
685,1642,"Pardon P., Mertens J., Reubens B., Reheul D., Coussement T., Elsen A., Nelissen V., Verheyen K.",2020,Belgium,50.9166666666666,4.9,Simplified,Monoculture,Agroforestry,Maize,1642_C1,1642_T1,Diplopoda,Decomposers,Species richness,standard error,2.09549728,0.55714992,4,2.37803068,0.76744186,4,kg/ha,8800,19170.2895126808,30,9600,12074.7670784989,20,0,1
686,1642,"Pardon P., Mertens J., Reubens B., Reheul D., Coussement T., Elsen A., Nelissen V., Verheyen K.",2020,Belgium,50.9166666666666,4.9,Simplified,Monoculture,Agroforestry,Maize,1642_C1,1642_T1,Insect,Natural enemies,Activity-density,standard error,58.1532685,34.4541162,4,43.6752574,18.9429368,4,kg/ha,8800,19170.2895126808,30,9600,12074.7670784989,20,0,1
687,1642,"Pardon P., Mertens J., Reubens B., Reheul D., Coussement T., Elsen A., Nelissen V., Verheyen K.",2020,Belgium,50.9166666666666,4.9,Simplified,Monoculture,Agroforestry,Maize,1642_C1,1642_T1,Insect,Natural enemies,Species richness,standard error,5.19658945,1.2908623,4,5.99517375,0.8088803,4,kg/ha,8800,19170.2895126808,30,9600,12074.7670784989,20,0,1
688,1642,"Pardon P., Mertens J., Reubens B., Reheul D., Coussement T., Elsen A., Nelissen V., Verheyen K.",2020,Belgium,50.9166666666666,4.9,Simplified,Monoculture,Agroforestry,Maize,1642_C1,1642_T1,Insect,Natural enemies,Activity-density,standard error,39.4936709,24.3037974,4,40.5063291,31.392405,4,kg/ha,8800,19170.2895126808,30,9600,12074.7670784989,20,0,1
689,1645,"Twerski A., Fischer C., Albrecht H.",2021,Germany,48.1283333333333,11.4161111111111,Simplified,Monoculture,Intercropping,Spelt-Other,1645_C1,1645_T1,Annelida,Decomposers,Abundance,"median,iqr",77.59197311,23.2675946839792,5,95.98662192,17.8698118286141,5,kg/ha,2818.75,83.8525491562421,5,3075,111.803398874989,5,1,1
690,1645,"Twerski A., Fischer C., Albrecht H.",2021,Germany,48.1283333333333,11.4161111111111,Simplified,Monoculture,Intercropping,Spelt-Other,1645_C2,1645_T2,Annelida,Decomposers,Abundance,"median,iqr",59.56521738,10.2952534292371,5,97.64214045,22.5700167052757,5,kg/ha,1481.25,222.731621015068,5,1375,197.642353760524,5,1,1
691,1647,"Segre H., Segoli M., Carmel Y., Shwartz A.",2020,Israel,32.539677602934,35.4319766650313,Simplified,Monoculture,Embedded natural,Tomato,1647_C2,1647_T1,Arthropods,Natural enemies,Abundance,standard error,12.0863309,4.4858869878683,3,20.7194245,8.97177397573659,3,kg,29.8125,2.92283573777248,3,26.8125,4.87139289628747,3,0,0
692,1647,"Segre H., Segoli M., Carmel Y., Shwartz A.",2020,Israel,32.539677602934,35.4319766650313,Simplified,Monoculture,Embedded natural,Tomato,1647_C2,1647_T1,Arthropods,Pests,Abundance,standard error,322.368421,273.481706731725,3,493.421053,239.296493606766,3,kg,29.8125,2.92283573777248,3,26.8125,4.87139289628747,3,0,0
693,1647,"Segre H., Segoli M., Carmel Y., Shwartz A.",2020,Israel,32.539677602934,35.4319766650313,Simplified,Monoculture,Embedded natural,Tomato,1647_C2,1647_T1,Insect,Other,Abundance,standard error,1.57894737,1.00276625974838,3,1.68421053,1.093926830391,3,kg,29.8125,2.92283573777248,3,26.8125,4.87139289628747,3,0,0
694,1647,"Segre H., Segoli M., Carmel Y., Shwartz A.",2020,Israel,32.539677602934,35.4319766650313,Simplified,Monoculture,Embedded natural,Wheat,1647_C4,1647_T2,Insect,Other,Abundance,standard error,3.96694215,3.83741710156975,11,3.14049587,2.1928097628495,11,kg,193.700787,0.0626763813032118,11,181.102362,0.052230306697260503,11,1,1
695,1647,"Segre H., Segoli M., Carmel Y., Shwartz A.",2020,Israel,32.539677602934,35.4319766650313,Simplified,Monoculture,Embedded natural,Tomato,1647_C2,1647_T1,Insect,Other,Species richness,standard error,0.75213675,0.32568477064006,3,0.76923077,0.384900175610749,3,kg,29.8125,2.92283573777248,3,26.8125,4.87139289628747,3,0,0
696,1647,"Segre H., Segoli M., Carmel Y., Shwartz A.",2020,Israel,32.539677602934,35.4319766650313,Simplified,Monoculture,Embedded natural,Wheat,1647_C2,1647_T2,Insect,Other,Species richness,standard error,1.8245614000000001,1.04735518473519,11,0.76923077,0.384900175610749,3,kg,193.700787,0.0626763813032118,11,26.8125,4.87139289628747,3,0,0
697,1647,"Segre H., Segoli M., Carmel Y., Shwartz A.",2020,Israel,32.539677602934,35.4319766650313,Simplified,Monoculture,Embedded natural,Tomato,1647_C4,1647_T1,Insect,Other,Species richness,standard error,0.75213675,0.32568477064006,3,1.66666667,1.10554158572972,11,kg,29.8125,2.92283573777248,3,181.102362,0.052230306697260503,11,0,0
698,1647,"Segre H., Segoli M., Carmel Y., Shwartz A.",2020,Israel,32.539677602934,35.4319766650313,Simplified,Monoculture,Embedded natural,Wheat,1647_C4,1647_T2,Insect,Other,Species richness,standard error,1.8245614000000001,1.04735518473519,11,1.66666667,1.10554158572972,11,kg,193.700787,0.0626763813032118,11,181.102362,0.052230306697260503,11,1,1
699,1647,"Segre H., Segoli M., Carmel Y., Shwartz A.",2020,Israel,32.539677602934,35.4319766650313,Simplified,Monoculture,Embedded natural,Tomato,1647_C2,1647_T1,Arthropods,Natural enemies,Abundance,standard error,87.0229008,34.3765808368945,3,65.648855,29.0878761060804,3,kg,29.8125,2.92283573777248,3,26.8125,4.87139289628747,3,0,0
700,1647,"Segre H., Segoli M., Carmel Y., Shwartz A.",2020,Israel,32.539677602934,35.4319766650313,Simplified,Monoculture,Embedded natural,Tomato,1647_C2,1647_T1,Arthropods,Pests,Abundance,standard error,65.6704483,38.8497376670194,3,67.2297466,43.7059550269513,3,kg,29.8125,2.92283573777248,3,26.8125,4.87139289628747,3,0,0
701,1647,"Segre H., Segoli M., Carmel Y., Shwartz A.",2020,Israel,32.539677602934,35.4319766650313,Simplified,Monoculture,Embedded natural,Wheat,1647_C3,1647_T2,Arthropods,Natural enemies,Abundance,standard error,2.74346405,3.33288275241273,11,2.01633987,2.49288792450774,11,kg,193.700787,0.0626763813032118,11,195.275591,0.0365612113714576,11,1,1
702,1647,"Segre H., Segoli M., Carmel Y., Shwartz A.",2020,Israel,32.539677602934,35.4319766650313,Simplified,Monoculture,Embedded natural,Wheat,1647_C4,1647_T2,Arthropods,Natural enemies,Abundance,standard error,2.74346405,3.33288275241273,11,2.29084967,2.48746859276655,11,kg,193.700787,0.0626763813032118,11,181.102362,0.052230306697260503,11,1,1
703,1647,"Segre H., Segoli M., Carmel Y., Shwartz A.",2020,Israel,32.539677602934,35.4319766650313,Simplified,Monoculture,Embedded natural,Wheat,1647_C3,1647_T2,Arthropods,Pests,Abundance,standard error,127.272727,195.982374005697,11,95.4545455,150.755672439637,11,kg,193.700787,0.0626763813032118,11,195.275591,0.0365612113714576,11,1,1
704,1647,"Segre H., Segoli M., Carmel Y., Shwartz A.",2020,Israel,32.539677602934,35.4319766650313,Simplified,Monoculture,Embedded natural,Wheat,1647_C4,1647_T2,Arthropods,Pests,Abundance,standard error,127.272727,195.982374005697,11,345.454545,527.644852709575,11,kg,193.700787,0.0626763813032118,11,181.102362,0.052230306697260503,11,1,1
705,1647,"Segre H., Segoli M., Carmel Y., Shwartz A.",2020,Israel,32.539677602934,35.4319766650313,Simplified,Monoculture,Embedded natural,Wheat,1647_C3,1647_T2,Arthropods,Natural enemies,Abundance,standard error,12.5454545,12.6634764782963,11,5.18181818,2.7136021072301,11,kg,193.700787,0.0626763813032118,11,195.275591,0.0365612113714576,11,1,1
706,1647,"Segre H., Segoli M., Carmel Y., Shwartz A.",2020,Israel,32.539677602934,35.4319766650313,Simplified,Monoculture,Embedded natural,Wheat,1647_C4,1647_T2,Arthropods,Natural enemies,Abundance,standard error,12.5454545,12.6634764782963,11,10.6363636,9.04534034637825,11,kg,193.700787,0.0626763813032118,11,181.102362,0.052230306697260503,11,1,1
707,1647,"Segre H., Segoli M., Carmel Y., Shwartz A.",2020,Israel,32.539677602934,35.4319766650313,Simplified,Monoculture,Embedded natural,Wheat,1647_C3,1647_T2,Arthropods,Pests,Abundance,standard error,66.8487279,70.3727978451821,11,24.6404867,8.59882673280748,11,kg,193.700787,0.0626763813032118,11,195.275591,0.0365612113714576,11,1,1
708,1647,"Segre H., Segoli M., Carmel Y., Shwartz A.",2020,Israel,32.539677602934,35.4319766650313,Simplified,Monoculture,Embedded natural,Wheat,1647_C4,1647_T2,Arthropods,Pests,Abundance,standard error,66.8487279,70.3727978451821,11,62.0990044,52.8999819968177,11,kg,193.700787,0.0626763813032118,11,181.102362,0.052230306697260503,11,1,1
709,1647,"Segre H., Segoli M., Carmel Y., Shwartz A.",2020,Israel,32.539677602934,35.4319766650313,Simplified,Monoculture,Embedded natural,Tomato,1647_C2,1647_T1,Herb,Pests,Species richness,standard error,2.62067394,0.615887077525917,3,2.61398777,0.614307880202116,3,kg,29.8125,2.92283573777248,3,26.8125,4.87139289628747,3,0,0
710,1647,"Segre H., Segoli M., Carmel Y., Shwartz A.",2020,Israel,32.539677602934,35.4319766650313,Simplified,Monoculture,Embedded natural,Wheat,1647_C4,1647_T2,Herb,Pests,Species richness,standard error,0.76948675,0.998425881525525,11,0.92717266,1.49763883887141,11,kg,193.700787,0.0626763813032118,11,181.102362,0.052230306697260503,11,1,1
711,1647,"Segre H., Segoli M., Carmel Y., Shwartz A.",2020,Israel,32.539677602934,35.4319766650313,Simplified,Monoculture,Embedded natural,Wheat,1647_C4,1647_T2,Mammals,Pests,Abundance,standard error,0.0994152,0.169029121767035,6,0.03274854,0.0830821115293864,6,kg,193.700787,0.0626763813032118,11,181.102362,0.052230306697260503,11,1,1
712,1661,"TerAvest, D; Carpenter-Boggs, L; Thierfelder, C; Reganold, JP",2015,Malawi,-13.06,34.3,Simplified,Monoculture,Crop rotation,Maize,1661_C1,1661_T1,Insect,Decomposers,Abundance,standard error,394.103296,2792.13735928915,12,1248.37027,2751.66835936507,12,kg/ha,5680,1960,4,4320,990,4,1,0
713,1661,"TerAvest, D; Carpenter-Boggs, L; Thierfelder, C; Reganold, JP",2015,Malawi,-13.06,34.3,Simplified,Monoculture,Crop rotation,Maize,1661_C1,1661_T2,Insect,Decomposers,Abundance,standard error,159.03546,2752.00373982704,12,1248.37027,2751.66835936507,12,kg/ha,4780,2440,4,4320,990,4,1,0
714,1661,"TerAvest, D; Carpenter-Boggs, L; Thierfelder, C; Reganold, JP",2015,Malawi,-13.06,34.3,Simplified,Monoculture,Crop rotation,Maize,1661_C1,1661_T1,Annelida,Decomposers,Abundance,standard error,115.88785,226.623469984087,12,272.897196,226.623469984087,12,kg/ha,5680,1960,4,4320,990,4,1,0
715,1661,"TerAvest, D; Carpenter-Boggs, L; Thierfelder, C; Reganold, JP",2015,Malawi,-13.06,34.3,Simplified,Monoculture,Crop rotation,Maize,1661_C1,1661_T2,Annelida,Decomposers,Abundance,standard error,20.5607477,233.098426348527,12,272.897196,226.623469984087,12,kg/ha,4780,2440,4,4320,990,4,1,0
716,1661,"TerAvest, D; Carpenter-Boggs, L; Thierfelder, C; Reganold, JP",2015,Malawi,-13.47,33.71,Simplified,Monoculture,Crop rotation,Maize,1661_C2,1661_T3,Insect,Decomposers,Abundance,standard error,154.226961,2104.27616445949,12,926.684911,2104.16437443627,12,kg/ha,6870,1250,4,4350,530,4,1,0
718,1661,"TerAvest, D; Carpenter-Boggs, L; Thierfelder, C; Reganold, JP",2015,Malawi,-13.47,33.71,Simplified,Monoculture,Crop rotation,Maize,1661_C2,1661_T3,Annelida,Decomposers,Abundance,standard error,46.728972,174.823819761395,12,78.5046729,168.348863396956,12,kg/ha,6870,1250,4,4350,530,4,1,0
719,1661,"TerAvest, D; Carpenter-Boggs, L; Thierfelder, C; Reganold, JP",2015,Malawi,-13.47,33.71,Simplified,Monoculture,Crop rotation,Maize,1661_C2,1661_T4,Annelida,Decomposers,Abundance,standard error,61.682243,168.348863396956,12,78.5046729,168.348863396956,12,kg/ha,6500,920,4,4350,530,4,1,0
917,198,"Verzeaux J., Alahmad A., Habbib H., Nivelle E., Roger D., Lacoux J., Decocq G., Hirel B., Catterou M., Spicher F., Dubois F., Duclercq J., Tetu T.",2016,France,50.73333,2.366667,Simplified,Monoculture,Associated plant species,Wheat,198_C1,198_T1,Bacteria,Decomposers,Abundance,standard error,978.27,22.5513015145468,3,962.92,86.3600532653842,3,Mg/ha dry matter,7.84,2.21702503368816,3,6.71,1.55884572681199,3,0,0
918,198,"Verzeaux J., Alahmad A., Habbib H., Nivelle E., Roger D., Lacoux J., Decocq G., Hirel B., Catterou M., Spicher F., Dubois F., Duclercq J., Tetu T.",2016,France,50.73333,2.366667,Simplified,Monoculture,Associated plant species,Wheat,198_C1,198_T2,Bacteria,Decomposers,Abundance,standard error,975.7,42.4872063096646,3,962.92,86.3600532653842,3,Mg/ha dry matter,15.32,0.900666419935816,3,6.71,1.55884572681199,3,0,0
919,198,"Verzeaux J., Alahmad A., Habbib H., Nivelle E., Roger D., Lacoux J., Decocq G., Hirel B., Catterou M., Spicher F., Dubois F., Duclercq J., Tetu T.",2016,France,50.73333,2.366667,Simplified,Monoculture,Associated plant species,Wheat,198_C2,198_T1,Bacteria,Decomposers,Abundance,standard error,978.27,22.5513015145468,3,734.23,38.4688484361048,3,Mg/ha dry matter,7.84,2.21702503368816,3,14.45,3.20429399400242,3,0,0
920,198,"Verzeaux J., Alahmad A., Habbib H., Nivelle E., Roger D., Lacoux J., Decocq G., Hirel B., Catterou M., Spicher F., Dubois F., Duclercq J., Tetu T.",2016,France,50.73333,2.366667,Simplified,Monoculture,Associated plant species,Wheat,198_C2,198_T2,Bacteria,Decomposers,Abundance,standard error,975.7,42.4872063096646,3,734.23,38.4688484361048,3,Mg/ha dry matter,15.32,0.900666419935816,3,14.45,3.20429399400242,3,0,0
921,198,"Verzeaux J., Alahmad A., Habbib H., Nivelle E., Roger D., Lacoux J., Decocq G., Hirel B., Catterou M., Spicher F., Dubois F., Duclercq J., Tetu T.",2016,France,50.73333,2.366667,Simplified,Monoculture,Associated plant species,Wheat,198_C1,198_T1,Bacteria,Decomposers,Chao1 Index,standard error,988.29,24.4911984190239,3,966.23,97.6010630065062,3,Mg/ha dry matter,7.84,2.21702503368816,3,6.71,1.55884572681199,3,0,0
922,198,"Verzeaux J., Alahmad A., Habbib H., Nivelle E., Roger D., Lacoux J., Decocq G., Hirel B., Catterou M., Spicher F., Dubois F., Duclercq J., Tetu T.",2016,France,50.73333,2.366667,Simplified,Monoculture,Associated plant species,Wheat,198_C1,198_T2,Bacteria,Decomposers,Chao1 Index,standard error,968.06,51.2513833959631,3,966.23,97.6010630065062,3,Mg/ha dry matter,15.32,0.900666419935816,3,6.71,1.55884572681199,3,0,0
923,198,"Verzeaux J., Alahmad A., Habbib H., Nivelle E., Roger D., Lacoux J., Decocq G., Hirel B., Catterou M., Spicher F., Dubois F., Duclercq J., Tetu T.",2016,France,50.73333,2.366667,Simplified,Monoculture,Associated plant species,Wheat,198_C2,198_T1,Bacteria,Decomposers,Chao1 Index,standard error,988.29,24.4911984190239,3,732.04,60.10216302264,3,Mg/ha dry matter,7.84,2.21702503368816,3,14.45,3.20429399400242,3,0,0
924,198,"Verzeaux J., Alahmad A., Habbib H., Nivelle E., Roger D., Lacoux J., Decocq G., Hirel B., Catterou M., Spicher F., Dubois F., Duclercq J., Tetu T.",2016,France,50.73333,2.366667,Simplified,Monoculture,Associated plant species,Wheat,198_C2,198_T2,Bacteria,Decomposers,Chao1 Index,standard error,968.06,51.2513833959631,3,732.04,60.10216302264,3,Mg/ha dry matter,15.32,0.900666419935816,3,14.45,3.20429399400242,3,0,0
925,198,"Verzeaux J., Alahmad A., Habbib H., Nivelle E., Roger D., Lacoux J., Decocq G., Hirel B., Catterou M., Spicher F., Dubois F., Duclercq J., Tetu T.",2016,France,50.73333,2.366667,Simplified,Monoculture,Associated plant species,Wheat,198_C1,198_T1,Bacteria,Decomposers,Pielou Index,standard error,0.72,0.0173205080756888,3,0.69,0.013856406460551,3,Mg/ha dry matter,7.84,2.21702503368816,3,6.71,1.55884572681199,3,0,0
926,198,"Verzeaux J., Alahmad A., Habbib H., Nivelle E., Roger D., Lacoux J., Decocq G., Hirel B., Catterou M., Spicher F., Dubois F., Duclercq J., Tetu T.",2016,France,50.73333,2.366667,Simplified,Monoculture,Associated plant species,Wheat,198_C1,198_T2,Bacteria,Decomposers,Pielou Index,standard error,0.71,0.00519615242270663,3,0.69,0.013856406460551,3,Mg/ha dry matter,15.32,0.900666419935816,3,6.71,1.55884572681199,3,0,0
927,198,"Verzeaux J., Alahmad A., Habbib H., Nivelle E., Roger D., Lacoux J., Decocq G., Hirel B., Catterou M., Spicher F., Dubois F., Duclercq J., Tetu T.",2016,France,50.73333,2.366667,Simplified,Monoculture,Associated plant species,Wheat,198_C2,198_T1,Bacteria,Decomposers,Pielou Index,standard error,0.72,0.0173205080756888,3,0.52,0.0346410161513775,3,Mg/ha dry matter,7.84,2.21702503368816,3,14.45,3.20429399400242,3,0,0
928,198,"Verzeaux J., Alahmad A., Habbib H., Nivelle E., Roger D., Lacoux J., Decocq G., Hirel B., Catterou M., Spicher F., Dubois F., Duclercq J., Tetu T.",2016,France,50.73333,2.366667,Simplified,Monoculture,Associated plant species,Wheat,198_C2,198_T2,Bacteria,Decomposers,Pielou Index,standard error,0.71,0.00519615242270663,3,0.52,0.0346410161513775,3,Mg/ha dry matter,15.32,0.900666419935816,3,14.45,3.20429399400242,3,0,0
929,198,"Verzeaux J., Alahmad A., Habbib H., Nivelle E., Roger D., Lacoux J., Decocq G., Hirel B., Catterou M., Spicher F., Dubois F., Duclercq J., Tetu T.",2016,France,50.73333,2.366667,Simplified,Monoculture,Associated plant species,Wheat,198_C1,198_T1,Bacteria,Decomposers,Shannon index,standard error,4.81,0.155884572681199,3,4.62,0.00346410161513775,3,Mg/ha dry matter,7.84,2.21702503368816,3,6.71,1.55884572681199,3,0,0
930,198,"Verzeaux J., Alahmad A., Habbib H., Nivelle E., Roger D., Lacoux J., Decocq G., Hirel B., Catterou M., Spicher F., Dubois F., Duclercq J., Tetu T.",2016,France,50.73333,2.366667,Simplified,Monoculture,Associated plant species,Wheat,198_C1,198_T2,Bacteria,Decomposers,Shannon index,standard error,4.77,0.0519615242270663,3,4.62,0.00346410161513775,3,Mg/ha dry matter,15.32,0.900666419935816,3,6.71,1.55884572681199,3,0,0
931,198,"Verzeaux J., Alahmad A., Habbib H., Nivelle E., Roger D., Lacoux J., Decocq G., Hirel B., Catterou M., Spicher F., Dubois F., Duclercq J., Tetu T.",2016,France,50.73333,2.366667,Simplified,Monoculture,Associated plant species,Wheat,198_C2,198_T1,Bacteria,Decomposers,Shannon index,standard error,4.81,0.155884572681199,3,3.32,0.225166604983954,3,Mg/ha dry matter,7.84,2.21702503368816,3,14.45,3.20429399400242,3,0,0
932,198,"Verzeaux J., Alahmad A., Habbib H., Nivelle E., Roger D., Lacoux J., Decocq G., Hirel B., Catterou M., Spicher F., Dubois F., Duclercq J., Tetu T.",2016,France,50.73333,2.366667,Simplified,Monoculture,Associated plant species,Wheat,198_C2,198_T2,Bacteria,Decomposers,Shannon index,standard error,4.77,0.0519615242270663,3,3.32,0.225166604983954,3,Mg/ha dry matter,15.32,0.900666419935816,3,14.45,3.20429399400242,3,0,0
933,198,"Verzeaux J., Alahmad A., Habbib H., Nivelle E., Roger D., Lacoux J., Decocq G., Hirel B., Catterou M., Spicher F., Dubois F., Duclercq J., Tetu T.",2016,France,50.73333,2.366667,Simplified,Monoculture,Associated plant species,Wheat,198_C1,198_T1,Bacteria,Decomposers,Simpson Index,standard error,0.98,0.00346410161513775,3,0.97,0.00121243556529821,3,Mg/ha dry matter,7.84,2.21702503368816,3,6.71,1.55884572681199,3,0,0
934,198,"Verzeaux J., Alahmad A., Habbib H., Nivelle E., Roger D., Lacoux J., Decocq G., Hirel B., Catterou M., Spicher F., Dubois F., Duclercq J., Tetu T.",2016,France,50.73333,2.366667,Simplified,Monoculture,Associated plant species,Wheat,198_C1,198_T2,Bacteria,Decomposers,Simpson Index,standard error,0.98,0.00173205080756888,3,0.97,0.00121243556529821,3,Mg/ha dry matter,15.32,0.900666419935816,3,6.71,1.55884572681199,3,0,0
935,198,"Verzeaux J., Alahmad A., Habbib H., Nivelle E., Roger D., Lacoux J., Decocq G., Hirel B., Catterou M., Spicher F., Dubois F., Duclercq J., Tetu T.",2016,France,50.73333,2.366667,Simplified,Monoculture,Associated plant species,Wheat,198_C2,198_T1,Bacteria,Decomposers,Simpson Index,standard error,0.98,0.00346410161513775,3,0.82,0.0346410161513775,3,Mg/ha dry matter,7.84,2.21702503368816,3,14.45,3.20429399400242,3,0,0
936,198,"Verzeaux J., Alahmad A., Habbib H., Nivelle E., Roger D., Lacoux J., Decocq G., Hirel B., Catterou M., Spicher F., Dubois F., Duclercq J., Tetu T.",2016,France,50.73333,2.366667,Simplified,Monoculture,Associated plant species,Wheat,198_C2,198_T2,Bacteria,Decomposers,Simpson Index,standard error,0.98,0.00173205080756888,3,0.82,0.0346410161513775,3,Mg/ha dry matter,15.32,0.900666419935816,3,14.45,3.20429399400242,3,0,0
941,228,"Wan N.F., Cai Y.M., Shen Y.J., Ji X.Y., Wu X.W., Zheng X.R., Cheng W., Li J., Jiang Y.P., Chen X., Weiner J., Jiang J.X., Nie M., Ju R.T., Yuan T., Tang J.J., Tian W.-D., Zhang H., Li B.",2018,China,31.613843,121.537508,Simplified,Monoculture,Associated plant species,Rice,228_C1,228_T1,Arthropods,Natural enemies,Abundance,standard deviation,90.86162,7.049608,6,80.05222,6.109661,28,kg/ha,8655,240.78,6,8519.88,213.39,28,0,0
942,228,"Wan N.F., Cai Y.M., Shen Y.J., Ji X.Y., Wu X.W., Zheng X.R., Cheng W., Li J., Jiang Y.P., Chen X., Weiner J., Jiang J.X., Nie M., Ju R.T., Yuan T., Tang J.J., Tian W.-D., Zhang H., Li B.",2018,China,31.613843,121.537508,Simplified,Monoculture,Associated plant species,Rice,228_C1,228_T1,Insect,Pests,Abundance,standard deviation,3.315914,0.570071,6,3.767221,0.593824,28,kg/ha,8655,240.78,6,8519.88,213.39,28,0,0
943,228,"Wan N.F., Cai Y.M., Shen Y.J., Ji X.Y., Wu X.W., Zheng X.R., Cheng W., Li J., Jiang Y.P., Chen X., Weiner J., Jiang J.X., Nie M., Ju R.T., Yuan T., Tang J.J., Tian W.-D., Zhang H., Li B.",2018,China,31.613843,121.537508,Simplified,Monoculture,Associated plant species,Rice,228_C1,228_T1,Insect,Pests,Abundance,standard deviation,6.137349,1.214458,6,7.13253,1.484337,28,kg/ha,8655,240.78,6,8519.88,213.39,28,0,0
944,228,"Wan N.F., Cai Y.M., Shen Y.J., Ji X.Y., Wu X.W., Zheng X.R., Cheng W., Li J., Jiang Y.P., Chen X., Weiner J., Jiang J.X., Nie M., Ju R.T., Yuan T., Tang J.J., Tian W.-D., Zhang H., Li B.",2018,China,31.613843,121.537508,Simplified,Monoculture,Associated plant species,Rice,228_C1,228_T1,Insect,Pests,Abundance,standard deviation,27.99511,3.325183,6,33.08068,4.107579,28,kg/ha,8655,240.78,6,8519.88,213.39,28,0,0
948,230,"Parker J.E., Crowder D.W., Eigenbrode S.D., Snyder W.E.",2016,United States of America,46.724864,-116.960371,Simplified,Monoculture,Associated plant species,Broccoli,230_C1,230_T1,Insect,Pests,Abundance,standard error,20.75,12.7421152090224,15,16.25,7.36121593216773,3,whole plant dry weight (g),73.1,39.74483,15,64.2,31.60247,3,0,0
949,230,"Parker J.E., Crowder D.W., Eigenbrode S.D., Snyder W.E.",2016,United States of America,46.724864,-116.960371,Simplified,Monoculture,Associated plant species,Broccoli,230_C1,230_T2,Insect,Pests,Abundance,standard error,25.13,11.5126017910809,6,16.25,7.36121593216773,3,whole plant dry weight (g),128.4,27.91142,6,64.2,31.60247,3,0,0
950,230,"Parker J.E., Crowder D.W., Eigenbrode S.D., Snyder W.E.",2016,United States of America,46.724864,-116.960371,Simplified,Monoculture,Associated plant species,Broccoli,230_C1,230_T3,Insect,Pests,Abundance,standard error,38.7,13.7518180616237,5,16.25,7.36121593216773,3,whole plant dry weight (g),123.9,35.49177,5,64.2,31.60247,3,0,0
951,230,"Parker J.E., Crowder D.W., Eigenbrode S.D., Snyder W.E.",2016,United States of America,46.724864,-116.960371,Simplified,Monoculture,Associated plant species,Broccoli,230_C1,230_T1,Insect,Pests,Abundance,standard error,0.17,0.309838667696593,15,0.17,0.294448637286709,3,whole plant dry weight (g),73.1,39.74483,15,64.2,31.60247,3,0,0
952,230,"Parker J.E., Crowder D.W., Eigenbrode S.D., Snyder W.E.",2016,United States of America,46.724864,-116.960371,Simplified,Monoculture,Associated plant species,Broccoli,230_C1,230_T2,Insect,Pests,Abundance,standard error,0.33,0.293938769133981,6,0.17,0.294448637286709,3,whole plant dry weight (g),128.4,27.91142,6,64.2,31.60247,3,0,0
953,230,"Parker J.E., Crowder D.W., Eigenbrode S.D., Snyder W.E.",2016,United States of America,46.724864,-116.960371,Simplified,Monoculture,Associated plant species,Broccoli,230_C1,230_T3,Insect,Pests,Abundance,standard error,0.2,0.268328157299975,5,0.17,0.294448637286709,3,whole plant dry weight (g),123.9,35.49177,5,64.2,31.60247,3,0,0
957,230,"Parker J.E., Crowder D.W., Eigenbrode S.D., Snyder W.E.",2016,United States of America,48.439611,-122.390482,Simplified,Monoculture,Associated plant species,Broccoli,230_C2,230_T4,Insect,Pests,Abundance,standard error,5.54,3.87019379359742,24,6.2,1.81121506177483,5,whole plant dry weight (g),192.6,70.27142,24,202.2,59.9318,5,1,1
958,230,"Parker J.E., Crowder D.W., Eigenbrode S.D., Snyder W.E.",2016,United States of America,48.439611,-122.390482,Simplified,Monoculture,Associated plant species,Broccoli,230_C2,230_T5,Insect,Pests,Abundance,standard error,3.58,3.52726522960778,24,6.2,1.81121506177483,5,whole plant dry weight (g),182.9,47.62954,24,202.2,59.9318,5,1,1
959,230,"Parker J.E., Crowder D.W., Eigenbrode S.D., Snyder W.E.",2016,United States of America,48.439611,-122.390482,Simplified,Monoculture,Associated plant species,Broccoli,230_C2,230_T6,Insect,Pests,Abundance,standard error,4.4,3.10077409689903,13,6.2,1.81121506177483,5,whole plant dry weight (g),265.7,126.0699,13,202.2,59.9318,5,1,1
960,230,"Parker J.E., Crowder D.W., Eigenbrode S.D., Snyder W.E.",2016,United States of America,48.439611,-122.390482,Simplified,Monoculture,Associated plant species,Broccoli,230_C2,230_T4,Insect,Pests,Abundance,standard error,0.1,0.146969384566991,24,0.1,0.134164078649987,5,whole plant dry weight (g),192.6,70.27142,24,202.2,59.9318,5,1,1
961,230,"Parker J.E., Crowder D.W., Eigenbrode S.D., Snyder W.E.",2016,United States of America,48.439611,-122.390482,Simplified,Monoculture,Associated plant species,Broccoli,230_C2,230_T5,Insect,Pests,Abundance,standard error,0.08,0.146969384566991,24,0.1,0.134164078649987,5,whole plant dry weight (g),182.9,47.62954,24,202.2,59.9318,5,1,1
962,230,"Parker J.E., Crowder D.W., Eigenbrode S.D., Snyder W.E.",2016,United States of America,48.439611,-122.390482,Simplified,Monoculture,Associated plant species,Broccoli,230_C2,230_T6,Insect,Pests,Abundance,standard error,0.06,0.14422205101856,13,0.1,0.134164078649987,5,whole plant dry weight (g),265.7,126.0699,13,202.2,59.9318,5,1,1
965,230,"Parker J.E., Crowder D.W., Eigenbrode S.D., Snyder W.E.",2016,United States of America,46.724864,-116.960371,Simplified,Monoculture,Associated plant species,Broccoli,230_C3,230_T7,Insect,Pests,Abundance,standard error,38.5,19.0070302782944,2,42,24.9043008333902,2,whole plant dry weight (g),268.7,29.08465,2,185.1,15.37002,2,0,0
966,230,"Parker J.E., Crowder D.W., Eigenbrode S.D., Snyder W.E.",2016,United States of America,46.724864,-116.960371,Simplified,Monoculture,Associated plant species,Broccoli,230_C3,230_T8,Insect,Pests,Abundance,standard error,15.8,16.5462986797652,2,42,24.9043008333902,2,whole plant dry weight (g),289.6,16.02361,2,185.1,15.37002,2,0,0
971,230,"Parker J.E., Crowder D.W., Eigenbrode S.D., Snyder W.E.",2016,United States of America,48.439611,-122.390482,Simplified,Monoculture,Associated plant species,Broccoli,230_C4,230_T9,Insect,Pests,Abundance,standard error,1.85,2.80014285349873,8,2.17,3.47827543475211,6,whole plant dry weight (g),153,1451.756,8,136.5,1259.538,6,1,1
972,230,"Parker J.E., Crowder D.W., Eigenbrode S.D., Snyder W.E.",2016,United States of America,48.439611,-122.390482,Simplified,Monoculture,Associated plant species,Broccoli,230_C4,230_T10,Insect,Pests,Abundance,standard error,2.2,3.39411254969543,8,2.17,3.47827543475211,6,whole plant dry weight (g),163.5,1449.477,8,136.5,1259.538,6,1,1
973,230,"Parker J.E., Crowder D.W., Eigenbrode S.D., Snyder W.E.",2016,United States of America,48.439611,-122.390482,Simplified,Monoculture,Associated plant species,Broccoli,230_C4,230_T9,Insect,Pests,Abundance,standard error,0.15,0.282842712474619,8,0.1,0.171464281994822,6,whole plant dry weight (g),153,1451.756,8,136.5,1259.538,6,1,1
974,230,"Parker J.E., Crowder D.W., Eigenbrode S.D., Snyder W.E.",2016,United States of America,48.439611,-122.390482,Simplified,Monoculture,Associated plant species,Broccoli,230_C4,230_T10,Insect,Pests,Abundance,standard error,0.08,0.14142135623731,8,0.1,0.171464281994822,6,whole plant dry weight (g),163.5,1449.477,8,136.5,1259.538,6,1,1
1031,260,"Rossi E., Montagnini F., de Melo Virginio Filho E.",2011,Costa Rica,9.895556,-83.668611,Simplified,Monoculture,Agroforestry,Coffee,260_C1,260_T1,Plants,Autotrophs,Abundance,square error of the mean,72.33,188.603012436175,3,52.67,58.8031249169634,3,kg/ha,2918.182,NA,3,4350,NA,3,0,NA
1032,260,"Rossi E., Montagnini F., de Melo Virginio Filho E.",2011,Costa Rica,9.895556,-83.668611,Simplified,Monoculture,Agroforestry,Coffee,260_C1,260_T2,Plants,Autotrophs,Abundance,square error of the mean,71.33,100.233780234011,3,52.67,58.8031249169634,3,kg/ha,2659.091,NA,3,4350,NA,3,0,NA
1033,260,"Rossi E., Montagnini F., de Melo Virginio Filho E.",2011,Costa Rica,9.895556,-83.668611,Simplified,Monoculture,Agroforestry,Coffee,260_C1,260_T3,Plants,Autotrophs,Abundance,square error of the mean,46.33,2.65003773558038,3,52.67,58.8031249169634,3,kg/ha,477.2727,NA,3,4350,NA,3,0,NA
1034,260,"Rossi E., Montagnini F., de Melo Virginio Filho E.",2011,Costa Rica,9.895556,-83.668611,Simplified,Monoculture,Agroforestry,Coffee,260_C1,260_T4,Plants,Autotrophs,Abundance,square error of the mean,25.33,6.99748526257826,3,52.67,58.8031249169634,3,kg/ha,2454.545,NA,3,4350,NA,3,0,NA
1035,260,"Rossi E., Montagnini F., de Melo Virginio Filho E.",2011,Costa Rica,9.895556,-83.668611,Simplified,Monoculture,Agroforestry,Coffee,260_C1,260_T5,Plants,Autotrophs,Abundance,square error of the mean,34.17,4.45137057545201,3,52.67,58.8031249169634,3,kg/ha,654.5455,NA,3,4350,NA,3,0,NA
1036,260,"Rossi E., Montagnini F., de Melo Virginio Filho E.",2011,Costa Rica,9.895556,-83.668611,Simplified,Monoculture,Agroforestry,Coffee,260_C1,260_T6,Plants,Autotrophs,Abundance,square error of the mean,29.67,26.5176978638795,3,52.67,58.8031249169634,3,kg/ha,2631.818,NA,3,4350,NA,3,0,NA
1037,260,"Rossi E., Montagnini F., de Melo Virginio Filho E.",2011,Costa Rica,9.895556,-83.668611,Simplified,Monoculture,Agroforestry,Coffee,260_C1,260_T7,Plants,Autotrophs,Abundance,square error of the mean,109.7,74.0278515154938,3,52.67,58.8031249169634,3,kg/ha,436.3636,NA,3,4350,NA,3,0,NA
1038,260,"Rossi E., Montagnini F., de Melo Virginio Filho E.",2011,Costa Rica,9.895556,-83.668611,Simplified,Monoculture,Agroforestry,Coffee,260_C1,260_T8,Plants,Autotrophs,Abundance,square error of the mean,56,74.6340692981429,3,52.67,58.8031249169634,3,kg/ha,5127.273,NA,3,4350,NA,3,0,NA
1039,260,"Rossi E., Montagnini F., de Melo Virginio Filho E.",2011,Costa Rica,9.895556,-83.668611,Simplified,Monoculture,Agroforestry,Coffee,260_C1,260_T9,Plants,Autotrophs,Abundance,square error of the mean,49.33,12.2802402256633,3,52.67,58.8031249169634,3,kg/ha,1172.727,NA,3,4350,NA,3,0,NA
1040,260,"Rossi E., Montagnini F., de Melo Virginio Filho E.",2011,Costa Rica,9.895556,-83.668611,Simplified,Monoculture,Agroforestry,Coffee,260_C1,260_T10,Plants,Autotrophs,Abundance,square error of the mean,21.33,23.6424935233152,3,52.67,58.8031249169634,3,kg/ha,1936.364,NA,3,4350,NA,3,0,NA
1041,260,"Rossi E., Montagnini F., de Melo Virginio Filho E.",2011,Costa Rica,9.895556,-83.668611,Simplified,Monoculture,Agroforestry,Coffee,260_C1,260_T11,Plants,Autotrophs,Abundance,square error of the mean,70.25,19.4162895528471,3,52.67,58.8031249169634,3,kg/ha,3709.091,NA,3,4350,NA,3,0,NA
1042,260,"Rossi E., Montagnini F., de Melo Virginio Filho E.",2011,Costa Rica,9.895556,-83.668611,Simplified,Monoculture,Agroforestry,Coffee,260_C1,260_T12,Plants,Autotrophs,Abundance,square error of the mean,22.67,30.5187352293636,3,52.67,58.8031249169634,3,kg/ha,5045.455,NA,3,4350,NA,3,0,NA
1043,260,"Rossi E., Montagnini F., de Melo Virginio Filho E.",2011,Costa Rica,9.895556,-83.668611,Simplified,Monoculture,Agroforestry,Coffee,260_C1,260_T13,Plants,Autotrophs,Abundance,square error of the mean,37,40.945681090928304,3,52.67,58.8031249169634,3,kg/ha,504.5455,NA,3,4350,NA,3,0,NA
1044,260,"Rossi E., Montagnini F., de Melo Virginio Filho E.",2011,Costa Rica,9.895556,-83.668611,Simplified,Monoculture,Agroforestry,Coffee,260_C1,260_T14,Plants,Autotrophs,Abundance,square error of the mean,32.67,30.1203635436228,3,52.67,58.8031249169634,3,kg/ha,2618.182,NA,3,4350,NA,3,0,NA
1045,260,"Rossi E., Montagnini F., de Melo Virginio Filho E.",2011,Costa Rica,9.895556,-83.668611,Simplified,Monoculture,Agroforestry,Coffee,260_C1,260_T15,Plants,Autotrophs,Abundance,square error of the mean,85.67,68.1908402939867,3,52.67,58.8031249169634,3,kg/ha,1677.273,NA,3,4350,NA,3,0,NA
1046,260,"Rossi E., Montagnini F., de Melo Virginio Filho E.",2011,Costa Rica,9.895556,-83.668611,Simplified,Monoculture,Agroforestry,Coffee,260_C1,260_T16,Plants,Autotrophs,Abundance,square error of the mean,53.33,36.061297813584,3,52.67,58.8031249169634,3,kg/ha,1309.091,NA,3,4350,NA,3,0,NA
1047,260,"Rossi E., Montagnini F., de Melo Virginio Filho E.",2011,Costa Rica,9.895556,-83.668611,Simplified,Monoculture,Agroforestry,Coffee,260_C1,260_T17,Plants,Autotrophs,Abundance,square error of the mean,48.33,71.9320700383355,3,52.67,58.8031249169634,3,kg/ha,640.9091,NA,3,4350,NA,3,0,NA
1048,260,"Rossi E., Montagnini F., de Melo Virginio Filho E.",2011,Costa Rica,9.895556,-83.668611,Simplified,Monoculture,Agroforestry,Coffee,260_C1,260_T18,Plants,Autotrophs,Abundance,square error of the mean,30.67,9.99393315967242,3,52.67,58.8031249169634,3,kg/ha,4022.727,NA,3,4350,NA,3,0,NA
1049,260,"Rossi E., Montagnini F., de Melo Virginio Filho E.",2011,Costa Rica,9.895556,-83.668611,Simplified,Monoculture,Agroforestry,Coffee,260_C2,260_T1,Plants,Autotrophs,Abundance,square error of the mean,72.33,188.603012436175,3,21,28.6134793410379,3,kg/ha,2918.182,NA,3,2059.091,NA,3,0,NA
1050,260,"Rossi E., Montagnini F., de Melo Virginio Filho E.",2011,Costa Rica,9.895556,-83.668611,Simplified,Monoculture,Agroforestry,Coffee,260_C2,260_T2,Plants,Autotrophs,Abundance,square error of the mean,71.33,100.233780234011,3,21,28.6134793410379,3,kg/ha,2659.091,NA,3,2059.091,NA,3,0,NA
1051,260,"Rossi E., Montagnini F., de Melo Virginio Filho E.",2011,Costa Rica,9.895556,-83.668611,Simplified,Monoculture,Agroforestry,Coffee,260_C2,260_T3,Plants,Autotrophs,Abundance,square error of the mean,46.33,2.65003773558038,3,21,28.6134793410379,3,kg/ha,477.2727,NA,3,2059.091,NA,3,0,NA
1052,260,"Rossi E., Montagnini F., de Melo Virginio Filho E.",2011,Costa Rica,9.895556,-83.668611,Simplified,Monoculture,Agroforestry,Coffee,260_C2,260_T4,Plants,Autotrophs,Abundance,square error of the mean,25.33,6.99748526257826,3,21,28.6134793410379,3,kg/ha,2454.545,NA,3,2059.091,NA,3,0,NA
1053,260,"Rossi E., Montagnini F., de Melo Virginio Filho E.",2011,Costa Rica,9.895556,-83.668611,Simplified,Monoculture,Agroforestry,Coffee,260_C2,260_T5,Plants,Autotrophs,Abundance,square error of the mean,34.17,4.45137057545201,3,21,28.6134793410379,3,kg/ha,654.5455,NA,3,2059.091,NA,3,0,NA
1054,260,"Rossi E., Montagnini F., de Melo Virginio Filho E.",2011,Costa Rica,9.895556,-83.668611,Simplified,Monoculture,Agroforestry,Coffee,260_C2,260_T6,Plants,Autotrophs,Abundance,square error of the mean,29.67,26.5176978638795,3,21,28.6134793410379,3,kg/ha,2631.818,NA,3,2059.091,NA,3,0,NA
1055,260,"Rossi E., Montagnini F., de Melo Virginio Filho E.",2011,Costa Rica,9.895556,-83.668611,Simplified,Monoculture,Agroforestry,Coffee,260_C2,260_T7,Plants,Autotrophs,Abundance,square error of the mean,109.7,74.0278515154938,3,21,28.6134793410379,3,kg/ha,436.3636,NA,3,2059.091,NA,3,0,NA
1056,260,"Rossi E., Montagnini F., de Melo Virginio Filho E.",2011,Costa Rica,9.895556,-83.668611,Simplified,Monoculture,Agroforestry,Coffee,260_C2,260_T8,Plants,Autotrophs,Abundance,square error of the mean,56,74.6340692981429,3,21,28.6134793410379,3,kg/ha,5127.273,NA,3,2059.091,NA,3,0,NA
1057,260,"Rossi E., Montagnini F., de Melo Virginio Filho E.",2011,Costa Rica,9.895556,-83.668611,Simplified,Monoculture,Agroforestry,Coffee,260_C2,260_T9,Plants,Autotrophs,Abundance,square error of the mean,49.33,12.2802402256633,3,21,28.6134793410379,3,kg/ha,1172.727,NA,3,2059.091,NA,3,0,NA
1058,260,"Rossi E., Montagnini F., de Melo Virginio Filho E.",2011,Costa Rica,9.895556,-83.668611,Simplified,Monoculture,Agroforestry,Coffee,260_C2,260_T10,Plants,Autotrophs,Abundance,square error of the mean,21.33,23.6424935233152,3,21,28.6134793410379,3,kg/ha,1936.364,NA,3,2059.091,NA,3,0,NA
1059,260,"Rossi E., Montagnini F., de Melo Virginio Filho E.",2011,Costa Rica,9.895556,-83.668611,Simplified,Monoculture,Agroforestry,Coffee,260_C2,260_T11,Plants,Autotrophs,Abundance,square error of the mean,70.25,19.4162895528471,3,21,28.6134793410379,3,kg/ha,3709.091,NA,3,2059.091,NA,3,0,NA
1060,260,"Rossi E., Montagnini F., de Melo Virginio Filho E.",2011,Costa Rica,9.895556,-83.668611,Simplified,Monoculture,Agroforestry,Coffee,260_C2,260_T12,Plants,Autotrophs,Abundance,square error of the mean,22.67,30.5187352293636,3,21,28.6134793410379,3,kg/ha,5045.455,NA,3,2059.091,NA,3,0,NA
1061,260,"Rossi E., Montagnini F., de Melo Virginio Filho E.",2011,Costa Rica,9.895556,-83.668611,Simplified,Monoculture,Agroforestry,Coffee,260_C2,260_T13,Plants,Autotrophs,Abundance,square error of the mean,37,40.945681090928304,3,21,28.6134793410379,3,kg/ha,504.5455,NA,3,2059.091,NA,3,0,NA
1062,260,"Rossi E., Montagnini F., de Melo Virginio Filho E.",2011,Costa Rica,9.895556,-83.668611,Simplified,Monoculture,Agroforestry,Coffee,260_C2,260_T14,Plants,Autotrophs,Abundance,square error of the mean,32.67,30.1203635436228,3,21,28.6134793410379,3,kg/ha,2618.182,NA,3,2059.091,NA,3,0,NA
1063,260,"Rossi E., Montagnini F., de Melo Virginio Filho E.",2011,Costa Rica,9.895556,-83.668611,Simplified,Monoculture,Agroforestry,Coffee,260_C2,260_T15,Plants,Autotrophs,Abundance,square error of the mean,85.67,68.1908402939867,3,21,28.6134793410379,3,kg/ha,1677.273,NA,3,2059.091,NA,3,0,NA
1064,260,"Rossi E., Montagnini F., de Melo Virginio Filho E.",2011,Costa Rica,9.895556,-83.668611,Simplified,Monoculture,Agroforestry,Coffee,260_C2,260_T16,Plants,Autotrophs,Abundance,square error of the mean,53.33,36.061297813584,3,21,28.6134793410379,3,kg/ha,1309.091,NA,3,2059.091,NA,3,0,NA
1065,260,"Rossi E., Montagnini F., de Melo Virginio Filho E.",2011,Costa Rica,9.895556,-83.668611,Simplified,Monoculture,Agroforestry,Coffee,260_C2,260_T17,Plants,Autotrophs,Abundance,square error of the mean,48.33,71.9320700383355,3,21,28.6134793410379,3,kg/ha,640.9091,NA,3,2059.091,NA,3,0,NA
1066,260,"Rossi E., Montagnini F., de Melo Virginio Filho E.",2011,Costa Rica,9.895556,-83.668611,Simplified,Monoculture,Agroforestry,Coffee,260_C2,260_T18,Plants,Autotrophs,Abundance,square error of the mean,30.67,9.99393315967242,3,21,28.6134793410379,3,kg/ha,4022.727,NA,3,2059.091,NA,3,0,NA
1067,260,"Rossi E., Montagnini F., de Melo Virginio Filho E.",2011,Costa Rica,9.895556,-83.668611,Simplified,Monoculture,Agroforestry,Coffee,260_C1,260_T1,Plants,Autotrophs,Species richness,square error of the mean,4.7,1.00458946838995,3,6.7,3.22161450207811,3,kg/ha,2918.182,NA,3,4350,NA,3,0,NA
1068,260,"Rossi E., Montagnini F., de Melo Virginio Filho E.",2011,Costa Rica,9.895556,-83.668611,Simplified,Monoculture,Agroforestry,Coffee,260_C1,260_T2,Plants,Autotrophs,Species richness,square error of the mean,17.7,2.65003773558038,3,6.7,3.22161450207811,3,kg/ha,2659.091,NA,3,4350,NA,3,0,NA
1069,260,"Rossi E., Montagnini F., de Melo Virginio Filho E.",2011,Costa Rica,9.895556,-83.668611,Simplified,Monoculture,Agroforestry,Coffee,260_C1,260_T3,Plants,Autotrophs,Species richness,square error of the mean,17.3,4.00103736548411,3,6.7,3.22161450207811,3,kg/ha,477.2727,NA,3,4350,NA,3,0,NA
1070,260,"Rossi E., Montagnini F., de Melo Virginio Filho E.",2011,Costa Rica,9.895556,-83.668611,Simplified,Monoculture,Agroforestry,Coffee,260_C1,260_T4,Plants,Autotrophs,Species richness,square error of the mean,12.7,1.99185842870421,3,6.7,3.22161450207811,3,kg/ha,2454.545,NA,3,4350,NA,3,0,NA
1071,260,"Rossi E., Montagnini F., de Melo Virginio Filho E.",2011,Costa Rica,9.895556,-83.668611,Simplified,Monoculture,Agroforestry,Coffee,260_C1,260_T5,Plants,Autotrophs,Species richness,square error of the mean,15,2.99644789709416,3,6.7,3.22161450207811,3,kg/ha,654.5455,NA,3,4350,NA,3,0,NA
1072,260,"Rossi E., Montagnini F., de Melo Virginio Filho E.",2011,Costa Rica,9.895556,-83.668611,Simplified,Monoculture,Agroforestry,Coffee,260_C1,260_T6,Plants,Autotrophs,Species richness,square error of the mean,13,3.46410161513775,3,6.7,3.22161450207811,3,kg/ha,2631.818,NA,3,4350,NA,3,0,NA
1073,260,"Rossi E., Montagnini F., de Melo Virginio Filho E.",2011,Costa Rica,9.895556,-83.668611,Simplified,Monoculture,Agroforestry,Coffee,260_C1,260_T7,Plants,Autotrophs,Species richness,square error of the mean,15,5.99289579418831,3,6.7,3.22161450207811,3,kg/ha,436.3636,NA,3,4350,NA,3,0,NA
1074,260,"Rossi E., Montagnini F., de Melo Virginio Filho E.",2011,Costa Rica,9.895556,-83.668611,Simplified,Monoculture,Agroforestry,Coffee,260_C1,260_T8,Plants,Autotrophs,Species richness,square error of the mean,13,10.3923048454133,3,6.7,3.22161450207811,3,kg/ha,5127.273,NA,3,4350,NA,3,0,NA
1075,260,"Rossi E., Montagnini F., de Melo Virginio Filho E.",2011,Costa Rica,9.895556,-83.668611,Simplified,Monoculture,Agroforestry,Coffee,260_C1,260_T9,Plants,Autotrophs,Species richness,square error of the mean,13,4.58993464005752,3,6.7,3.22161450207811,3,kg/ha,1172.727,NA,3,4350,NA,3,0,NA
1076,260,"Rossi E., Montagnini F., de Melo Virginio Filho E.",2011,Costa Rica,9.895556,-83.668611,Simplified,Monoculture,Agroforestry,Coffee,260_C1,260_T10,Plants,Autotrophs,Species richness,square error of the mean,8.3,1.99185842870421,3,6.7,3.22161450207811,3,kg/ha,1936.364,NA,3,4350,NA,3,0,NA
1077,260,"Rossi E., Montagnini F., de Melo Virginio Filho E.",2011,Costa Rica,9.895556,-83.668611,Simplified,Monoculture,Agroforestry,Coffee,260_C1,260_T11,Plants,Autotrophs,Species richness,square error of the mean,8,5.61184461652316,3,6.7,3.22161450207811,3,kg/ha,3709.091,NA,3,4350,NA,3,0,NA
1078,260,"Rossi E., Montagnini F., de Melo Virginio Filho E.",2011,Costa Rica,9.895556,-83.668611,Simplified,Monoculture,Agroforestry,Coffee,260_C1,260_T12,Plants,Autotrophs,Species richness,square error of the mean,9.7,9.54359994970451,3,6.7,3.22161450207811,3,kg/ha,5045.455,NA,3,4350,NA,3,0,NA
1079,260,"Rossi E., Montagnini F., de Melo Virginio Filho E.",2011,Costa Rica,9.895556,-83.668611,Simplified,Monoculture,Agroforestry,Coffee,260_C1,260_T13,Plants,Autotrophs,Species richness,square error of the mean,8.7,8.88542064282834,3,6.7,3.22161450207811,3,kg/ha,504.5455,NA,3,4350,NA,3,0,NA
1080,260,"Rossi E., Montagnini F., de Melo Virginio Filho E.",2011,Costa Rica,9.895556,-83.668611,Simplified,Monoculture,Agroforestry,Coffee,260_C1,260_T14,Plants,Autotrophs,Species richness,square error of the mean,11,1.73205080756888,3,6.7,3.22161450207811,3,kg/ha,2618.182,NA,3,4350,NA,3,0,NA
1081,260,"Rossi E., Montagnini F., de Melo Virginio Filho E.",2011,Costa Rica,9.895556,-83.668611,Simplified,Monoculture,Agroforestry,Coffee,260_C1,260_T15,Plants,Autotrophs,Species richness,square error of the mean,2.3,2.65003773558038,3,6.7,3.22161450207811,3,kg/ha,1677.273,NA,3,4350,NA,3,0,NA
1082,260,"Rossi E., Montagnini F., de Melo Virginio Filho E.",2011,Costa Rica,9.895556,-83.668611,Simplified,Monoculture,Agroforestry,Coffee,260_C1,260_T16,Plants,Autotrophs,Species richness,square error of the mean,13,5.19615242270663,3,6.7,3.22161450207811,3,kg/ha,1309.091,NA,3,4350,NA,3,0,NA
1083,260,"Rossi E., Montagnini F., de Melo Virginio Filho E.",2011,Costa Rica,9.895556,-83.668611,Simplified,Monoculture,Agroforestry,Coffee,260_C1,260_T17,Plants,Autotrophs,Species richness,square error of the mean,9.7,3.60266567974326,3,6.7,3.22161450207811,3,kg/ha,640.9091,NA,3,4350,NA,3,0,NA
1084,260,"Rossi E., Montagnini F., de Melo Virginio Filho E.",2011,Costa Rica,9.895556,-83.668611,Simplified,Monoculture,Agroforestry,Coffee,260_C1,260_T18,Plants,Autotrophs,Species richness,square error of the mean,10.7,6.56447256068604,3,6.7,3.22161450207811,3,kg/ha,4022.727,NA,3,4350,NA,3,0,NA
1085,260,"Rossi E., Montagnini F., de Melo Virginio Filho E.",2011,Costa Rica,9.895556,-83.668611,Simplified,Monoculture,Agroforestry,Coffee,260_C2,260_T1,Plants,Autotrophs,Species richness,square error of the mean,4.7,1.00458946838995,3,10.3,10.4442663696403,3,kg/ha,2918.182,NA,3,2059.091,NA,3,0,NA
1086,260,"Rossi E., Montagnini F., de Melo Virginio Filho E.",2011,Costa Rica,9.895556,-83.668611,Simplified,Monoculture,Agroforestry,Coffee,260_C2,260_T2,Plants,Autotrophs,Species richness,square error of the mean,17.7,2.65003773558038,3,10.3,10.4442663696403,3,kg/ha,2659.091,NA,3,2059.091,NA,3,0,NA
1087,260,"Rossi E., Montagnini F., de Melo Virginio Filho E.",2011,Costa Rica,9.895556,-83.668611,Simplified,Monoculture,Agroforestry,Coffee,260_C2,260_T3,Plants,Autotrophs,Species richness,square error of the mean,17.3,4.00103736548411,3,10.3,10.4442663696403,3,kg/ha,477.2727,NA,3,2059.091,NA,3,0,NA
1088,260,"Rossi E., Montagnini F., de Melo Virginio Filho E.",2011,Costa Rica,9.895556,-83.668611,Simplified,Monoculture,Agroforestry,Coffee,260_C2,260_T4,Plants,Autotrophs,Species richness,square error of the mean,12.7,1.99185842870421,3,10.3,10.4442663696403,3,kg/ha,2454.545,NA,3,2059.091,NA,3,0,NA
1089,260,"Rossi E., Montagnini F., de Melo Virginio Filho E.",2011,Costa Rica,9.895556,-83.668611,Simplified,Monoculture,Agroforestry,Coffee,260_C2,260_T5,Plants,Autotrophs,Species richness,square error of the mean,15,2.99644789709416,3,10.3,10.4442663696403,3,kg/ha,654.5455,NA,3,2059.091,NA,3,0,NA
1090,260,"Rossi E., Montagnini F., de Melo Virginio Filho E.",2011,Costa Rica,9.895556,-83.668611,Simplified,Monoculture,Agroforestry,Coffee,260_C2,260_T6,Plants,Autotrophs,Species richness,square error of the mean,13,3.46410161513775,3,10.3,10.4442663696403,3,kg/ha,2631.818,NA,3,2059.091,NA,3,0,NA
1091,260,"Rossi E., Montagnini F., de Melo Virginio Filho E.",2011,Costa Rica,9.895556,-83.668611,Simplified,Monoculture,Agroforestry,Coffee,260_C2,260_T7,Plants,Autotrophs,Species richness,square error of the mean,15,5.99289579418831,3,10.3,10.4442663696403,3,kg/ha,436.3636,NA,3,2059.091,NA,3,0,NA
1092,260,"Rossi E., Montagnini F., de Melo Virginio Filho E.",2011,Costa Rica,9.895556,-83.668611,Simplified,Monoculture,Agroforestry,Coffee,260_C2,260_T8,Plants,Autotrophs,Species richness,square error of the mean,13,10.3923048454133,3,10.3,10.4442663696403,3,kg/ha,5127.273,NA,3,2059.091,NA,3,0,NA
1093,260,"Rossi E., Montagnini F., de Melo Virginio Filho E.",2011,Costa Rica,9.895556,-83.668611,Simplified,Monoculture,Agroforestry,Coffee,260_C2,260_T9,Plants,Autotrophs,Species richness,square error of the mean,13,4.58993464005752,3,10.3,10.4442663696403,3,kg/ha,1172.727,NA,3,2059.091,NA,3,0,NA
1094,260,"Rossi E., Montagnini F., de Melo Virginio Filho E.",2011,Costa Rica,9.895556,-83.668611,Simplified,Monoculture,Agroforestry,Coffee,260_C2,260_T10,Plants,Autotrophs,Species richness,square error of the mean,8.3,1.99185842870421,3,10.3,10.4442663696403,3,kg/ha,1936.364,NA,3,2059.091,NA,3,0,NA
1095,260,"Rossi E., Montagnini F., de Melo Virginio Filho E.",2011,Costa Rica,9.895556,-83.668611,Simplified,Monoculture,Agroforestry,Coffee,260_C2,260_T11,Plants,Autotrophs,Species richness,square error of the mean,8,5.61184461652316,3,10.3,10.4442663696403,3,kg/ha,3709.091,NA,3,2059.091,NA,3,0,NA
1096,260,"Rossi E., Montagnini F., de Melo Virginio Filho E.",2011,Costa Rica,9.895556,-83.668611,Simplified,Monoculture,Agroforestry,Coffee,260_C2,260_T12,Plants,Autotrophs,Species richness,square error of the mean,9.7,9.54359994970451,3,10.3,10.4442663696403,3,kg/ha,5045.455,NA,3,2059.091,NA,3,0,NA
1097,260,"Rossi E., Montagnini F., de Melo Virginio Filho E.",2011,Costa Rica,9.895556,-83.668611,Simplified,Monoculture,Agroforestry,Coffee,260_C2,260_T13,Plants,Autotrophs,Species richness,square error of the mean,8.7,8.88542064282834,3,10.3,10.4442663696403,3,kg/ha,504.5455,NA,3,2059.091,NA,3,0,NA
1098,260,"Rossi E., Montagnini F., de Melo Virginio Filho E.",2011,Costa Rica,9.895556,-83.668611,Simplified,Monoculture,Agroforestry,Coffee,260_C2,260_T14,Plants,Autotrophs,Species richness,square error of the mean,11,1.73205080756888,3,10.3,10.4442663696403,3,kg/ha,2618.182,NA,3,2059.091,NA,3,0,NA
1099,260,"Rossi E., Montagnini F., de Melo Virginio Filho E.",2011,Costa Rica,9.895556,-83.668611,Simplified,Monoculture,Agroforestry,Coffee,260_C2,260_T15,Plants,Autotrophs,Species richness,square error of the mean,2.3,2.65003773558038,3,10.3,10.4442663696403,3,kg/ha,1677.273,NA,3,2059.091,NA,3,0,NA
1100,260,"Rossi E., Montagnini F., de Melo Virginio Filho E.",2011,Costa Rica,9.895556,-83.668611,Simplified,Monoculture,Agroforestry,Coffee,260_C2,260_T16,Plants,Autotrophs,Species richness,square error of the mean,13,5.19615242270663,3,10.3,10.4442663696403,3,kg/ha,1309.091,NA,3,2059.091,NA,3,0,NA
1101,260,"Rossi E., Montagnini F., de Melo Virginio Filho E.",2011,Costa Rica,9.895556,-83.668611,Simplified,Monoculture,Agroforestry,Coffee,260_C2,260_T17,Plants,Autotrophs,Species richness,square error of the mean,9.7,3.60266567974326,3,10.3,10.4442663696403,3,kg/ha,640.9091,NA,3,2059.091,NA,3,0,NA
1102,260,"Rossi E., Montagnini F., de Melo Virginio Filho E.",2011,Costa Rica,9.895556,-83.668611,Simplified,Monoculture,Agroforestry,Coffee,260_C2,260_T18,Plants,Autotrophs,Species richness,square error of the mean,10.7,6.56447256068604,3,10.3,10.4442663696403,3,kg/ha,4022.727,NA,3,2059.091,NA,3,0,NA
1113,280,"Akbulut S., Keten A., Stamps W.T.",2003,Turkey,40.849605,31.201234,Simplified,Monoculture,Agroforestry,Maize,280_C1,280_T1,Arthropods,Natural enemies,Simpson Index,standard error,2.37,14.4029996875651,96,2.26,8.38312590863337,12,kg/ha,790.4761905,336.7175149,2,4095.238095,808.1220356,2,NA,NA
1114,280,"Akbulut S., Keten A., Stamps W.T.",2003,Turkey,40.849605,31.201234,Simplified,Monoculture,Agroforestry,Maize,280_C1,280_T1,Arthropods,Natural enemies,Species Eveness,standard error,0.82,1.17575507653593,96,0.81,0.381051177665153,12,kg/ha,790.4761905,336.7175149,2,4095.238095,808.1220356,2,NA,NA
1115,280,"Akbulut S., Keten A., Stamps W.T.",2003,Turkey,40.849605,31.201234,Simplified,Monoculture,Agroforestry,Maize,280_C1,280_T1,Arthropods,Natural enemies,Species richness,standard error,7.31,44.9726316774991,96,7.08,20.4381995293128,12,kg/ha,790.4761905,336.7175149,2,4095.238095,808.1220356,2,NA,NA
1116,280,"Akbulut S., Keten A., Stamps W.T.",2003,Turkey,40.849605,31.201234,Simplified,Monoculture,Agroforestry,Green bean,280_C2,280_T2,Arthropods,Natural enemies,Simpson Index,standard error,2.02,14.8928976361217,96,2.13,5.92361376188556,12,kg/ha,1385.714286,239.0694355,2,238.0952381,148.1557065,2,NA,NA
1117,280,"Akbulut S., Keten A., Stamps W.T.",2003,Turkey,40.849605,31.201234,Simplified,Monoculture,Agroforestry,Green bean,280_C2,280_T2,Arthropods,Natural enemies,Species Eveness,standard error,0.82,1.27373466624725,96,0.85,0.450333209967908,12,kg/ha,1385.714286,239.0694355,2,238.0952381,148.1557065,2,NA,NA
1118,280,"Akbulut S., Keten A., Stamps W.T.",2003,Turkey,40.849605,31.201234,Simplified,Monoculture,Agroforestry,Green bean,280_C2,280_T2,Arthropods,Natural enemies,Species richness,standard error,6.39,40.3675909610668,96,6.92,17.251226043386,12,kg/ha,1385.714286,239.0694355,2,238.0952381,148.1557065,2,NA,NA
1119,280,"Akbulut S., Keten A., Stamps W.T.",2003,Turkey,40.8496049999999,31.201234,Simplified,Monoculture,Agroforestry,Zucchini,280_C3,280_T3,Arthropods,Natural enemies,Simpson Index,standard error,1.87,11.6595711756479,96,2.61,6.13145985879382,12,kg/ha,13209.52381,5663.5886,2,12519.04762,319.8816391,2,NA,NA
1120,280,"Akbulut S., Keten A., Stamps W.T.",2003,Turkey,40.849605,31.201234,Simplified,Monoculture,Agroforestry,Zucchini,280_C3,280_T3,Arthropods,Natural enemies,Species Eveness,standard error,0.8,1.37171425595858,96,0.8,0.346410161513775,12,kg/ha,13209.52381,5663.5886,2,12519.04762,319.8816391,2,NA,NA
1121,280,"Akbulut S., Keten A., Stamps W.T.",2003,Turkey,40.849605,31.201234,Simplified,Monoculture,Agroforestry,Zucchini,280_C3,280_T3,Arthropods,Natural enemies,Species richness,standard error,6.72,39.6817338330875,96,8.92,19.087199899409,12,kg/ha,13209.52381,5663.5886,2,12519.04762,319.8816391,2,NA,NA
1152,299,"Barrio I.C., Villafuerte R., Tortosa F.S.",2012,Spain,37.55,-4.616667,Simplified,Monoculture,Associated plant species,Grape,299_C1,299_T1,Mammals,Other,Activity-density,confidence intervals,0.167,0.091,55.25,0.07091016651,0.0396032071774079,55.25,kg per plant,1.3394,0.351597061404887,55,1.789,0.351412107664011,55,1,1
1278,316,"Daane K. M., Costello M. J.",1998,United States of America,36.59572,-119.511525,Simplified,Monoculture,Associated plant species,Grape,316_C1,316_T1,Insect,Pests,Abundance,standard error,8,15.6484334679226,30,4,6.254991606709,30,g per plant,2.7,2.88444102037119,52,5.3,5.04777178564958,52,1,1
1279,316,"Daane K. M., Costello M. J.",1998,United States of America,36.598303,-119.429756,Simplified,Monoculture,Associated plant species,Grape,316_C2,316_T2,Insect,Pests,Abundance,standard error,9.142,8.55,25,5.714,8.57,25,g per plant,2.7,2.5298221281347,640,3.4,5.05964425626941,640,1,1
1280,316,"Daane K. M., Costello M. J.",1998,United States of America,38.154467,-121.295165,Simplified,Monoculture,Associated plant species,Grape,316_C3,316_T3,Insect,Pests,Abundance,standard error,48.197,7.62051966731928,20,36.32,12.7008661121988,20,g per plant,4.5,13.9427400463467,540,6,11.6189500386223,540,1,1
1310,319,"Favretto M.R., Paoletti M.G., Caporali F., Nannipieri P., Onnis A., Tomei P.E.",1992,Italy,42.662061,11.099863,Simplified,Monoculture,Associated plant species,Grape,319_C1,319_T1,Arachnida,Natural enemies,Abundance,standard deviation,4,3.74,9,27.88,25.97,9,kg/ha,1469,NA,3,2296,NA,3,1,NA
1311,319,"Favretto M.R., Paoletti M.G., Caporali F., Nannipieri P., Onnis A., Tomei P.E.",1992,Italy,42.662061,11.099863,Simplified,Monoculture,Associated plant species,Grape,319_C1,319_T2,Arachnida,Natural enemies,Abundance,standard deviation,8,4.52,9,27.88,25.97,9,kg/ha,1404,NA,3,2296,NA,3,1,NA
1312,319,"Favretto M.R., Paoletti M.G., Caporali F., Nannipieri P., Onnis A., Tomei P.E.",1992,Italy,42.662061,11.099863,Simplified,Monoculture,Associated plant species,Grape,319_C2,319_T1,Arachnida,Natural enemies,Abundance,standard deviation,4,3.74,9,33.22,22.07,9,kg/ha,1469,NA,3,2269,NA,3,1,NA
1313,319,"Favretto M.R., Paoletti M.G., Caporali F., Nannipieri P., Onnis A., Tomei P.E.",1992,Italy,42.662061,11.099863,Simplified,Monoculture,Associated plant species,Grape,319_C2,319_T2,Arachnida,Natural enemies,Abundance,standard deviation,8,4.52,9,33.22,22.07,9,kg/ha,1404,NA,3,2269,NA,3,1,NA
1314,319,"Favretto M.R., Paoletti M.G., Caporali F., Nannipieri P., Onnis A., Tomei P.E.",1992,Italy,42.662061,11.099863,Simplified,Monoculture,Associated plant species,Grape,319_C1,319_T1,Arachnida,Natural enemies,Abundance,standard deviation,1.22,1.81,9,6.77,8.81,9,kg/ha,1469,NA,3,2296,NA,3,1,NA
1315,319,"Favretto M.R., Paoletti M.G., Caporali F., Nannipieri P., Onnis A., Tomei P.E.",1992,Italy,42.662061,11.099863,Simplified,Monoculture,Associated plant species,Grape,319_C1,319_T2,Arachnida,Natural enemies,Abundance,standard deviation,1.44,1.34,9,6.77,8.81,9,kg/ha,1404,NA,3,2296,NA,3,1,NA
1316,319,"Favretto M.R., Paoletti M.G., Caporali F., Nannipieri P., Onnis A., Tomei P.E.",1992,Italy,42.662061,11.099863,Simplified,Monoculture,Associated plant species,Grape,319_C2,319_T1,Arachnida,Natural enemies,Abundance,standard deviation,1.22,1.81,9,2.77,3.96,9,kg/ha,1469,NA,3,2269,NA,3,1,NA
1317,319,"Favretto M.R., Paoletti M.G., Caporali F., Nannipieri P., Onnis A., Tomei P.E.",1992,Italy,42.662061,11.099863,Simplified,Monoculture,Associated plant species,Grape,319_C2,319_T2,Arachnida,Natural enemies,Abundance,standard deviation,1.44,1.34,9,2.77,3.96,9,kg/ha,1404,NA,3,2269,NA,3,1,NA
1318,319,"Favretto M.R., Paoletti M.G., Caporali F., Nannipieri P., Onnis A., Tomei P.E.",1992,Italy,42.662061,11.099863,Simplified,Monoculture,Associated plant species,Grape,319_C1,319_T1,Arachnida,Natural enemies,Abundance,standard deviation,0.66,2.43,9,1.66,1.76,9,kg/ha,1469,NA,3,2296,NA,3,1,NA
1319,319,"Favretto M.R., Paoletti M.G., Caporali F., Nannipieri P., Onnis A., Tomei P.E.",1992,Italy,42.662061,11.099863,Simplified,Monoculture,Associated plant species,Grape,319_C1,319_T2,Arachnida,Natural enemies,Abundance,standard deviation,0.55,0.95,9,1.66,1.76,9,kg/ha,1404,NA,3,2296,NA,3,1,NA
1320,319,"Favretto M.R., Paoletti M.G., Caporali F., Nannipieri P., Onnis A., Tomei P.E.",1992,Italy,42.662061,11.099863,Simplified,Monoculture,Associated plant species,Grape,319_C2,319_T1,Arachnida,Natural enemies,Abundance,standard deviation,0.66,2.43,9,2.22,1.61,9,kg/ha,1469,NA,3,2269,NA,3,1,NA
1321,319,"Favretto M.R., Paoletti M.G., Caporali F., Nannipieri P., Onnis A., Tomei P.E.",1992,Italy,42.662061,11.099863,Simplified,Monoculture,Associated plant species,Grape,319_C2,319_T2,Arachnida,Natural enemies,Abundance,standard deviation,0.55,0.95,9,2.22,1.61,9,kg/ha,1404,NA,3,2269,NA,3,1,NA
1322,319,"Favretto M.R., Paoletti M.G., Caporali F., Nannipieri P., Onnis A., Tomei P.E.",1992,Italy,42.662061,11.099863,Simplified,Monoculture,Associated plant species,Grape,319_C1,319_T1,Arachnida,Natural enemies,Abundance,standard deviation,0.66,0.94,9,0.11,0.34,9,kg/ha,1469,NA,3,2296,NA,3,1,NA
1323,319,"Favretto M.R., Paoletti M.G., Caporali F., Nannipieri P., Onnis A., Tomei P.E.",1992,Italy,42.662061,11.099863,Simplified,Monoculture,Associated plant species,Grape,319_C1,319_T2,Arachnida,Natural enemies,Abundance,standard deviation,1,1.24,9,0.11,0.34,9,kg/ha,1404,NA,3,2296,NA,3,1,NA
1324,319,"Favretto M.R., Paoletti M.G., Caporali F., Nannipieri P., Onnis A., Tomei P.E.",1992,Italy,42.662061,11.099863,Simplified,Monoculture,Associated plant species,Grape,319_C2,319_T1,Arachnida,Natural enemies,Abundance,standard deviation,0.66,0.94,9,0.44,0.68,9,kg/ha,1469,NA,3,2269,NA,3,1,NA
1325,319,"Favretto M.R., Paoletti M.G., Caporali F., Nannipieri P., Onnis A., Tomei P.E.",1992,Italy,42.662061,11.099863,Simplified,Monoculture,Associated plant species,Grape,319_C2,319_T2,Arachnida,Natural enemies,Abundance,standard deviation,1,1.24,9,0.44,0.68,9,kg/ha,1404,NA,3,2269,NA,3,1,NA
1330,319,"Favretto M.R., Paoletti M.G., Caporali F., Nannipieri P., Onnis A., Tomei P.E.",1992,Italy,42.662061,11.099863,Simplified,Monoculture,Associated plant species,Grape,319_C1,319_T1,Entognatha,Decomposers,Abundance,standard deviation,9.88,5.44,9,14.22,12.02,9,kg/ha,1469,NA,3,2296,NA,3,1,NA
1331,319,"Favretto M.R., Paoletti M.G., Caporali F., Nannipieri P., Onnis A., Tomei P.E.",1992,Italy,42.662061,11.099863,Simplified,Monoculture,Associated plant species,Grape,319_C1,319_T2,Entognatha,Decomposers,Abundance,standard deviation,3.33,3.12,9,14.22,12.02,9,kg/ha,1404,NA,3,2296,NA,3,1,NA
1332,319,"Favretto M.R., Paoletti M.G., Caporali F., Nannipieri P., Onnis A., Tomei P.E.",1992,Italy,42.662061,11.099863,Simplified,Monoculture,Associated plant species,Grape,319_C2,319_T1,Entognatha,Decomposers,Abundance,standard deviation,9.88,5.44,9,4.77,2.89,9,kg/ha,1469,NA,3,2269,NA,3,1,NA
1333,319,"Favretto M.R., Paoletti M.G., Caporali F., Nannipieri P., Onnis A., Tomei P.E.",1992,Italy,42.662061,11.099863,Simplified,Monoculture,Associated plant species,Grape,319_C2,319_T2,Entognatha,Decomposers,Abundance,standard deviation,3.33,3.12,9,4.77,2.89,9,kg/ha,1404,NA,3,2269,NA,3,1,NA
1334,319,"Favretto M.R., Paoletti M.G., Caporali F., Nannipieri P., Onnis A., Tomei P.E.",1992,Italy,42.662061,11.099863,Simplified,Monoculture,Associated plant species,Grape,319_C1,319_T1,Insect,Other,Abundance,standard deviation,7.33,4.42,9,1,1.2,9,kg/ha,1469,NA,3,2296,NA,3,1,NA
1335,319,"Favretto M.R., Paoletti M.G., Caporali F., Nannipieri P., Onnis A., Tomei P.E.",1992,Italy,42.662061,11.099863,Simplified,Monoculture,Associated plant species,Grape,319_C1,319_T2,Insect,Other,Abundance,standard deviation,4.22,4.96,9,1,1.2,9,kg/ha,1404,NA,3,2296,NA,3,1,NA
1336,319,"Favretto M.R., Paoletti M.G., Caporali F., Nannipieri P., Onnis A., Tomei P.E.",1992,Italy,42.662061,11.099863,Simplified,Monoculture,Associated plant species,Grape,319_C2,319_T1,Insect,Other,Abundance,standard deviation,7.33,4.42,9,0.11,0.31,9,kg/ha,1469,NA,3,2269,NA,3,1,NA
1337,319,"Favretto M.R., Paoletti M.G., Caporali F., Nannipieri P., Onnis A., Tomei P.E.",1992,Italy,42.662061,11.099863,Simplified,Monoculture,Associated plant species,Grape,319_C2,319_T2,Insect,Other,Abundance,standard deviation,4.22,4.96,9,0.11,0.31,9,kg/ha,1404,NA,3,2269,NA,3,1,NA
1358,319,"Favretto M.R., Paoletti M.G., Caporali F., Nannipieri P., Onnis A., Tomei P.E.",1992,Italy,42.662061,11.099863,Simplified,Monoculture,Associated plant species,Grape,319_C1,319_T1,Arachnida,Natural enemies,Abundance,standard deviation,5.66,9.1,9,1.88,3.24,9,kg/ha,1469,NA,3,2296,NA,3,1,NA
1359,319,"Favretto M.R., Paoletti M.G., Caporali F., Nannipieri P., Onnis A., Tomei P.E.",1992,Italy,42.662061,11.099863,Simplified,Monoculture,Associated plant species,Grape,319_C1,319_T2,Arachnida,Natural enemies,Abundance,standard deviation,6.77,8.72,9,1.88,3.24,9,kg/ha,1404,NA,3,2296,NA,3,1,NA
1360,319,"Favretto M.R., Paoletti M.G., Caporali F., Nannipieri P., Onnis A., Tomei P.E.",1992,Italy,42.662061,11.099863,Simplified,Monoculture,Associated plant species,Grape,319_C2,319_T1,Arachnida,Natural enemies,Abundance,standard deviation,5.66,9.1,9,1.55,2,9,kg/ha,1469,NA,3,2269,NA,3,1,NA
1361,319,"Favretto M.R., Paoletti M.G., Caporali F., Nannipieri P., Onnis A., Tomei P.E.",1992,Italy,42.662061,11.099863,Simplified,Monoculture,Associated plant species,Grape,319_C2,319_T2,Arachnida,Natural enemies,Abundance,standard deviation,6.77,8.72,9,1.55,2,9,kg/ha,1404,NA,3,2269,NA,3,1,NA
1362,319,"Favretto M.R., Paoletti M.G., Caporali F., Nannipieri P., Onnis A., Tomei P.E.",1992,Italy,42.662061,11.099863,Simplified,Monoculture,Associated plant species,Grape,319_C1,319_T1,Arachnida,Natural enemies,Abundance,standard deviation,2.22,2.81,9,0.88,1.28,9,kg/ha,1469,NA,3,2296,NA,3,1,NA
1363,319,"Favretto M.R., Paoletti M.G., Caporali F., Nannipieri P., Onnis A., Tomei P.E.",1992,Italy,42.662061,11.099863,Simplified,Monoculture,Associated plant species,Grape,319_C1,319_T2,Arachnida,Natural enemies,Abundance,standard deviation,1.33,1.15,9,0.88,1.28,9,kg/ha,1404,NA,3,2296,NA,3,1,NA
1364,319,"Favretto M.R., Paoletti M.G., Caporali F., Nannipieri P., Onnis A., Tomei P.E.",1992,Italy,42.662061,11.099863,Simplified,Monoculture,Associated plant species,Grape,319_C2,319_T1,Arachnida,Natural enemies,Abundance,standard deviation,2.22,2.81,9,0.44,0.83,9,kg/ha,1469,NA,3,2269,NA,3,1,NA
1365,319,"Favretto M.R., Paoletti M.G., Caporali F., Nannipieri P., Onnis A., Tomei P.E.",1992,Italy,42.662061,11.099863,Simplified,Monoculture,Associated plant species,Grape,319_C2,319_T2,Arachnida,Natural enemies,Abundance,standard deviation,1.33,1.15,9,0.44,0.83,9,kg/ha,1404,NA,3,2269,NA,3,1,NA
1366,319,"Favretto M.R., Paoletti M.G., Caporali F., Nannipieri P., Onnis A., Tomei P.E.",1992,Italy,42.662061,11.099863,Simplified,Monoculture,Associated plant species,Grape,319_C1,319_T1,Arachnida,Natural enemies,Abundance,standard deviation,1.66,4.37,9,1.77,3.01,9,kg/ha,1469,NA,3,2296,NA,3,1,NA
1367,319,"Favretto M.R., Paoletti M.G., Caporali F., Nannipieri P., Onnis A., Tomei P.E.",1992,Italy,42.662061,11.099863,Simplified,Monoculture,Associated plant species,Grape,319_C1,319_T2,Arachnida,Natural enemies,Abundance,standard deviation,11.55,14.15,9,1.77,3.01,9,kg/ha,1404,NA,3,2296,NA,3,1,NA
1368,319,"Favretto M.R., Paoletti M.G., Caporali F., Nannipieri P., Onnis A., Tomei P.E.",1992,Italy,42.662061,11.099863,Simplified,Monoculture,Associated plant species,Grape,319_C2,319_T1,Arachnida,Natural enemies,Abundance,standard deviation,1.66,4.37,9,0.66,1.05,9,kg/ha,1469,NA,3,2269,NA,3,1,NA
1369,319,"Favretto M.R., Paoletti M.G., Caporali F., Nannipieri P., Onnis A., Tomei P.E.",1992,Italy,42.662061,11.099863,Simplified,Monoculture,Associated plant species,Grape,319_C2,319_T2,Arachnida,Natural enemies,Abundance,standard deviation,11.55,14.15,9,0.66,1.05,9,kg/ha,1404,NA,3,2269,NA,3,1,NA
1370,319,"Favretto M.R., Paoletti M.G., Caporali F., Nannipieri P., Onnis A., Tomei P.E.",1992,Italy,42.662061,11.099863,Simplified,Monoculture,Associated plant species,Grape,319_C1,319_T1,Arachnida,Natural enemies,Abundance,standard deviation,0.44,0.68,9,1.66,3.09,9,kg/ha,1469,NA,3,2296,NA,3,1,NA
1372,319,"Favretto M.R., Paoletti M.G., Caporali F., Nannipieri P., Onnis A., Tomei P.E.",1992,Italy,42.662061,11.099863,Simplified,Monoculture,Associated plant species,Grape,319_C2,319_T1,Arachnida,Natural enemies,Abundance,standard deviation,0.44,0.68,9,0.44,1.42,9,kg/ha,1469,NA,3,2269,NA,3,1,NA
1378,319,"Favretto M.R., Paoletti M.G., Caporali F., Nannipieri P., Onnis A., Tomei P.E.",1992,Italy,42.662061,11.099863,Simplified,Monoculture,Associated plant species,Grape,319_C1,319_T1,Entognatha,Decomposers,Abundance,standard deviation,0.22,0.41,9,0.22,0.62,9,kg/ha,1469,NA,3,2296,NA,3,1,NA
1379,319,"Favretto M.R., Paoletti M.G., Caporali F., Nannipieri P., Onnis A., Tomei P.E.",1992,Italy,42.662061,11.099863,Simplified,Monoculture,Associated plant species,Grape,319_C1,319_T2,Entognatha,Decomposers,Abundance,standard deviation,0.22,0.41,9,0.22,0.62,9,kg/ha,1404,NA,3,2296,NA,3,1,NA
1380,319,"Favretto M.R., Paoletti M.G., Caporali F., Nannipieri P., Onnis A., Tomei P.E.",1992,Italy,42.662061,11.099863,Simplified,Monoculture,Associated plant species,Grape,319_C2,319_T1,Entognatha,Decomposers,Abundance,standard deviation,0.22,0.41,9,0.11,0.31,9,kg/ha,1469,NA,3,2269,NA,3,1,NA
1381,319,"Favretto M.R., Paoletti M.G., Caporali F., Nannipieri P., Onnis A., Tomei P.E.",1992,Italy,42.662061,11.099863,Simplified,Monoculture,Associated plant species,Grape,319_C2,319_T2,Entognatha,Decomposers,Abundance,standard deviation,0.22,0.41,9,0.11,0.31,9,kg/ha,1404,NA,3,2269,NA,3,1,NA
1382,319,"Favretto M.R., Paoletti M.G., Caporali F., Nannipieri P., Onnis A., Tomei P.E.",1992,Italy,42.662061,11.099863,Simplified,Monoculture,Associated plant species,Grape,319_C1,319_T1,Insect,Other,Abundance,standard deviation,0.44,0.68,9,0.22,0.41,9,kg/ha,1469,NA,3,2296,NA,3,1,NA
1383,319,"Favretto M.R., Paoletti M.G., Caporali F., Nannipieri P., Onnis A., Tomei P.E.",1992,Italy,42.662061,11.099863,Simplified,Monoculture,Associated plant species,Grape,319_C1,319_T2,Insect,Other,Abundance,standard deviation,0.11,0.31,9,0.22,0.41,9,kg/ha,1404,NA,3,2296,NA,3,1,NA
1386,319,"Favretto M.R., Paoletti M.G., Caporali F., Nannipieri P., Onnis A., Tomei P.E.",1992,Italy,42.662061,11.099863,Simplified,Monoculture,Associated plant species,Grape,319_C1,319_T1,Insect,Decomposers,Abundance,standard deviation,0.55,0.95,9,0.55,0.83,9,kg/ha,1469,NA,3,2296,NA,3,1,NA
1387,319,"Favretto M.R., Paoletti M.G., Caporali F., Nannipieri P., Onnis A., Tomei P.E.",1992,Italy,42.662061,11.099863,Simplified,Monoculture,Associated plant species,Grape,319_C1,319_T2,Insect,Decomposers,Abundance,standard deviation,0.33,0.47,9,0.55,0.83,9,kg/ha,1404,NA,3,2296,NA,3,1,NA
1388,319,"Favretto M.R., Paoletti M.G., Caporali F., Nannipieri P., Onnis A., Tomei P.E.",1992,Italy,42.662061,11.099863,Simplified,Monoculture,Associated plant species,Grape,319_C2,319_T1,Insect,Decomposers,Abundance,standard deviation,0.55,0.95,9,0.33,0.66,9,kg/ha,1469,NA,3,2269,NA,3,1,NA
1389,319,"Favretto M.R., Paoletti M.G., Caporali F., Nannipieri P., Onnis A., Tomei P.E.",1992,Italy,42.662061,11.099863,Simplified,Monoculture,Associated plant species,Grape,319_C2,319_T2,Insect,Decomposers,Abundance,standard deviation,0.33,0.47,9,0.33,0.66,9,kg/ha,1404,NA,3,2269,NA,3,1,NA
1406,319,"Favretto M.R., Paoletti M.G., Caporali F., Nannipieri P., Onnis A., Tomei P.E.",1992,Italy,42.662061,11.099863,Simplified,Monoculture,Associated plant species,Grape,319_C1,319_T1,Arachnida,Natural enemies,Abundance,standard deviation,16.11,12.74,9,7.55,9.96,9,kg/ha,1469,NA,3,2296,NA,3,1,NA
1407,319,"Favretto M.R., Paoletti M.G., Caporali F., Nannipieri P., Onnis A., Tomei P.E.",1992,Italy,42.662061,11.099863,Simplified,Monoculture,Associated plant species,Grape,319_C1,319_T2,Arachnida,Natural enemies,Abundance,standard deviation,19.22,16.08,9,7.55,9.96,9,kg/ha,1404,NA,3,2296,NA,3,1,NA
1408,319,"Favretto M.R., Paoletti M.G., Caporali F., Nannipieri P., Onnis A., Tomei P.E.",1992,Italy,42.662061,11.099863,Simplified,Monoculture,Associated plant species,Grape,319_C2,319_T1,Arachnida,Natural enemies,Abundance,standard deviation,16.11,12.74,9,9.88,8.33,9,kg/ha,1469,NA,3,2269,NA,3,1,NA
1409,319,"Favretto M.R., Paoletti M.G., Caporali F., Nannipieri P., Onnis A., Tomei P.E.",1992,Italy,42.662061,11.099863,Simplified,Monoculture,Associated plant species,Grape,319_C2,319_T2,Arachnida,Natural enemies,Abundance,standard deviation,19.22,16.08,9,9.88,8.33,9,kg/ha,1404,NA,3,2269,NA,3,1,NA
1410,319,"Favretto M.R., Paoletti M.G., Caporali F., Nannipieri P., Onnis A., Tomei P.E.",1992,Italy,42.662061,11.099863,Simplified,Monoculture,Associated plant species,Grape,319_C1,319_T1,Arachnida,Natural enemies,Abundance,standard deviation,13.55,15.92,9,1.11,1.66,9,kg/ha,1469,NA,3,2296,NA,3,1,NA
1411,319,"Favretto M.R., Paoletti M.G., Caporali F., Nannipieri P., Onnis A., Tomei P.E.",1992,Italy,42.662061,11.099863,Simplified,Monoculture,Associated plant species,Grape,319_C1,319_T2,Arachnida,Natural enemies,Abundance,standard deviation,8.33,8.91,9,1.11,1.66,9,kg/ha,1404,NA,3,2296,NA,3,1,NA
1412,319,"Favretto M.R., Paoletti M.G., Caporali F., Nannipieri P., Onnis A., Tomei P.E.",1992,Italy,42.662061,11.099863,Simplified,Monoculture,Associated plant species,Grape,319_C2,319_T1,Arachnida,Natural enemies,Abundance,standard deviation,13.55,15.92,9,0.44,0.95,9,kg/ha,1469,NA,3,2269,NA,3,1,NA
1413,319,"Favretto M.R., Paoletti M.G., Caporali F., Nannipieri P., Onnis A., Tomei P.E.",1992,Italy,42.662061,11.099863,Simplified,Monoculture,Associated plant species,Grape,319_C2,319_T2,Arachnida,Natural enemies,Abundance,standard deviation,8.33,8.91,9,0.44,0.95,9,kg/ha,1404,NA,3,2269,NA,3,1,NA
1414,319,"Favretto M.R., Paoletti M.G., Caporali F., Nannipieri P., Onnis A., Tomei P.E.",1992,Italy,42.662061,11.099863,Simplified,Monoculture,Associated plant species,Grape,319_C1,319_T1,Arachnida,Natural enemies,Abundance,standard deviation,8.33,10.36,9,4.44,4.44,9,kg/ha,1469,NA,3,2296,NA,3,1,NA
1415,319,"Favretto M.R., Paoletti M.G., Caporali F., Nannipieri P., Onnis A., Tomei P.E.",1992,Italy,42.662061,11.099863,Simplified,Monoculture,Associated plant species,Grape,319_C1,319_T2,Arachnida,Natural enemies,Abundance,standard deviation,10,18.46,9,4.44,4.44,9,kg/ha,1404,NA,3,2296,NA,3,1,NA
1416,319,"Favretto M.R., Paoletti M.G., Caporali F., Nannipieri P., Onnis A., Tomei P.E.",1992,Italy,42.662061,11.099863,Simplified,Monoculture,Associated plant species,Grape,319_C2,319_T1,Arachnida,Natural enemies,Abundance,standard deviation,8.33,10.36,9,4.33,6.32,9,kg/ha,1469,NA,3,2269,NA,3,1,NA
1417,319,"Favretto M.R., Paoletti M.G., Caporali F., Nannipieri P., Onnis A., Tomei P.E.",1992,Italy,42.662061,11.099863,Simplified,Monoculture,Associated plant species,Grape,319_C2,319_T2,Arachnida,Natural enemies,Abundance,standard deviation,10,18.46,9,4.33,6.32,9,kg/ha,1404,NA,3,2269,NA,3,1,NA
1418,319,"Favretto M.R., Paoletti M.G., Caporali F., Nannipieri P., Onnis A., Tomei P.E.",1992,Italy,42.662061,11.099863,Simplified,Monoculture,Associated plant species,Grape,319_C1,319_T1,Arachnida,Natural enemies,Abundance,standard deviation,0.55,0.95,9,2.11,1.96,9,kg/ha,1469,NA,3,2296,NA,3,1,NA
1419,319,"Favretto M.R., Paoletti M.G., Caporali F., Nannipieri P., Onnis A., Tomei P.E.",1992,Italy,42.662061,11.099863,Simplified,Monoculture,Associated plant species,Grape,319_C1,319_T2,Arachnida,Natural enemies,Abundance,standard deviation,1.88,2.84,9,2.11,1.96,9,kg/ha,1404,NA,3,2296,NA,3,1,NA
1420,319,"Favretto M.R., Paoletti M.G., Caporali F., Nannipieri P., Onnis A., Tomei P.E.",1992,Italy,42.662061,11.099863,Simplified,Monoculture,Associated plant species,Grape,319_C2,319_T1,Arachnida,Natural enemies,Abundance,standard deviation,0.55,0.95,9,2.44,2.21,9,kg/ha,1469,NA,3,2269,NA,3,1,NA
1421,319,"Favretto M.R., Paoletti M.G., Caporali F., Nannipieri P., Onnis A., Tomei P.E.",1992,Italy,42.662061,11.099863,Simplified,Monoculture,Associated plant species,Grape,319_C2,319_T2,Arachnida,Natural enemies,Abundance,standard deviation,1.88,2.84,9,2.44,2.21,9,kg/ha,1404,NA,3,2269,NA,3,1,NA
1426,319,"Favretto M.R., Paoletti M.G., Caporali F., Nannipieri P., Onnis A., Tomei P.E.",1992,Italy,42.662061,11.099863,Simplified,Monoculture,Associated plant species,Grape,319_C1,319_T1,Entognatha,Decomposers,Abundance,standard deviation,41.77,25.76,9,7.11,4.99,9,kg/ha,1469,NA,3,2296,NA,3,1,NA
1427,319,"Favretto M.R., Paoletti M.G., Caporali F., Nannipieri P., Onnis A., Tomei P.E.",1992,Italy,42.662061,11.099863,Simplified,Monoculture,Associated plant species,Grape,319_C1,319_T2,Entognatha,Decomposers,Abundance,standard deviation,41.88,28.72,9,7.11,4.99,9,kg/ha,1404,NA,3,2296,NA,3,1,NA
1428,319,"Favretto M.R., Paoletti M.G., Caporali F., Nannipieri P., Onnis A., Tomei P.E.",1992,Italy,42.662061,11.099863,Simplified,Monoculture,Associated plant species,Grape,319_C2,319_T1,Entognatha,Decomposers,Abundance,standard deviation,41.77,25.76,9,3.88,3.57,9,kg/ha,1469,NA,3,2269,NA,3,1,NA
1429,319,"Favretto M.R., Paoletti M.G., Caporali F., Nannipieri P., Onnis A., Tomei P.E.",1992,Italy,42.662061,11.099863,Simplified,Monoculture,Associated plant species,Grape,319_C2,319_T2,Entognatha,Decomposers,Abundance,standard deviation,41.88,28.72,9,3.88,3.57,9,kg/ha,1404,NA,3,2269,NA,3,1,NA
1430,319,"Favretto M.R., Paoletti M.G., Caporali F., Nannipieri P., Onnis A., Tomei P.E.",1992,Italy,42.662061,11.099863,Simplified,Monoculture,Associated plant species,Grape,319_C1,319_T1,Insect,Other,Abundance,standard deviation,2.11,1.72,9,0.33,0.66,9,kg/ha,1469,NA,3,2296,NA,3,1,NA
1431,319,"Favretto M.R., Paoletti M.G., Caporali F., Nannipieri P., Onnis A., Tomei P.E.",1992,Italy,42.662061,11.099863,Simplified,Monoculture,Associated plant species,Grape,319_C1,319_T2,Insect,Other,Abundance,standard deviation,3,2.9,9,0.33,0.66,9,kg/ha,1404,NA,3,2296,NA,3,1,NA
1432,319,"Favretto M.R., Paoletti M.G., Caporali F., Nannipieri P., Onnis A., Tomei P.E.",1992,Italy,42.662061,11.099863,Simplified,Monoculture,Associated plant species,Grape,319_C2,319_T1,Insect,Other,Abundance,standard deviation,2.11,1.72,9,0.11,0.31,9,kg/ha,1469,NA,3,2269,NA,3,1,NA
1433,319,"Favretto M.R., Paoletti M.G., Caporali F., Nannipieri P., Onnis A., Tomei P.E.",1992,Italy,42.662061,11.099863,Simplified,Monoculture,Associated plant species,Grape,319_C2,319_T2,Insect,Other,Abundance,standard deviation,3,2.9,9,0.11,0.31,9,kg/ha,1404,NA,3,2269,NA,3,1,NA
1438,319,"Favretto M.R., Paoletti M.G., Caporali F., Nannipieri P., Onnis A., Tomei P.E.",1992,Italy,42.662061,11.099863,Simplified,Monoculture,Associated plant species,Grape,319_C1,319_T1,Insect,Pests,Abundance,standard deviation,0.11,0.31,9,0.11,0.31,9,kg/ha,1469,NA,3,2296,NA,3,1,NA
1439,319,"Favretto M.R., Paoletti M.G., Caporali F., Nannipieri P., Onnis A., Tomei P.E.",1992,Italy,42.662061,11.099863,Simplified,Monoculture,Associated plant species,Grape,319_C1,319_T2,Insect,Pests,Abundance,standard deviation,0.44,0.68,9,0.11,0.31,9,kg/ha,1404,NA,3,2296,NA,3,1,NA
1446,319,"Favretto M.R., Paoletti M.G., Caporali F., Nannipieri P., Onnis A., Tomei P.E.",1992,Italy,42.662061,11.099863,Simplified,Monoculture,Associated plant species,Grape,319_C1,319_T1,Symphyla,Pests,Abundance,standard deviation,0.33,0.66,9,0.11,0.31,9,kg/ha,1469,NA,3,2296,NA,3,1,NA
1447,319,"Favretto M.R., Paoletti M.G., Caporali F., Nannipieri P., Onnis A., Tomei P.E.",1992,Italy,42.662061,11.099863,Simplified,Monoculture,Associated plant species,Grape,319_C1,319_T2,Symphyla,Pests,Abundance,standard deviation,0.22,0.41,9,0.11,0.31,9,kg/ha,1404,NA,3,2296,NA,3,1,NA
1451,319,"Favretto M.R., Paoletti M.G., Caporali F., Nannipieri P., Onnis A., Tomei P.E.",1992,Italy,42.662061,11.099863,Simplified,Monoculture,Associated plant species,Grape,319_C1,319_T2,Annelida,Decomposers,Abundance,standard deviation,0.11,0.31,9,0.11,0.31,9,kg/ha,1404,NA,3,2296,NA,3,1,NA
1453,319,"Favretto M.R., Paoletti M.G., Caporali F., Nannipieri P., Onnis A., Tomei P.E.",1992,Italy,42.662061,11.099863,Simplified,Monoculture,Associated plant species,Grape,319_C2,319_T2,Annelida,Decomposers,Abundance,standard deviation,0.11,0.31,9,0.11,0.31,9,kg/ha,1404,NA,3,2269,NA,3,1,NA
1454,319,"Favretto M.R., Paoletti M.G., Caporali F., Nannipieri P., Onnis A., Tomei P.E.",1992,Italy,42.662061,11.099863,Simplified,Monoculture,Associated plant species,Grape,319_C1,319_T1,Arachnida,Natural enemies,Abundance,standard deviation,86.22,48.56,9,14.44,15.1,9,kg/ha,451,NA,3,1246,NA,3,1,NA
1455,319,"Favretto M.R., Paoletti M.G., Caporali F., Nannipieri P., Onnis A., Tomei P.E.",1992,Italy,42.662061,11.099863,Simplified,Monoculture,Associated plant species,Grape,319_C1,319_T2,Arachnida,Natural enemies,Abundance,standard deviation,88.77,59.11,9,14.44,15.1,9,kg/ha,526,NA,3,1246,NA,3,1,NA
1456,319,"Favretto M.R., Paoletti M.G., Caporali F., Nannipieri P., Onnis A., Tomei P.E.",1992,Italy,42.662061,11.099863,Simplified,Monoculture,Associated plant species,Grape,319_C2,319_T1,Arachnida,Natural enemies,Abundance,standard deviation,86.22,48.56,9,14,15.79,9,kg/ha,451,NA,3,1194,NA,3,1,NA
1457,319,"Favretto M.R., Paoletti M.G., Caporali F., Nannipieri P., Onnis A., Tomei P.E.",1992,Italy,42.662061,11.099863,Simplified,Monoculture,Associated plant species,Grape,319_C2,319_T2,Arachnida,Natural enemies,Abundance,standard deviation,88.77,59.11,9,14,15.79,9,kg/ha,526,NA,3,1194,NA,3,1,NA
1458,319,"Favretto M.R., Paoletti M.G., Caporali F., Nannipieri P., Onnis A., Tomei P.E.",1992,Italy,42.662061,11.099863,Simplified,Monoculture,Associated plant species,Grape,319_C1,319_T1,Arachnida,Natural enemies,Abundance,standard deviation,8.11,5.95,9,2.88,3.17,9,kg/ha,451,NA,3,1246,NA,3,1,NA
1459,319,"Favretto M.R., Paoletti M.G., Caporali F., Nannipieri P., Onnis A., Tomei P.E.",1992,Italy,42.662061,11.099863,Simplified,Monoculture,Associated plant species,Grape,319_C1,319_T2,Arachnida,Natural enemies,Abundance,standard deviation,9.88,5.72,9,2.88,3.17,9,kg/ha,526,NA,3,1246,NA,3,1,NA
1460,319,"Favretto M.R., Paoletti M.G., Caporali F., Nannipieri P., Onnis A., Tomei P.E.",1992,Italy,42.662061,11.099863,Simplified,Monoculture,Associated plant species,Grape,319_C2,319_T1,Arachnida,Natural enemies,Abundance,standard deviation,8.11,5.95,9,2.22,1.93,9,kg/ha,451,NA,3,1194,NA,3,1,NA
1461,319,"Favretto M.R., Paoletti M.G., Caporali F., Nannipieri P., Onnis A., Tomei P.E.",1992,Italy,42.662061,11.099863,Simplified,Monoculture,Associated plant species,Grape,319_C2,319_T2,Arachnida,Natural enemies,Abundance,standard deviation,9.88,5.72,9,2.22,1.93,9,kg/ha,526,NA,3,1194,NA,3,1,NA
1462,319,"Favretto M.R., Paoletti M.G., Caporali F., Nannipieri P., Onnis A., Tomei P.E.",1992,Italy,42.662061,11.099863,Simplified,Monoculture,Associated plant species,Grape,319_C1,319_T1,Arachnida,Natural enemies,Abundance,standard deviation,9.66,7.7,9,6.88,5.68,9,kg/ha,451,NA,3,1246,NA,3,1,NA
1463,319,"Favretto M.R., Paoletti M.G., Caporali F., Nannipieri P., Onnis A., Tomei P.E.",1992,Italy,42.662061,11.099863,Simplified,Monoculture,Associated plant species,Grape,319_C1,319_T2,Arachnida,Natural enemies,Abundance,standard deviation,15.77,15.54,9,6.88,5.68,9,kg/ha,526,NA,3,1246,NA,3,1,NA
1464,319,"Favretto M.R., Paoletti M.G., Caporali F., Nannipieri P., Onnis A., Tomei P.E.",1992,Italy,42.662061,11.099863,Simplified,Monoculture,Associated plant species,Grape,319_C2,319_T1,Arachnida,Natural enemies,Abundance,standard deviation,9.66,7.7,9,3.77,3.25,9,kg/ha,451,NA,3,1194,NA,3,1,NA
1465,319,"Favretto M.R., Paoletti M.G., Caporali F., Nannipieri P., Onnis A., Tomei P.E.",1992,Italy,42.662061,11.099863,Simplified,Monoculture,Associated plant species,Grape,319_C2,319_T2,Arachnida,Natural enemies,Abundance,standard deviation,15.77,15.54,9,3.77,3.25,9,kg/ha,526,NA,3,1194,NA,3,1,NA
1466,319,"Favretto M.R., Paoletti M.G., Caporali F., Nannipieri P., Onnis A., Tomei P.E.",1992,Italy,42.662061,11.099863,Simplified,Monoculture,Associated plant species,Grape,319_C1,319_T1,Arachnida,Natural enemies,Abundance,standard deviation,7.88,6.15,9,0.33,0.66,9,kg/ha,451,NA,3,1246,NA,3,1,NA
1467,319,"Favretto M.R., Paoletti M.G., Caporali F., Nannipieri P., Onnis A., Tomei P.E.",1992,Italy,42.662061,11.099863,Simplified,Monoculture,Associated plant species,Grape,319_C1,319_T2,Arachnida,Natural enemies,Abundance,standard deviation,5.55,4.62,9,0.33,0.66,9,kg/ha,526,NA,3,1246,NA,3,1,NA
1468,319,"Favretto M.R., Paoletti M.G., Caporali F., Nannipieri P., Onnis A., Tomei P.E.",1992,Italy,42.662061,11.099863,Simplified,Monoculture,Associated plant species,Grape,319_C2,319_T1,Arachnida,Natural enemies,Abundance,standard deviation,7.88,6.15,9,0.55,0.68,9,kg/ha,451,NA,3,1194,NA,3,1,NA
1469,319,"Favretto M.R., Paoletti M.G., Caporali F., Nannipieri P., Onnis A., Tomei P.E.",1992,Italy,42.662061,11.099863,Simplified,Monoculture,Associated plant species,Grape,319_C2,319_T2,Arachnida,Natural enemies,Abundance,standard deviation,5.55,4.62,9,0.55,0.68,9,kg/ha,526,NA,3,1194,NA,3,1,NA
1474,319,"Favretto M.R., Paoletti M.G., Caporali F., Nannipieri P., Onnis A., Tomei P.E.",1992,Italy,42.662061,11.099863,Simplified,Monoculture,Associated plant species,Grape,319_C1,319_T1,Entognatha,Decomposers,Abundance,standard deviation,10.11,7.92,9,8,5.53,9,kg/ha,451,NA,3,1246,NA,3,1,NA
1475,319,"Favretto M.R., Paoletti M.G., Caporali F., Nannipieri P., Onnis A., Tomei P.E.",1992,Italy,42.662061,11.099863,Simplified,Monoculture,Associated plant species,Grape,319_C1,319_T2,Entognatha,Decomposers,Abundance,standard deviation,19.22,33.01,9,8,5.53,9,kg/ha,526,NA,3,1246,NA,3,1,NA
1476,319,"Favretto M.R., Paoletti M.G., Caporali F., Nannipieri P., Onnis A., Tomei P.E.",1992,Italy,42.662061,11.099863,Simplified,Monoculture,Associated plant species,Grape,319_C2,319_T1,Entognatha,Decomposers,Abundance,standard deviation,10.11,7.92,9,1,1.24,9,kg/ha,451,NA,3,1194,NA,3,1,NA
1477,319,"Favretto M.R., Paoletti M.G., Caporali F., Nannipieri P., Onnis A., Tomei P.E.",1992,Italy,42.662061,11.099863,Simplified,Monoculture,Associated plant species,Grape,319_C2,319_T2,Entognatha,Decomposers,Abundance,standard deviation,19.22,33.01,9,1,1.24,9,kg/ha,526,NA,3,1194,NA,3,1,NA
1478,319,"Favretto M.R., Paoletti M.G., Caporali F., Nannipieri P., Onnis A., Tomei P.E.",1992,Italy,42.662061,11.099863,Simplified,Monoculture,Associated plant species,Grape,319_C1,319_T1,Insect,Other,Abundance,standard deviation,3.55,2.83,9,0.66,0.66,9,kg/ha,451,NA,3,1246,NA,3,1,NA
1479,319,"Favretto M.R., Paoletti M.G., Caporali F., Nannipieri P., Onnis A., Tomei P.E.",1992,Italy,42.662061,11.099863,Simplified,Monoculture,Associated plant species,Grape,319_C1,319_T2,Insect,Other,Abundance,standard deviation,3.88,3.34,9,0.66,0.66,9,kg/ha,526,NA,3,1246,NA,3,1,NA
1480,319,"Favretto M.R., Paoletti M.G., Caporali F., Nannipieri P., Onnis A., Tomei P.E.",1992,Italy,42.662061,11.099863,Simplified,Monoculture,Associated plant species,Grape,319_C2,319_T1,Insect,Other,Abundance,standard deviation,3.55,2.83,9,0.11,0.31,9,kg/ha,451,NA,3,1194,NA,3,1,NA
1481,319,"Favretto M.R., Paoletti M.G., Caporali F., Nannipieri P., Onnis A., Tomei P.E.",1992,Italy,42.662061,11.099863,Simplified,Monoculture,Associated plant species,Grape,319_C2,319_T2,Insect,Other,Abundance,standard deviation,3.88,3.34,9,0.11,0.31,9,kg/ha,526,NA,3,1194,NA,3,1,NA
1495,319,"Favretto M.R., Paoletti M.G., Caporali F., Nannipieri P., Onnis A., Tomei P.E.",1992,Italy,42.662061,11.099863,Simplified,Monoculture,Associated plant species,Grape,319_C1,319_T2,Symphyla,Pests,Abundance,standard deviation,0.11,0.31,9,0.55,0.95,9,kg/ha,526,NA,3,1246,NA,3,1,NA
1502,319,"Favretto M.R., Paoletti M.G., Caporali F., Nannipieri P., Onnis A., Tomei P.E.",1992,Italy,42.662061,11.099863,Simplified,Monoculture,Associated plant species,Grape,319_C1,319_T1,Arachnida,Natural enemies,Abundance,standard deviation,2,2.35,9,0.11,0.31,9,kg/ha,451,NA,3,1246,NA,3,1,NA
1503,319,"Favretto M.R., Paoletti M.G., Caporali F., Nannipieri P., Onnis A., Tomei P.E.",1992,Italy,42.662061,11.099863,Simplified,Monoculture,Associated plant species,Grape,319_C1,319_T2,Arachnida,Natural enemies,Abundance,standard deviation,3.44,4.66,9,0.11,0.31,9,kg/ha,526,NA,3,1246,NA,3,1,NA
1504,319,"Favretto M.R., Paoletti M.G., Caporali F., Nannipieri P., Onnis A., Tomei P.E.",1992,Italy,42.662061,11.099863,Simplified,Monoculture,Associated plant species,Grape,319_C2,319_T1,Arachnida,Natural enemies,Abundance,standard deviation,2,2.35,9,0.22,0.41,9,kg/ha,451,NA,3,1194,NA,3,1,NA
1505,319,"Favretto M.R., Paoletti M.G., Caporali F., Nannipieri P., Onnis A., Tomei P.E.",1992,Italy,42.662061,11.099863,Simplified,Monoculture,Associated plant species,Grape,319_C2,319_T2,Arachnida,Natural enemies,Abundance,standard deviation,3.44,4.66,9,0.22,0.41,9,kg/ha,526,NA,3,1194,NA,3,1,NA
1506,319,"Favretto M.R., Paoletti M.G., Caporali F., Nannipieri P., Onnis A., Tomei P.E.",1992,Italy,42.662061,11.099863,Simplified,Monoculture,Associated plant species,Grape,319_C1,319_T1,Arachnida,Natural enemies,Abundance,standard deviation,11.22,7.03,9,0.66,0.94,9,kg/ha,451,NA,3,1246,NA,3,1,NA
1507,319,"Favretto M.R., Paoletti M.G., Caporali F., Nannipieri P., Onnis A., Tomei P.E.",1992,Italy,42.662061,11.099863,Simplified,Monoculture,Associated plant species,Grape,319_C1,319_T2,Arachnida,Natural enemies,Abundance,standard deviation,6.22,4.58,9,0.66,0.94,9,kg/ha,526,NA,3,1246,NA,3,1,NA
1508,319,"Favretto M.R., Paoletti M.G., Caporali F., Nannipieri P., Onnis A., Tomei P.E.",1992,Italy,42.662061,11.099863,Simplified,Monoculture,Associated plant species,Grape,319_C2,319_T1,Arachnida,Natural enemies,Abundance,standard deviation,11.22,7.03,9,0.22,0.62,9,kg/ha,451,NA,3,1194,NA,3,1,NA
1509,319,"Favretto M.R., Paoletti M.G., Caporali F., Nannipieri P., Onnis A., Tomei P.E.",1992,Italy,42.662061,11.099863,Simplified,Monoculture,Associated plant species,Grape,319_C2,319_T2,Arachnida,Natural enemies,Abundance,standard deviation,6.22,4.58,9,0.22,0.62,9,kg/ha,526,NA,3,1194,NA,3,1,NA
1510,319,"Favretto M.R., Paoletti M.G., Caporali F., Nannipieri P., Onnis A., Tomei P.E.",1992,Italy,42.662061,11.099863,Simplified,Monoculture,Associated plant species,Grape,319_C1,319_T1,Arachnida,Natural enemies,Abundance,standard deviation,44.33,65.51,9,0.11,0.31,9,kg/ha,451,NA,3,1246,NA,3,1,NA
1511,319,"Favretto M.R., Paoletti M.G., Caporali F., Nannipieri P., Onnis A., Tomei P.E.",1992,Italy,42.662061,11.099863,Simplified,Monoculture,Associated plant species,Grape,319_C1,319_T2,Arachnida,Natural enemies,Abundance,standard deviation,34,30.89,9,0.11,0.31,9,kg/ha,526,NA,3,1246,NA,3,1,NA
1512,319,"Favretto M.R., Paoletti M.G., Caporali F., Nannipieri P., Onnis A., Tomei P.E.",1992,Italy,42.662061,11.099863,Simplified,Monoculture,Associated plant species,Grape,319_C2,319_T1,Arachnida,Natural enemies,Abundance,standard deviation,44.33,65.51,9,0.33,0.66,9,kg/ha,451,NA,3,1194,NA,3,1,NA
1513,319,"Favretto M.R., Paoletti M.G., Caporali F., Nannipieri P., Onnis A., Tomei P.E.",1992,Italy,42.662061,11.099863,Simplified,Monoculture,Associated plant species,Grape,319_C2,319_T2,Arachnida,Natural enemies,Abundance,standard deviation,34,30.89,9,0.33,0.66,9,kg/ha,526,NA,3,1194,NA,3,1,NA
1514,319,"Favretto M.R., Paoletti M.G., Caporali F., Nannipieri P., Onnis A., Tomei P.E.",1992,Italy,42.662061,11.099863,Simplified,Monoculture,Associated plant species,Grape,319_C1,319_T1,Arachnida,Natural enemies,Abundance,standard deviation,7.44,10.96,9,6.88,4.53,9,kg/ha,451,NA,3,1246,NA,3,1,NA
1515,319,"Favretto M.R., Paoletti M.G., Caporali F., Nannipieri P., Onnis A., Tomei P.E.",1992,Italy,42.662061,11.099863,Simplified,Monoculture,Associated plant species,Grape,319_C1,319_T2,Arachnida,Natural enemies,Abundance,standard deviation,2,3.74,9,6.88,4.53,9,kg/ha,526,NA,3,1246,NA,3,1,NA
1516,319,"Favretto M.R., Paoletti M.G., Caporali F., Nannipieri P., Onnis A., Tomei P.E.",1992,Italy,42.662061,11.099863,Simplified,Monoculture,Associated plant species,Grape,319_C2,319_T1,Arachnida,Natural enemies,Abundance,standard deviation,7.44,10.96,9,7,3.82,9,kg/ha,451,NA,3,1194,NA,3,1,NA
1517,319,"Favretto M.R., Paoletti M.G., Caporali F., Nannipieri P., Onnis A., Tomei P.E.",1992,Italy,42.662061,11.099863,Simplified,Monoculture,Associated plant species,Grape,319_C2,319_T2,Arachnida,Natural enemies,Abundance,standard deviation,2,3.74,9,7,3.82,9,kg/ha,526,NA,3,1194,NA,3,1,NA
1530,319,"Favretto M.R., Paoletti M.G., Caporali F., Nannipieri P., Onnis A., Tomei P.E.",1992,Italy,42.662061,11.099863,Simplified,Monoculture,Associated plant species,Grape,319_C1,319_T1,Insect,Decomposers,Abundance,standard deviation,45.44,27.6,9,0.33,0.94,9,kg/ha,451,NA,3,1246,NA,3,1,NA
1531,319,"Favretto M.R., Paoletti M.G., Caporali F., Nannipieri P., Onnis A., Tomei P.E.",1992,Italy,42.662061,11.099863,Simplified,Monoculture,Associated plant species,Grape,319_C1,319_T2,Insect,Decomposers,Abundance,standard deviation,32.11,17.41,9,0.33,0.94,9,kg/ha,526,NA,3,1246,NA,3,1,NA
1534,319,"Favretto M.R., Paoletti M.G., Caporali F., Nannipieri P., Onnis A., Tomei P.E.",1992,Italy,42.662061,11.099863,Simplified,Monoculture,Associated plant species,Grape,319_C1,319_T1,Insect,Pests,Abundance,standard deviation,0.22,0.41,9,0.11,0.31,9,kg/ha,451,NA,3,1246,NA,3,1,NA
1535,319,"Favretto M.R., Paoletti M.G., Caporali F., Nannipieri P., Onnis A., Tomei P.E.",1992,Italy,42.662061,11.099863,Simplified,Monoculture,Associated plant species,Grape,319_C1,319_T2,Insect,Pests,Abundance,standard deviation,0.22,0.41,9,0.11,0.31,9,kg/ha,526,NA,3,1246,NA,3,1,NA
1552,319,"Favretto M.R., Paoletti M.G., Caporali F., Nannipieri P., Onnis A., Tomei P.E.",1992,Italy,42.662061,11.099863,Simplified,Monoculture,Associated plant species,Grape,319_C2,319_T1,Arachnida,Natural enemies,Abundance,standard deviation,0.88,1.28,9,0.22,0.41,9,kg/ha,451,NA,3,1194,NA,3,1,NA
1553,319,"Favretto M.R., Paoletti M.G., Caporali F., Nannipieri P., Onnis A., Tomei P.E.",1992,Italy,42.662061,11.099863,Simplified,Monoculture,Associated plant species,Grape,319_C2,319_T2,Arachnida,Natural enemies,Abundance,standard deviation,0.77,0.78,9,0.22,0.41,9,kg/ha,526,NA,3,1194,NA,3,1,NA
1554,319,"Favretto M.R., Paoletti M.G., Caporali F., Nannipieri P., Onnis A., Tomei P.E.",1992,Italy,42.662061,11.099863,Simplified,Monoculture,Associated plant species,Grape,319_C1,319_T1,Arachnida,Natural enemies,Abundance,standard deviation,14,7.9,9,0.66,0.81,9,kg/ha,451,NA,3,1246,NA,3,1,NA
1555,319,"Favretto M.R., Paoletti M.G., Caporali F., Nannipieri P., Onnis A., Tomei P.E.",1992,Italy,42.662061,11.099863,Simplified,Monoculture,Associated plant species,Grape,319_C1,319_T2,Arachnida,Natural enemies,Abundance,standard deviation,15.55,6.78,9,0.66,0.81,9,kg/ha,526,NA,3,1246,NA,3,1,NA
1556,319,"Favretto M.R., Paoletti M.G., Caporali F., Nannipieri P., Onnis A., Tomei P.E.",1992,Italy,42.662061,11.099863,Simplified,Monoculture,Associated plant species,Grape,319_C2,319_T1,Arachnida,Natural enemies,Abundance,standard deviation,14,7.9,9,0.55,0.68,9,kg/ha,451,NA,3,1194,NA,3,1,NA
1557,319,"Favretto M.R., Paoletti M.G., Caporali F., Nannipieri P., Onnis A., Tomei P.E.",1992,Italy,42.662061,11.099863,Simplified,Monoculture,Associated plant species,Grape,319_C2,319_T2,Arachnida,Natural enemies,Abundance,standard deviation,15.55,6.78,9,0.55,0.68,9,kg/ha,526,NA,3,1194,NA,3,1,NA
1558,319,"Favretto M.R., Paoletti M.G., Caporali F., Nannipieri P., Onnis A., Tomei P.E.",1992,Italy,42.662061,11.099863,Simplified,Monoculture,Associated plant species,Grape,319_C1,319_T1,Arachnida,Natural enemies,Abundance,standard deviation,11.22,11.16,9,27.88,26.96,9,kg/ha,451,NA,3,1246,NA,3,1,NA
1559,319,"Favretto M.R., Paoletti M.G., Caporali F., Nannipieri P., Onnis A., Tomei P.E.",1992,Italy,42.662061,11.099863,Simplified,Monoculture,Associated plant species,Grape,319_C1,319_T2,Arachnida,Natural enemies,Abundance,standard deviation,23.11,18.05,9,27.88,26.96,9,kg/ha,526,NA,3,1246,NA,3,1,NA
1560,319,"Favretto M.R., Paoletti M.G., Caporali F., Nannipieri P., Onnis A., Tomei P.E.",1992,Italy,42.662061,11.099863,Simplified,Monoculture,Associated plant species,Grape,319_C2,319_T1,Arachnida,Natural enemies,Abundance,standard deviation,11.22,11.16,9,22.77,23.26,9,kg/ha,451,NA,3,1194,NA,3,1,NA
1561,319,"Favretto M.R., Paoletti M.G., Caporali F., Nannipieri P., Onnis A., Tomei P.E.",1992,Italy,42.662061,11.099863,Simplified,Monoculture,Associated plant species,Grape,319_C2,319_T2,Arachnida,Natural enemies,Abundance,standard deviation,23.11,18.05,9,22.77,23.26,9,kg/ha,526,NA,3,1194,NA,3,1,NA
1562,319,"Favretto M.R., Paoletti M.G., Caporali F., Nannipieri P., Onnis A., Tomei P.E.",1992,Italy,42.662061,11.099863,Simplified,Monoculture,Associated plant species,Grape,319_C1,319_T1,Arachnida,Natural enemies,Abundance,standard deviation,3.66,1.94,9,1.22,2.77,9,kg/ha,451,NA,3,1246,NA,3,1,NA
1563,319,"Favretto M.R., Paoletti M.G., Caporali F., Nannipieri P., Onnis A., Tomei P.E.",1992,Italy,42.662061,11.099863,Simplified,Monoculture,Associated plant species,Grape,319_C1,319_T2,Arachnida,Natural enemies,Abundance,standard deviation,1.88,3.03,9,1.22,2.77,9,kg/ha,526,NA,3,1246,NA,3,1,NA
1564,319,"Favretto M.R., Paoletti M.G., Caporali F., Nannipieri P., Onnis A., Tomei P.E.",1992,Italy,42.662061,11.099863,Simplified,Monoculture,Associated plant species,Grape,319_C2,319_T1,Arachnida,Natural enemies,Abundance,standard deviation,3.66,1.94,9,0.33,0.66,9,kg/ha,451,NA,3,1194,NA,3,1,NA
1565,319,"Favretto M.R., Paoletti M.G., Caporali F., Nannipieri P., Onnis A., Tomei P.E.",1992,Italy,42.662061,11.099863,Simplified,Monoculture,Associated plant species,Grape,319_C2,319_T2,Arachnida,Natural enemies,Abundance,standard deviation,1.88,3.03,9,0.33,0.66,9,kg/ha,526,NA,3,1194,NA,3,1,NA
1566,319,"Favretto M.R., Paoletti M.G., Caporali F., Nannipieri P., Onnis A., Tomei P.E.",1992,Italy,42.662061,11.099863,Simplified,Monoculture,Associated plant species,Grape,319_C1,319_T1,Arachnida,Natural enemies,Abundance,standard deviation,0.66,0.81,9,0.11,0.31,9,kg/ha,451,NA,3,1246,NA,3,1,NA
1567,319,"Favretto M.R., Paoletti M.G., Caporali F., Nannipieri P., Onnis A., Tomei P.E.",1992,Italy,42.662061,11.099863,Simplified,Monoculture,Associated plant species,Grape,319_C1,319_T2,Arachnida,Natural enemies,Abundance,standard deviation,1.11,1.85,9,0.11,0.31,9,kg/ha,526,NA,3,1246,NA,3,1,NA
1570,319,"Favretto M.R., Paoletti M.G., Caporali F., Nannipieri P., Onnis A., Tomei P.E.",1992,Italy,42.662061,11.099863,Simplified,Monoculture,Associated plant species,Grape,319_C1,319_T1,Entognatha,Decomposers,Abundance,standard deviation,143,72.44,9,3.33,3.05,9,kg/ha,451,NA,3,1246,NA,3,1,NA
1571,319,"Favretto M.R., Paoletti M.G., Caporali F., Nannipieri P., Onnis A., Tomei P.E.",1992,Italy,42.662061,11.099863,Simplified,Monoculture,Associated plant species,Grape,319_C1,319_T2,Entognatha,Decomposers,Abundance,standard deviation,141.55,102.21,9,3.33,3.05,9,kg/ha,526,NA,3,1246,NA,3,1,NA
1572,319,"Favretto M.R., Paoletti M.G., Caporali F., Nannipieri P., Onnis A., Tomei P.E.",1992,Italy,42.662061,11.099863,Simplified,Monoculture,Associated plant species,Grape,319_C2,319_T1,Entognatha,Decomposers,Abundance,standard deviation,143,72.44,9,1.55,1.34,9,kg/ha,451,NA,3,1194,NA,3,1,NA
1573,319,"Favretto M.R., Paoletti M.G., Caporali F., Nannipieri P., Onnis A., Tomei P.E.",1992,Italy,42.662061,11.099863,Simplified,Monoculture,Associated plant species,Grape,319_C2,319_T2,Entognatha,Decomposers,Abundance,standard deviation,141.55,102.21,9,1.55,1.34,9,kg/ha,526,NA,3,1194,NA,3,1,NA
1574,319,"Favretto M.R., Paoletti M.G., Caporali F., Nannipieri P., Onnis A., Tomei P.E.",1992,Italy,42.662061,11.099863,Simplified,Monoculture,Associated plant species,Grape,319_C1,319_T1,Insect,Other,Abundance,standard deviation,4.22,3.11,9,0.44,0.68,9,kg/ha,451,NA,3,1246,NA,3,1,NA
1575,319,"Favretto M.R., Paoletti M.G., Caporali F., Nannipieri P., Onnis A., Tomei P.E.",1992,Italy,42.662061,11.099863,Simplified,Monoculture,Associated plant species,Grape,319_C1,319_T2,Insect,Other,Abundance,standard deviation,9.77,12.81,9,0.44,0.68,9,kg/ha,526,NA,3,1246,NA,3,1,NA
1576,319,"Favretto M.R., Paoletti M.G., Caporali F., Nannipieri P., Onnis A., Tomei P.E.",1992,Italy,42.662061,11.099863,Simplified,Monoculture,Associated plant species,Grape,319_C2,319_T1,Insect,Other,Abundance,standard deviation,4.22,3.11,9,0.11,0.31,9,kg/ha,451,NA,3,1194,NA,3,1,NA
1577,319,"Favretto M.R., Paoletti M.G., Caporali F., Nannipieri P., Onnis A., Tomei P.E.",1992,Italy,42.662061,11.099863,Simplified,Monoculture,Associated plant species,Grape,319_C2,319_T2,Insect,Other,Abundance,standard deviation,9.77,12.81,9,0.11,0.31,9,kg/ha,526,NA,3,1194,NA,3,1,NA
1586,319,"Favretto M.R., Paoletti M.G., Caporali F., Nannipieri P., Onnis A., Tomei P.E.",1992,Italy,42.662061,11.099863,Simplified,Monoculture,Associated plant species,Grape,319_C1,319_T1,Pauropoda,Pests,Abundance,standard deviation,0.77,1.03,9,0.33,0.66,9,kg/ha,451,NA,3,1246,NA,3,1,NA
1587,319,"Favretto M.R., Paoletti M.G., Caporali F., Nannipieri P., Onnis A., Tomei P.E.",1992,Italy,42.662061,11.099863,Simplified,Monoculture,Associated plant species,Grape,319_C1,319_T2,Pauropoda,Pests,Abundance,standard deviation,1.55,2.36,9,0.33,0.66,9,kg/ha,526,NA,3,1246,NA,3,1,NA
1588,319,"Favretto M.R., Paoletti M.G., Caporali F., Nannipieri P., Onnis A., Tomei P.E.",1992,Italy,42.662061,11.099863,Simplified,Monoculture,Associated plant species,Grape,319_C2,319_T1,Pauropoda,Pests,Abundance,standard deviation,0.77,1.03,9,0.22,0.41,9,kg/ha,451,NA,3,1194,NA,3,1,NA
1589,319,"Favretto M.R., Paoletti M.G., Caporali F., Nannipieri P., Onnis A., Tomei P.E.",1992,Italy,42.662061,11.099863,Simplified,Monoculture,Associated plant species,Grape,319_C2,319_T2,Pauropoda,Pests,Abundance,standard deviation,1.55,2.36,9,0.22,0.41,9,kg/ha,526,NA,3,1194,NA,3,1,NA
1590,319,"Favretto M.R., Paoletti M.G., Caporali F., Nannipieri P., Onnis A., Tomei P.E.",1992,Italy,42.662061,11.099863,Simplified,Monoculture,Associated plant species,Grape,319_C1,319_T1,Symphyla,Pests,Abundance,standard deviation,0.44,0.68,9,0.22,0.41,9,kg/ha,451,NA,3,1246,NA,3,1,NA
1591,319,"Favretto M.R., Paoletti M.G., Caporali F., Nannipieri P., Onnis A., Tomei P.E.",1992,Italy,42.662061,11.099863,Simplified,Monoculture,Associated plant species,Grape,319_C1,319_T2,Symphyla,Pests,Abundance,standard deviation,0.55,0.95,9,0.22,0.41,9,kg/ha,526,NA,3,1246,NA,3,1,NA
1594,319,"Favretto M.R., Paoletti M.G., Caporali F., Nannipieri P., Onnis A., Tomei P.E.",1992,Italy,42.662061,11.099863,Simplified,Monoculture,Associated plant species,Grape,319_C1,319_T1,Annelida,Decomposers,Abundance,standard deviation,0.55,0.95,9,0.11,0.31,9,kg/ha,451,NA,3,1246,NA,3,1,NA
1595,319,"Favretto M.R., Paoletti M.G., Caporali F., Nannipieri P., Onnis A., Tomei P.E.",1992,Italy,42.662061,11.099863,Simplified,Monoculture,Associated plant species,Grape,319_C1,319_T2,Annelida,Decomposers,Abundance,standard deviation,1.55,1.64,9,0.11,0.31,9,kg/ha,526,NA,3,1246,NA,3,1,NA
1598,319,"Favretto M.R., Paoletti M.G., Caporali F., Nannipieri P., Onnis A., Tomei P.E.",1992,Italy,42.662061,11.099863,Simplified,Monoculture,Associated plant species,Grape,319_C1,319_T1,Arachnida,Natural enemies,Abundance,standard deviation,0.33,0.7,6,4,3.82,6,kg/ha,640,NA,3,1347,NA,3,1,NA
1599,319,"Favretto M.R., Paoletti M.G., Caporali F., Nannipieri P., Onnis A., Tomei P.E.",1992,Italy,42.662061,11.099863,Simplified,Monoculture,Associated plant species,Grape,319_C1,319_T2,Arachnida,Natural enemies,Abundance,standard deviation,0.88,0.99,6,4,3.82,6,kg/ha,635,NA,3,1347,NA,3,1,NA
1600,319,"Favretto M.R., Paoletti M.G., Caporali F., Nannipieri P., Onnis A., Tomei P.E.",1992,Italy,42.662061,11.099863,Simplified,Monoculture,Associated plant species,Grape,319_C2,319_T1,Arachnida,Natural enemies,Abundance,standard deviation,0.33,0.7,6,4.83,4.84,6,kg/ha,640,NA,3,1148,NA,3,1,NA
1601,319,"Favretto M.R., Paoletti M.G., Caporali F., Nannipieri P., Onnis A., Tomei P.E.",1992,Italy,42.662061,11.099863,Simplified,Monoculture,Associated plant species,Grape,319_C2,319_T2,Arachnida,Natural enemies,Abundance,standard deviation,0.88,0.99,6,4.83,4.84,6,kg/ha,635,NA,3,1148,NA,3,1,NA
1602,319,"Favretto M.R., Paoletti M.G., Caporali F., Nannipieri P., Onnis A., Tomei P.E.",1992,Italy,42.662061,11.099863,Simplified,Monoculture,Associated plant species,Grape,319_C1,319_T1,Arachnida,Natural enemies,Abundance,standard deviation,9.66,6.01,6,4,3.51,6,kg/ha,640,NA,3,1347,NA,3,1,NA
1603,319,"Favretto M.R., Paoletti M.G., Caporali F., Nannipieri P., Onnis A., Tomei P.E.",1992,Italy,42.662061,11.099863,Simplified,Monoculture,Associated plant species,Grape,319_C1,319_T2,Arachnida,Natural enemies,Abundance,standard deviation,11.77,6.01,6,4,3.51,6,kg/ha,635,NA,3,1347,NA,3,1,NA
1604,319,"Favretto M.R., Paoletti M.G., Caporali F., Nannipieri P., Onnis A., Tomei P.E.",1992,Italy,42.662061,11.099863,Simplified,Monoculture,Associated plant species,Grape,319_C2,319_T1,Arachnida,Natural enemies,Abundance,standard deviation,9.66,6.01,6,5.16,3.71,6,kg/ha,640,NA,3,1148,NA,3,1,NA
1605,319,"Favretto M.R., Paoletti M.G., Caporali F., Nannipieri P., Onnis A., Tomei P.E.",1992,Italy,42.662061,11.099863,Simplified,Monoculture,Associated plant species,Grape,319_C2,319_T2,Arachnida,Natural enemies,Abundance,standard deviation,11.77,6.01,6,5.16,3.71,6,kg/ha,635,NA,3,1148,NA,3,1,NA
1606,319,"Favretto M.R., Paoletti M.G., Caporali F., Nannipieri P., Onnis A., Tomei P.E.",1992,Italy,42.662061,11.099863,Simplified,Monoculture,Associated plant species,Grape,319_C1,319_T1,Arachnida,Natural enemies,Abundance,standard deviation,24.88,38.43,6,6.16,5.87,6,kg/ha,640,NA,3,1347,NA,3,1,NA
1607,319,"Favretto M.R., Paoletti M.G., Caporali F., Nannipieri P., Onnis A., Tomei P.E.",1992,Italy,42.662061,11.099863,Simplified,Monoculture,Associated plant species,Grape,319_C1,319_T2,Arachnida,Natural enemies,Abundance,standard deviation,27.88,28.61,6,6.16,5.87,6,kg/ha,635,NA,3,1347,NA,3,1,NA
1608,319,"Favretto M.R., Paoletti M.G., Caporali F., Nannipieri P., Onnis A., Tomei P.E.",1992,Italy,42.662061,11.099863,Simplified,Monoculture,Associated plant species,Grape,319_C2,319_T1,Arachnida,Natural enemies,Abundance,standard deviation,24.88,38.43,6,5,2.38,6,kg/ha,640,NA,3,1148,NA,3,1,NA
1609,319,"Favretto M.R., Paoletti M.G., Caporali F., Nannipieri P., Onnis A., Tomei P.E.",1992,Italy,42.662061,11.099863,Simplified,Monoculture,Associated plant species,Grape,319_C2,319_T2,Arachnida,Natural enemies,Abundance,standard deviation,27.88,28.61,6,5,2.38,6,kg/ha,635,NA,3,1148,NA,3,1,NA
1610,319,"Favretto M.R., Paoletti M.G., Caporali F., Nannipieri P., Onnis A., Tomei P.E.",1992,Italy,42.662061,11.099863,Simplified,Monoculture,Associated plant species,Grape,319_C1,319_T1,Arachnida,Natural enemies,Abundance,standard deviation,1.77,1.87,6,4.83,3.48,6,kg/ha,640,NA,3,1347,NA,3,1,NA
1611,319,"Favretto M.R., Paoletti M.G., Caporali F., Nannipieri P., Onnis A., Tomei P.E.",1992,Italy,42.662061,11.099863,Simplified,Monoculture,Associated plant species,Grape,319_C1,319_T2,Arachnida,Natural enemies,Abundance,standard deviation,3.22,2.39,6,4.83,3.48,6,kg/ha,635,NA,3,1347,NA,3,1,NA
1612,319,"Favretto M.R., Paoletti M.G., Caporali F., Nannipieri P., Onnis A., Tomei P.E.",1992,Italy,42.662061,11.099863,Simplified,Monoculture,Associated plant species,Grape,319_C2,319_T1,Arachnida,Natural enemies,Abundance,standard deviation,1.77,1.87,6,4.5,3.77,6,kg/ha,640,NA,3,1148,NA,3,1,NA
1613,319,"Favretto M.R., Paoletti M.G., Caporali F., Nannipieri P., Onnis A., Tomei P.E.",1992,Italy,42.662061,11.099863,Simplified,Monoculture,Associated plant species,Grape,319_C2,319_T2,Arachnida,Natural enemies,Abundance,standard deviation,3.22,2.39,6,4.5,3.77,6,kg/ha,635,NA,3,1148,NA,3,1,NA
1618,319,"Favretto M.R., Paoletti M.G., Caporali F., Nannipieri P., Onnis A., Tomei P.E.",1992,Italy,42.662061,11.099863,Simplified,Monoculture,Associated plant species,Grape,319_C1,319_T1,Entognatha,Decomposers,Abundance,standard deviation,91.11,51.2,6,8.33,10.69,6,kg/ha,640,NA,3,1347,NA,3,1,NA
1619,319,"Favretto M.R., Paoletti M.G., Caporali F., Nannipieri P., Onnis A., Tomei P.E.",1992,Italy,42.662061,11.099863,Simplified,Monoculture,Associated plant species,Grape,319_C1,319_T2,Entognatha,Decomposers,Abundance,standard deviation,52.11,32.42,6,8.33,10.69,6,kg/ha,635,NA,3,1347,NA,3,1,NA
1620,319,"Favretto M.R., Paoletti M.G., Caporali F., Nannipieri P., Onnis A., Tomei P.E.",1992,Italy,42.662061,11.099863,Simplified,Monoculture,Associated plant species,Grape,319_C2,319_T1,Entognatha,Decomposers,Abundance,standard deviation,91.11,51.2,6,7.5,6.07,6,kg/ha,640,NA,3,1148,NA,3,1,NA
1621,319,"Favretto M.R., Paoletti M.G., Caporali F., Nannipieri P., Onnis A., Tomei P.E.",1992,Italy,42.662061,11.099863,Simplified,Monoculture,Associated plant species,Grape,319_C2,319_T2,Entognatha,Decomposers,Abundance,standard deviation,52.11,32.42,6,7.5,6.07,6,kg/ha,635,NA,3,1148,NA,3,1,NA
1622,319,"Favretto M.R., Paoletti M.G., Caporali F., Nannipieri P., Onnis A., Tomei P.E.",1992,Italy,42.662061,11.099863,Simplified,Monoculture,Associated plant species,Grape,319_C1,319_T1,Insect,Other,Abundance,standard deviation,16.11,14.46,6,0.83,0.68,6,kg/ha,640,NA,3,1347,NA,3,1,NA
1623,319,"Favretto M.R., Paoletti M.G., Caporali F., Nannipieri P., Onnis A., Tomei P.E.",1992,Italy,42.662061,11.099863,Simplified,Monoculture,Associated plant species,Grape,319_C1,319_T2,Insect,Other,Abundance,standard deviation,7.77,5.24,6,0.83,0.68,6,kg/ha,635,NA,3,1347,NA,3,1,NA
1624,319,"Favretto M.R., Paoletti M.G., Caporali F., Nannipieri P., Onnis A., Tomei P.E.",1992,Italy,42.662061,11.099863,Simplified,Monoculture,Associated plant species,Grape,319_C2,319_T1,Insect,Other,Abundance,standard deviation,16.11,14.46,6,0.66,0.74,6,kg/ha,640,NA,3,1148,NA,3,1,NA
1625,319,"Favretto M.R., Paoletti M.G., Caporali F., Nannipieri P., Onnis A., Tomei P.E.",1992,Italy,42.662061,11.099863,Simplified,Monoculture,Associated plant species,Grape,319_C2,319_T2,Insect,Other,Abundance,standard deviation,7.77,5.24,6,0.66,0.74,6,kg/ha,635,NA,3,1148,NA,3,1,NA
1634,319,"Favretto M.R., Paoletti M.G., Caporali F., Nannipieri P., Onnis A., Tomei P.E.",1992,Italy,42.662061,11.099863,Simplified,Monoculture,Associated plant species,Grape,319_C1,319_T1,Pauropoda,Pests,Abundance,standard deviation,1.88,2.55,6,0.33,0.74,6,kg/ha,640,NA,3,1347,NA,3,1,NA
1635,319,"Favretto M.R., Paoletti M.G., Caporali F., Nannipieri P., Onnis A., Tomei P.E.",1992,Italy,42.662061,11.099863,Simplified,Monoculture,Associated plant species,Grape,319_C1,319_T2,Pauropoda,Pests,Abundance,standard deviation,3.77,3.22,6,0.33,0.74,6,kg/ha,635,NA,3,1347,NA,3,1,NA
1636,319,"Favretto M.R., Paoletti M.G., Caporali F., Nannipieri P., Onnis A., Tomei P.E.",1992,Italy,42.662061,11.099863,Simplified,Monoculture,Associated plant species,Grape,319_C2,319_T1,Pauropoda,Pests,Abundance,standard deviation,1.88,2.55,6,0.33,0.47,6,kg/ha,640,NA,3,1148,NA,3,1,NA
1637,319,"Favretto M.R., Paoletti M.G., Caporali F., Nannipieri P., Onnis A., Tomei P.E.",1992,Italy,42.662061,11.099863,Simplified,Monoculture,Associated plant species,Grape,319_C2,319_T2,Pauropoda,Pests,Abundance,standard deviation,3.77,3.22,6,0.33,0.47,6,kg/ha,635,NA,3,1148,NA,3,1,NA
1650,326,"Irvin N.A., Bistline-East A., Hoddle M.S.",2016,United States of America,33.558386,-117.014975,Simplified,Monoculture,Associated plant species,Grape,326_C1,326_T1,Insect,Pests,Abundance,standard error,210.41,114.438161467231,8,129.48,39.6327440382318,24,g per cluster,55.193,40.8022361936206,40,53.423,31.2317377038166,60,1,1
1651,326,"Irvin N.A., Bistline-East A., Hoddle M.S.",2016,United States of America,33.558386,-117.014975,Simplified,Monoculture,Associated plant species,Grape,326_C1,326_T2,Insect,Pests,Abundance,standard error,169.94,91.5561860280342,8,129.48,39.6327440382318,24,g per cluster,78.7918,64.605965052772,40,53.423,31.2317377038166,60,1,1
1652,326,"Irvin N.A., Bistline-East A., Hoddle M.S.",2016,United States of America,33.558386,-117.014975,Simplified,Monoculture,Associated plant species,Grape,326_C2,326_T1,Insect,Pests,Abundance,standard error,210.41,114.438161467231,8,161.85,56.0838051490802,12,g per cluster,55.193,40.8022361936206,40,74.334,42.7059278086778,30,1,1
1653,326,"Irvin N.A., Bistline-East A., Hoddle M.S.",2016,United States of America,33.558386,-117.014975,Simplified,Monoculture,Associated plant species,Grape,326_C2,326_T2,Insect,Pests,Abundance,standard error,169.94,91.5561860280342,8,161.85,56.0838051490802,12,g per cluster,78.7918,64.605965052772,40,74.334,42.7059278086778,30,1,1
1654,326,"Irvin N.A., Bistline-East A., Hoddle M.S.",2016,United States of America,33.558386,-117.014975,Simplified,Monoculture,Associated plant species,Grape,326_C1,326_T1,Insect,Pests,Abundance,standard error,186.13,91.5561860280342,8,97.11,118.947221909551,24,g per cluster,55.193,40.8022361936206,40,53.423,31.2317377038166,60,1,1
1655,326,"Irvin N.A., Bistline-East A., Hoddle M.S.",2016,United States of America,33.558386,-117.014975,Simplified,Monoculture,Associated plant species,Grape,326_C1,326_T2,Insect,Pests,Abundance,standard error,105.2,68.6742105888375,8,97.11,118.947221909551,24,g per cluster,78.7918,64.605965052772,40,53.423,31.2317377038166,60,1,1
1656,326,"Irvin N.A., Bistline-East A., Hoddle M.S.",2016,United States of America,33.558386,-117.014975,Simplified,Monoculture,Associated plant species,Grape,326_C2,326_T1,Insect,Pests,Abundance,standard error,186.13,91.5561860280342,8,186.13,84.1083872155447,12,g per cluster,55.193,40.8022361936206,40,74.334,42.7059278086778,30,1,1
1657,326,"Irvin N.A., Bistline-East A., Hoddle M.S.",2016,United States of America,33.558386,-117.014975,Simplified,Monoculture,Associated plant species,Grape,326_C2,326_T2,Insect,Pests,Abundance,standard error,105.2,68.6742105888375,8,186.13,84.1083872155447,12,g per cluster,78.7918,64.605965052772,40,74.334,42.7059278086778,30,1,1
1658,326,"Irvin N.A., Bistline-East A., Hoddle M.S.",2016,United States of America,33.558386,-117.014975,Simplified,Monoculture,Associated plant species,Grape,326_C1,326_T1,Insect,Natural enemies,Abundance,standard error,914.45,205.994347495265,8,526.01,198.212709986015,24,g per cluster,55.193,40.8022361936206,40,53.423,31.2317377038166,60,1,1
1659,326,"Irvin N.A., Bistline-East A., Hoddle M.S.",2016,United States of America,33.558386,-117.014975,Simplified,Monoculture,Associated plant species,Grape,326_C1,326_T2,Insect,Natural enemies,Abundance,standard error,793.06,411.98869499053,8,526.01,198.212709986015,24,g per cluster,78.7918,64.605965052772,40,53.423,31.2317377038166,60,1,1
1660,326,"Irvin N.A., Bistline-East A., Hoddle M.S.",2016,United States of America,33.558386,-117.014975,Simplified,Monoculture,Associated plant species,Grape,326_C2,326_T1,Insect,Natural enemies,Abundance,standard error,914.45,205.994347495265,8,1197.69,392.448071978956,12,g per cluster,55.193,40.8022361936206,40,74.334,42.7059278086778,30,1,1
1661,326,"Irvin N.A., Bistline-East A., Hoddle M.S.",2016,United States of America,33.558386,-117.014975,Simplified,Monoculture,Associated plant species,Grape,326_C2,326_T2,Insect,Natural enemies,Abundance,standard error,793.06,411.98869499053,8,1197.69,392.448071978956,12,g per cluster,78.7918,64.605965052772,40,74.334,42.7059278086778,30,1,1
1662,326,"Irvin N.A., Bistline-East A., Hoddle M.S.",2016,United States of America,33.558386,-117.014975,Simplified,Monoculture,Associated plant species,Grape,326_C1,326_T1,Insect,Natural enemies,Abundance,standard error,631.21,160.230396616872,8,307.51,118.947221909551,24,g per cluster,55.193,40.8022361936206,40,53.423,31.2317377038166,60,1,1
1663,326,"Irvin N.A., Bistline-East A., Hoddle M.S.",2016,United States of America,33.558386,-117.014975,Simplified,Monoculture,Associated plant species,Grape,326_C1,326_T2,Insect,Natural enemies,Abundance,standard error,445.09,183.112372056068,8,307.51,118.947221909551,24,g per cluster,78.7918,64.605965052772,40,53.423,31.2317377038166,60,1,1
1664,326,"Irvin N.A., Bistline-East A., Hoddle M.S.",2016,United States of America,33.558386,-117.014975,Simplified,Monoculture,Associated plant species,Grape,326_C2,326_T1,Insect,Natural enemies,Abundance,standard error,631.21,160.230396616872,8,817.34,252.290520630483,12,g per cluster,55.193,40.8022361936206,40,74.334,42.7059278086778,30,1,1
1665,326,"Irvin N.A., Bistline-East A., Hoddle M.S.",2016,United States of America,33.558386,-117.014975,Simplified,Monoculture,Associated plant species,Grape,326_C2,326_T2,Insect,Natural enemies,Abundance,standard error,445.09,183.112372056068,8,817.34,252.290520630483,12,g per cluster,78.7918,64.605965052772,40,74.334,42.7059278086778,30,1,1
1666,326,"Irvin N.A., Bistline-East A., Hoddle M.S.",2016,United States of America,33.558386,-117.014975,Simplified,Monoculture,Associated plant species,Grape,326_C1,326_T1,Insect,Natural enemies,Abundance,standard error,914.45,183.112372056068,8,526.01,198.212709986015,24,g per cluster,55.193,40.8022361936206,40,53.423,31.2317377038166,60,1,1
1667,326,"Irvin N.A., Bistline-East A., Hoddle M.S.",2016,United States of America,33.558386,-117.014975,Simplified,Monoculture,Associated plant species,Grape,326_C1,326_T2,Insect,Natural enemies,Abundance,standard error,793.06,411.98869499053,8,526.01,198.212709986015,24,g per cluster,78.7918,64.605965052772,40,53.423,31.2317377038166,60,1,1
1668,326,"Irvin N.A., Bistline-East A., Hoddle M.S.",2016,United States of America,33.558386,-117.014975,Simplified,Monoculture,Associated plant species,Grape,326_C2,326_T1,Insect,Natural enemies,Abundance,standard error,914.45,183.112372056068,8,1189.6,392.448071978956,12,g per cluster,55.193,40.8022361936206,40,74.334,42.7059278086778,30,1,1
1669,326,"Irvin N.A., Bistline-East A., Hoddle M.S.",2016,United States of America,33.558386,-117.014975,Simplified,Monoculture,Associated plant species,Grape,326_C2,326_T2,Insect,Natural enemies,Abundance,standard error,793.06,411.98869499053,8,1189.6,392.448071978956,12,g per cluster,78.7918,64.605965052772,40,74.334,42.7059278086778,30,1,1
1670,326,"Irvin N.A., Bistline-East A., Hoddle M.S.",2016,United States of America,33.558386,-117.014975,Simplified,Monoculture,Associated plant species,Grape,326_C1,326_T1,Insect,Natural enemies,Abundance,standard error,631.21,160.230396616872,8,307.51,79.3144778713193,24,g per cluster,55.193,40.8022361936206,40,53.423,31.2317377038166,60,1,1
1671,326,"Irvin N.A., Bistline-East A., Hoddle M.S.",2016,United States of America,33.558386,-117.014975,Simplified,Monoculture,Associated plant species,Grape,326_C1,326_T2,Insect,Natural enemies,Abundance,standard error,428.9,205.994347495265,8,307.51,79.3144778713193,24,g per cluster,78.7918,64.605965052772,40,53.423,31.2317377038166,60,1,1
1672,326,"Irvin N.A., Bistline-East A., Hoddle M.S.",2016,United States of America,33.558386,-117.014975,Simplified,Monoculture,Associated plant species,Grape,326_C2,326_T1,Insect,Natural enemies,Abundance,standard error,631.21,160.230396616872,8,817.34,196.241356497554,12,g per cluster,55.193,40.8022361936206,40,74.334,42.7059278086778,30,1,1
1673,326,"Irvin N.A., Bistline-East A., Hoddle M.S.",2016,United States of America,33.558386,-117.014975,Simplified,Monoculture,Associated plant species,Grape,326_C2,326_T2,Insect,Natural enemies,Abundance,standard error,428.9,205.994347495265,8,817.34,196.241356497554,12,g per cluster,78.7918,64.605965052772,40,74.334,42.7059278086778,30,1,1
1674,326,"Irvin N.A., Bistline-East A., Hoddle M.S.",2016,United States of America,33.558386,-117.014975,Simplified,Monoculture,Associated plant species,Grape,326_C1,326_T1,Insect,Pests,Abundance,standard deviation,16.065,2.95,8,6.557,0.983,24,g per cluster,55.193,40.8022361936206,40,53.423,31.2317377038166,60,1,1
1675,326,"Irvin N.A., Bistline-East A., Hoddle M.S.",2016,United States of America,33.558386,-117.014975,Simplified,Monoculture,Associated plant species,Grape,326_C1,326_T2,Insect,Pests,Abundance,standard deviation,22.623,2.295,8,6.557,0.983,24,g per cluster,78.7918,64.605965052772,40,53.423,31.2317377038166,60,1,1
1676,326,"Irvin N.A., Bistline-East A., Hoddle M.S.",2016,United States of America,33.558386,-117.014975,Simplified,Monoculture,Associated plant species,Grape,326_C2,326_T1,Insect,Pests,Abundance,standard deviation,16.065,2.95,8,15.082,0.623,12,g per cluster,55.193,40.8022361936206,40,74.334,42.7059278086778,30,1,1
1677,326,"Irvin N.A., Bistline-East A., Hoddle M.S.",2016,United States of America,33.558386,-117.014975,Simplified,Monoculture,Associated plant species,Grape,326_C2,326_T2,Insect,Pests,Abundance,standard deviation,22.623,2.295,8,15.082,0.623,12,g per cluster,78.7918,64.605965052772,40,74.334,42.7059278086778,30,1,1
1678,326,"Irvin N.A., Bistline-East A., Hoddle M.S.",2016,United States of America,33.558386,-117.014975,Simplified,Monoculture,Associated plant species,Grape,326_C1,326_T1,Insect,Natural enemies,Abundance,standard deviation,22.95,8.196,8,1.639,1.311,24,g per cluster,55.193,40.8022361936206,40,53.423,31.2317377038166,60,1,1
1679,326,"Irvin N.A., Bistline-East A., Hoddle M.S.",2016,United States of America,33.558386,-117.014975,Simplified,Monoculture,Associated plant species,Grape,326_C1,326_T2,Insect,Natural enemies,Abundance,standard deviation,7.868,3.93,8,1.639,1.311,24,g per cluster,78.7918,64.605965052772,40,53.423,31.2317377038166,60,1,1
1680,326,"Irvin N.A., Bistline-East A., Hoddle M.S.",2016,United States of America,33.558386,-117.014975,Simplified,Monoculture,Associated plant species,Grape,326_C2,326_T1,Insect,Natural enemies,Abundance,standard deviation,22.95,8.196,8,0.983,1.639,12,g per cluster,55.193,40.8022361936206,40,74.334,42.7059278086778,30,1,1
1681,326,"Irvin N.A., Bistline-East A., Hoddle M.S.",2016,United States of America,33.558386,-117.014975,Simplified,Monoculture,Associated plant species,Grape,326_C2,326_T2,Insect,Natural enemies,Abundance,standard deviation,7.868,3.93,8,0.983,1.639,12,g per cluster,78.7918,64.605965052772,40,74.334,42.7059278086778,30,1,1
1722,356,"Smith R., Bettiga L., Cahn M., Baumgartner K., Jackson L.E., Bensen T.",2008,United States of America,45.68715961,-112.49310668,Simplified,Monoculture,Associated plant species,Grape,356_C1,356_T1,Fungi,Decomposers,Colonization Percent,confidence intervals,25.674,7.56243223234984,9,20.8304,6.14439487930299,9,kg/vine,6.48,NA,60,6.14,NA,60,NA,NA
1723,356,"Smith R., Bettiga L., Cahn M., Baumgartner K., Jackson L.E., Bensen T.",2008,United States of America,45.68715961,-112.49310668,Simplified,Monoculture,Associated plant species,Grape,356_C1,356_T2,Fungi,Decomposers,Colonization Percent,confidence intervals,19.498,5.82956456789259,9,20.8304,6.14439487930299,9,kg/vine,5.98,NA,60,6.14,NA,60,NA,NA
1724,356,"Smith R., Bettiga L., Cahn M., Baumgartner K., Jackson L.E., Bensen T.",2008,United States of America,45.68715961,-112.49310668,Simplified,Monoculture,Associated plant species,Grape,356_C2,356_T3,Fungi,Decomposers,Colonization Percent,confidence intervals,16.349,4.72635752625614,9,25.917,7.08888581353419,9,kg/vine,6.48,NA,60,6.14,NA,60,NA,NA
1725,356,"Smith R., Bettiga L., Cahn M., Baumgartner K., Jackson L.E., Bensen T.",2008,United States of America,45.68715961,-112.49310668,Simplified,Monoculture,Associated plant species,Grape,356_C2,356_T4,Fungi,Decomposers,Colonization Percent,confidence intervals,22.162,6.45922519071339,9,25.917,7.08888581353419,9,kg/vine,5.98,NA,60,6.14,NA,60,NA,NA
1726,356,"Smith R., Bettiga L., Cahn M., Baumgartner K., Jackson L.E., Bensen T.",2008,United States of America,45.68715961,-112.49310668,Simplified,Monoculture,Associated plant species,Grape,356_C3,356_T5,Fungi,Decomposers,Colonization Percent,confidence intervals,27.249,8.03467769946544,9,23.01,6.61664034641859,9,kg/vine,6.48,NA,60,6.14,NA,60,NA,NA
1727,356,"Smith R., Bettiga L., Cahn M., Baumgartner K., Jackson L.E., Bensen T.",2008,United States of America,45.68715961,-112.49310668,Simplified,Monoculture,Associated plant species,Grape,356_C3,356_T6,Fungi,Decomposers,Colonization Percent,confidence intervals,23.131,6.93147065782899,9,23.01,6.61664034641859,9,kg/vine,5.98,NA,60,6.14,NA,60,NA,NA
1730,365,"Stamps W.T., Woods T.W., Linit M.J., Garrett H.E.",2002,United States of America,37.833333,-93.833333,Simplified,Monoculture,Agroforestry,Walnut,365_C1,365_T1,Arthropods,Other,Abundance,standard deviation,185,226,120,29,41,120,nuts/tree,338,131,72,667,233,72,1,1
1731,365,"Stamps W.T., Woods T.W., Linit M.J., Garrett H.E.",2002,United States of America,37.833333,-93.833333,Simplified,Monoculture,Agroforestry,Walnut,365_C1,365_T2,Arthropods,Other,Abundance,standard deviation,65,54,120,29,41,120,nuts/tree,422,195,72,667,233,72,1,1
1732,365,"Stamps W.T., Woods T.W., Linit M.J., Garrett H.E.",2002,United States of America,37.833333,-93.833333,Simplified,Monoculture,Agroforestry,Walnut,365_C1,365_T2,Arthropods,Other,Shannon index,standard deviation,1.59,0.39,120,0.89,0.47,120,nuts/tree,422,195,72,667,233,72,1,1
1733,365,"Stamps W.T., Woods T.W., Linit M.J., Garrett H.E.",2002,United States of America,37.833333,-93.833333,Simplified,Monoculture,Agroforestry,Walnut,365_C1,365_T1,Arthropods,Other,Shannon index,standard deviation,1.8,0.41,120,0.89,0.47,120,nuts/tree,338,131,72,667,233,72,1,1
1734,365,"Stamps W.T., Woods T.W., Linit M.J., Garrett H.E.",2002,United States of America,37.833333,-93.833333,Simplified,Monoculture,Agroforestry,Walnut,365_C1,365_T1,Arthropods,Other,Simpson Index,standard deviation,5.02,2.11,120,3.01,4.57,120,nuts/tree,338,131,72,667,233,72,1,1
1735,365,"Stamps W.T., Woods T.W., Linit M.J., Garrett H.E.",2002,United States of America,37.833333,-93.833333,Simplified,Monoculture,Agroforestry,Walnut,365_C1,365_T2,Arthropods,Other,Simpson Index,standard deviation,4.28,1.85,120,3.01,4.57,120,nuts/tree,422,195,72,667,233,72,1,1
1736,365,"Stamps W.T., Woods T.W., Linit M.J., Garrett H.E.",2002,United States of America,37.833333,-93.833333,Simplified,Monoculture,Agroforestry,Walnut,365_C1,365_T2,Arthropods,Other,Species Eveness,standard deviation,0.74,0.19,120,0.62,0.31,120,nuts/tree,422,195,72,667,233,72,1,1
1737,365,"Stamps W.T., Woods T.W., Linit M.J., Garrett H.E.",2002,United States of America,37.833333,-93.833333,Simplified,Monoculture,Agroforestry,Walnut,365_C1,365_T1,Arthropods,Other,Species Eveness,standard deviation,0.71,0.16,120,0.62,0.31,120,nuts/tree,338,131,72,667,233,72,1,1
1738,365,"Stamps W.T., Woods T.W., Linit M.J., Garrett H.E.",2002,United States of America,37.833333,-93.833333,Simplified,Monoculture,Agroforestry,Walnut,365_C1,365_T2,Arthropods,Other,Species richness,standard deviation,10,4,120,5,3,120,nuts/tree,422,195,72,667,233,72,1,1
1739,365,"Stamps W.T., Woods T.W., Linit M.J., Garrett H.E.",2002,United States of America,37.833333,-93.833333,Simplified,Monoculture,Agroforestry,Walnut,365_C1,365_T1,Arthropods,Other,Species richness,standard deviation,14,5,120,5,3,120,nuts/tree,338,131,72,667,233,72,1,1
1787,406,"Kazakou, E; Fried, G; Richarte, J; Gimenez, O; Violle, C; Metay, A",2016,France,43.531412,3.832936,Simplified,Monoculture,Associated plant species,Grape,406_C1,406_T1,Herb,Pests,Shannon index,standard error,1.38,0.41569219381653,12,1.76,0.450333209967908,12,kg/ha,8029.264214,3969.79365212337,23,13685.61873,3837.46719726041,23,1,1
1789,406,"Kazakou, E; Fried, G; Richarte, J; Gimenez, O; Violle, C; Metay, A",2016,France,43.531412,3.832936,Simplified,Monoculture,Associated plant species,Grape,406_C1,406_T1,Herb,Pests,Species richness,standard error,8.76,2.94448637286709,12,11.1,4.60725514813321,12,kg/ha,8029.264214,3969.79365212337,23,13685.61873,3837.46719726041,23,1,1
1791,406,"Kazakou, E; Fried, G; Richarte, J; Gimenez, O; Violle, C; Metay, A",2016,France,43.531412,3.832936,Simplified,Monoculture,Associated plant species,Grape,406_C1,406_T1,Herb,Pests,Shannon index,standard error,1.6,0.311769145362398,12,1.35,0.519615242270663,12,kg/ha,8029.264214,3969.79365212337,23,13685.61873,3837.46719726041,23,1,1
1793,406,"Kazakou, E; Fried, G; Richarte, J; Gimenez, O; Violle, C; Metay, A",2016,France,43.531412,3.832936,Simplified,Monoculture,Associated plant species,Grape,406_C1,406_T1,Herb,Pests,Species richness,standard error,9.77,2.39023011444505,12,5.69,2.0091789367799,12,kg/ha,8029.264214,3969.79365212337,23,13685.61873,3837.46719726041,23,1,1
1795,406,"Kazakou, E; Fried, G; Richarte, J; Gimenez, O; Violle, C; Metay, A",2016,France,43.531412,3.832936,Simplified,Monoculture,Associated plant species,Grape,406_C1,406_T1,Herb,Pests,Shannon index,standard error,1.71,0.27712812921102,12,1.71,0.27712812921102,12,kg/ha,8029.264214,3969.79365212337,23,13685.61873,3837.46719726041,23,1,1
1797,406,"Kazakou, E; Fried, G; Richarte, J; Gimenez, O; Violle, C; Metay, A",2016,France,43.531412,3.832936,Simplified,Monoculture,Associated plant species,Grape,406_C1,406_T1,Herb,Pests,Species richness,standard error,8.76,2.0091789367799,12,8.76,2.94448637286709,12,kg/ha,8029.264214,3969.79365212337,23,13685.61873,3837.46719726041,23,1,1
1799,406,"Kazakou, E; Fried, G; Richarte, J; Gimenez, O; Violle, C; Metay, A",2016,France,43.531412,3.832936,Simplified,Monoculture,Associated plant species,Grape,406_C1,406_T1,Herb,Pests,Shannon index,standard error,1.68,0.207846096908265,12,0.85,0.484974226119286,12,kg/ha,8029.264214,3969.79365212337,23,13685.61873,3837.46719726041,23,1,1
1801,406,"Kazakou, E; Fried, G; Richarte, J; Gimenez, O; Violle, C; Metay, A",2016,France,43.531412,3.832936,Simplified,Monoculture,Associated plant species,Grape,406_C1,406_T1,Herb,Pests,Species richness,standard error,9.66,2.21702503368816,12,3.41,1.10851251684408,12,kg/ha,8029.264214,3969.79365212337,23,13685.61873,3837.46719726041,23,1,1
1847,430,"Deguchi S., Shimazaki Y., Uozumi S., Tawaraya K., Kawamoto H., Tanaka O.",2007,Japan,39.7,141.15,Simplified,Monoculture,Associated plant species,Corn,430_C1,430_T1,Fungi,Decomposers,Colonization Percent,standard error,62.99,20.9578147715834,3,2.49,4.3128065108465,3,kg/ha,16064.52,2234.9049941747,3,7612.903,1005.70698757099,3,0,0
1848,430,"Deguchi S., Shimazaki Y., Uozumi S., Tawaraya K., Kawamoto H., Tanaka O.",2007,Japan,39.7,141.15,Simplified,Monoculture,Associated plant species,Corn,430_C1,430_T2,Fungi,Decomposers,Colonization Percent,standard error,57.65,7.39585694831911,3,2.49,4.3128065108465,3,kg/ha,14709.68,2123.15827222277,3,7612.903,1005.70698757099,3,0,0
1849,430,"Deguchi S., Shimazaki Y., Uozumi S., Tawaraya K., Kawamoto H., Tanaka O.",2007,Japan,39.7,141.15,Simplified,Monoculture,Associated plant species,Corn,430_C2,430_T1,Fungi,Decomposers,Colonization Percent,standard error,62.99,20.9578147715834,3,1.42,1.8532943640987,3,kg/ha,16064.52,2234.9049941747,3,7161.29,2681.88495377915,3,0,0
1850,430,"Deguchi S., Shimazaki Y., Uozumi S., Tawaraya K., Kawamoto H., Tanaka O.",2007,Japan,39.7,141.15,Simplified,Monoculture,Associated plant species,Corn,430_C2,430_T2,Fungi,Decomposers,Colonization Percent,standard error,57.65,7.39585694831911,3,1.42,1.8532943640987,3,kg/ha,14709.68,2123.15827222277,3,7161.29,2681.88495377915,3,0,0
1851,430,"Deguchi S., Shimazaki Y., Uozumi S., Tawaraya K., Kawamoto H., Tanaka O.",2007,Japan,39.7,141.15,Simplified,Monoculture,Associated plant species,Corn,430_C3,430_T1,Fungi,Decomposers,Colonization Percent,standard error,62.99,20.9578147715834,3,3.91,3.7065887281974,3,kg/ha,16064.52,2234.9049941747,3,12064.52,2123.15827222277,3,0,0
1852,430,"Deguchi S., Shimazaki Y., Uozumi S., Tawaraya K., Kawamoto H., Tanaka O.",2007,Japan,39.7,141.15,Simplified,Monoculture,Associated plant species,Corn,430_C3,430_T2,Fungi,Decomposers,Colonization Percent,standard error,57.65,7.39585694831911,3,3.91,3.7065887281974,3,kg/ha,14709.68,2123.15827222277,3,12064.52,2123.15827222277,3,0,0
1853,430,"Deguchi S., Shimazaki Y., Uozumi S., Tawaraya K., Kawamoto H., Tanaka O.",2007,Japan,39.7,141.15,Simplified,Monoculture,Associated plant species,Corn,430_C4,430_T1,Fungi,Decomposers,Colonization Percent,standard error,62.99,20.9578147715834,3,2.14,1.8532943640987,3,kg/ha,16064.52,2234.9049941747,3,14967.74,1229.19731378338,3,0,0
1854,430,"Deguchi S., Shimazaki Y., Uozumi S., Tawaraya K., Kawamoto H., Tanaka O.",2007,Japan,39.7,141.15,Simplified,Monoculture,Associated plant species,Corn,430_C4,430_T2,Fungi,Decomposers,Colonization Percent,standard error,57.65,7.39585694831911,3,2.14,1.8532943640987,3,kg/ha,14709.68,2123.15827222277,3,14967.74,1229.19731378338,3,0,0
1855,430,"Deguchi S., Shimazaki Y., Uozumi S., Tawaraya K., Kawamoto H., Tanaka O.",2007,Japan,39.7,141.15,Simplified,Monoculture,Associated plant species,Corn,430_C5,430_T1,Fungi,Decomposers,Colonization Percent,standard error,62.99,20.9578147715834,3,1.42,1.8532943640987,3,kg/ha,16064.52,2234.9049941747,3,14580.65,782.216488153523,3,0,0
1856,430,"Deguchi S., Shimazaki Y., Uozumi S., Tawaraya K., Kawamoto H., Tanaka O.",2007,Japan,39.7,141.15,Simplified,Monoculture,Associated plant species,Corn,430_C5,430_T2,Fungi,Decomposers,Colonization Percent,standard error,57.65,7.39585694831911,3,1.42,1.8532943640987,3,kg/ha,14709.68,2123.15827222277,3,14580.65,782.216488153523,3,0,0
1857,430,"Deguchi S., Shimazaki Y., Uozumi S., Tawaraya K., Kawamoto H., Tanaka O.",2007,Japan,39.7,141.15,Simplified,Monoculture,Associated plant species,Corn,430_C1,430_T1,Fungi,Decomposers,Colonization Percent,standard error,88.61,4.3128065108465,3,21.08,26.3618132911983,3,kg/ha,16064.52,2234.9049941747,3,7612.903,1005.70698757099,3,0,0
1858,430,"Deguchi S., Shimazaki Y., Uozumi S., Tawaraya K., Kawamoto H., Tanaka O.",2007,Japan,39.7,141.15,Simplified,Monoculture,Associated plant species,Corn,430_C1,430_T2,Fungi,Decomposers,Colonization Percent,standard error,89.67,7.41317745639479,3,21.08,26.3618132911983,3,kg/ha,14709.68,2123.15827222277,3,7612.903,1005.70698757099,3,0,0
1859,430,"Deguchi S., Shimazaki Y., Uozumi S., Tawaraya K., Kawamoto H., Tanaka O.",2007,Japan,39.7,141.15,Simplified,Monoculture,Associated plant species,Corn,430_C2,430_T1,Fungi,Decomposers,Colonization Percent,standard error,88.61,4.3128065108465,3,14.95,8.0193952390439,3,kg/ha,16064.52,2234.9049941747,3,7161.29,2681.88495377915,3,0,0
1860,430,"Deguchi S., Shimazaki Y., Uozumi S., Tawaraya K., Kawamoto H., Tanaka O.",2007,Japan,39.7,141.15,Simplified,Monoculture,Associated plant species,Corn,430_C2,430_T2,Fungi,Decomposers,Colonization Percent,standard error,89.67,7.41317745639479,3,14.95,8.0193952390439,3,kg/ha,14709.68,2123.15827222277,3,7161.29,2681.88495377915,3,0,0
1861,430,"Deguchi S., Shimazaki Y., Uozumi S., Tawaraya K., Kawamoto H., Tanaka O.",2007,Japan,39.7,141.15,Simplified,Monoculture,Associated plant species,Corn,430_C3,430_T1,Fungi,Decomposers,Colonization Percent,standard error,88.61,4.3128065108465,3,31.67,23.4173269183312,3,kg/ha,16064.52,2234.9049941747,3,12064.52,2123.15827222277,3,0,0
1862,430,"Deguchi S., Shimazaki Y., Uozumi S., Tawaraya K., Kawamoto H., Tanaka O.",2007,Japan,39.7,141.15,Simplified,Monoculture,Associated plant species,Corn,430_C3,430_T2,Fungi,Decomposers,Colonization Percent,standard error,89.67,7.41317745639479,3,31.67,23.4173269183312,3,kg/ha,14709.68,2123.15827222277,3,12064.52,2123.15827222277,3,0,0
1863,430,"Deguchi S., Shimazaki Y., Uozumi S., Tawaraya K., Kawamoto H., Tanaka O.",2007,Japan,39.7,141.15,Simplified,Monoculture,Associated plant species,Corn,430_C4,430_T1,Fungi,Decomposers,Colonization Percent,standard error,88.61,4.3128065108465,3,27.4,15.415252187363,3,kg/ha,16064.52,2234.9049941747,3,14967.74,1229.19731378338,3,0,0
1864,430,"Deguchi S., Shimazaki Y., Uozumi S., Tawaraya K., Kawamoto H., Tanaka O.",2007,Japan,39.7,141.15,Simplified,Monoculture,Associated plant species,Corn,430_C4,430_T2,Fungi,Decomposers,Colonization Percent,standard error,89.67,7.41317745639479,3,27.4,15.415252187363,3,kg/ha,14709.68,2123.15827222277,3,14967.74,1229.19731378338,3,0,0
1865,430,"Deguchi S., Shimazaki Y., Uozumi S., Tawaraya K., Kawamoto H., Tanaka O.",2007,Japan,39.7,141.15,Simplified,Monoculture,Associated plant species,Corn,430_C5,430_T1,Fungi,Decomposers,Colonization Percent,standard error,88.61,4.3128065108465,3,22.78,12.3322017498904,3,kg/ha,16064.52,2234.9049941747,3,14580.65,782.216488153523,3,0,0
1866,430,"Deguchi S., Shimazaki Y., Uozumi S., Tawaraya K., Kawamoto H., Tanaka O.",2007,Japan,39.7,141.15,Simplified,Monoculture,Associated plant species,Corn,430_C5,430_T2,Fungi,Decomposers,Colonization Percent,standard error,89.67,7.41317745639479,3,22.78,12.3322017498904,3,kg/ha,14709.68,2123.15827222277,3,14580.65,782.216488153523,3,0,0
1867,430,"Deguchi S., Shimazaki Y., Uozumi S., Tawaraya K., Kawamoto H., Tanaka O.",2007,Japan,39.7,141.15,Simplified,Monoculture,Associated plant species,Corn,430_C1,430_T1,Fungi,Decomposers,Colonization Percent,standard error,79,8.0193952390439,3,58.36,11.1024456765165,3,kg/ha,16064.52,2234.9049941747,3,7612.903,1005.70698757099,3,0,0
1868,430,"Deguchi S., Shimazaki Y., Uozumi S., Tawaraya K., Kawamoto H., Tanaka O.",2007,Japan,39.7,141.15,Simplified,Monoculture,Associated plant species,Corn,430_C1,430_T2,Fungi,Decomposers,Colonization Percent,standard error,83.27,4.3128065108465,3,58.36,11.1024456765165,3,kg/ha,14709.68,2123.15827222277,3,7612.903,1005.70698757099,3,0,0
1869,430,"Deguchi S., Shimazaki Y., Uozumi S., Tawaraya K., Kawamoto H., Tanaka O.",2007,Japan,39.7,141.15,Simplified,Monoculture,Associated plant species,Corn,430_C2,430_T1,Fungi,Decomposers,Colonization Percent,standard error,79,8.0193952390439,3,71.17,14.7917138966382,3,kg/ha,16064.52,2234.9049941747,3,7161.29,2681.88495377915,3,0,0
1870,430,"Deguchi S., Shimazaki Y., Uozumi S., Tawaraya K., Kawamoto H., Tanaka O.",2007,Japan,39.7,141.15,Simplified,Monoculture,Associated plant species,Corn,430_C2,430_T2,Fungi,Decomposers,Colonization Percent,standard error,83.27,4.3128065108465,3,71.17,14.7917138966382,3,kg/ha,14709.68,2123.15827222277,3,7161.29,2681.88495377915,3,0,0
1871,430,"Deguchi S., Shimazaki Y., Uozumi S., Tawaraya K., Kawamoto H., Tanaka O.",2007,Japan,39.7,141.15,Simplified,Monoculture,Associated plant species,Corn,430_C3,430_T1,Fungi,Decomposers,Colonization Percent,standard error,79,8.0193952390439,3,53.02,11.1024456765165,3,kg/ha,16064.52,2234.9049941747,3,12064.52,2123.15827222277,3,0,0
1872,430,"Deguchi S., Shimazaki Y., Uozumi S., Tawaraya K., Kawamoto H., Tanaka O.",2007,Japan,39.7,141.15,Simplified,Monoculture,Associated plant species,Corn,430_C3,430_T2,Fungi,Decomposers,Colonization Percent,standard error,83.27,4.3128065108465,3,53.02,11.1024456765165,3,kg/ha,14709.68,2123.15827222277,3,12064.52,2123.15827222277,3,0,0
1873,430,"Deguchi S., Shimazaki Y., Uozumi S., Tawaraya K., Kawamoto H., Tanaka O.",2007,Japan,39.7,141.15,Simplified,Monoculture,Associated plant species,Corn,430_C4,430_T1,Fungi,Decomposers,Colonization Percent,standard error,79,8.0193952390439,3,52.31,4.9363448015713,3,kg/ha,16064.52,2234.9049941747,3,14967.74,1229.19731378338,3,0,0
1874,430,"Deguchi S., Shimazaki Y., Uozumi S., Tawaraya K., Kawamoto H., Tanaka O.",2007,Japan,39.7,141.15,Simplified,Monoculture,Associated plant species,Corn,430_C4,430_T2,Fungi,Decomposers,Colonization Percent,standard error,83.27,4.3128065108465,3,52.31,4.9363448015713,3,kg/ha,14709.68,2123.15827222277,3,14967.74,1229.19731378338,3,0,0
1875,430,"Deguchi S., Shimazaki Y., Uozumi S., Tawaraya K., Kawamoto H., Tanaka O.",2007,Japan,39.7,141.15,Simplified,Monoculture,Associated plant species,Corn,430_C5,430_T1,Fungi,Decomposers,Colonization Percent,standard error,79,8.0193952390439,3,57.3,9.2491513124178,3,kg/ha,16064.52,2234.9049941747,3,14580.65,782.216488153523,3,0,0
1876,430,"Deguchi S., Shimazaki Y., Uozumi S., Tawaraya K., Kawamoto H., Tanaka O.",2007,Japan,39.7,141.15,Simplified,Monoculture,Associated plant species,Corn,430_C5,430_T2,Fungi,Decomposers,Colonization Percent,standard error,83.27,4.3128065108465,3,57.3,9.2491513124178,3,kg/ha,14709.68,2123.15827222277,3,14580.65,782.216488153523,3,0,0
2037,525,"Zhou H.-B., Chen J.-L., Liu Y., Francis F., Haubruge E., Bragard C., Sun J.-R., Cheng D.-F.",2013,China,39.5,116.616666666666,Simplified,Monoculture,Intercropping,Wheat-Garlic,525_C8,525_T4,Insect,Natural enemies,Abundance,standard deviation,3.04,1.93,4,3.04,1.93,4,kg/ha,5726.4,408,4,4814.4,231.2,4,NA,NA
2050,525,"Zhou H.-B., Chen J.-L., Liu Y., Francis F., Haubruge E., Bragard C., Sun J.-R., Cheng D.-F.",2013,China,39.5,116.616666666666,Simplified,Monoculture,Intercropping,Wheat-Garlic,525_C1,525_T1,Insect,Pests,Abundance,standard deviation,4266.06,160.55,100,3188.07,183.49,100,kg/ha,4771.2,457,4,4737.6,307.8,4,NA,NA
2051,525,"Zhou H.-B., Chen J.-L., Liu Y., Francis F., Haubruge E., Bragard C., Sun J.-R., Cheng D.-F.",2013,China,39.5,116.616666666666,Simplified,Monoculture,Intercropping,Wheat-Garlic,525_C1,525_T2,Insect,Pests,Abundance,standard deviation,3087.56,138.25,100,3188.07,183.49,100,kg/ha,5726.4,408,4,4737.6,307.8,4,NA,NA
2052,525,"Zhou H.-B., Chen J.-L., Liu Y., Francis F., Haubruge E., Bragard C., Sun J.-R., Cheng D.-F.",2013,China,39.5,116.616666666666,Simplified,Monoculture,Intercropping,Wheat-Garlic,525_C3,525_T1,Insect,Pests,Abundance,standard deviation,4266.06,160.55,100,4678.9,183.49,100,kg/ha,4771.2,457,4,4075.2,538.8,4,NA,NA
2053,525,"Zhou H.-B., Chen J.-L., Liu Y., Francis F., Haubruge E., Bragard C., Sun J.-R., Cheng D.-F.",2013,China,39.5,116.616666666666,Simplified,Monoculture,Intercropping,Wheat-Garlic,525_C3,525_T2,Insect,Pests,Abundance,standard deviation,3087.56,138.25,100,4678.9,183.49,100,kg/ha,5726.4,408,4,4075.2,538.8,4,NA,NA
2054,525,"Zhou H.-B., Chen J.-L., Liu Y., Francis F., Haubruge E., Bragard C., Sun J.-R., Cheng D.-F.",2013,China,39.5,116.616666666666,Simplified,Monoculture,Intercropping,Wheat-Garlic,525_C5,525_T1,Insect,Pests,Abundance,standard deviation,4266.06,160.55,100,2995.39,138.25,100,kg/ha,4771.2,457,4,6182.4,457.6,4,NA,NA
2055,525,"Zhou H.-B., Chen J.-L., Liu Y., Francis F., Haubruge E., Bragard C., Sun J.-R., Cheng D.-F.",2013,China,39.5,116.616666666666,Simplified,Monoculture,Intercropping,Wheat-Garlic,525_C5,525_T2,Insect,Pests,Abundance,standard deviation,3087.56,138.25,100,2995.39,138.25,100,kg/ha,5726.4,408,4,6182.4,457.6,4,NA,NA
2056,525,"Zhou H.-B., Chen J.-L., Liu Y., Francis F., Haubruge E., Bragard C., Sun J.-R., Cheng D.-F.",2013,China,39.5,116.616666666666,Simplified,Monoculture,Intercropping,Wheat-Garlic,525_C6,525_T1,Insect,Pests,Abundance,standard deviation,4266.06,160.55,100,4723.5,161.29,100,kg/ha,4771.2,457,4,4814.4,231.2,4,NA,NA
2057,525,"Zhou H.-B., Chen J.-L., Liu Y., Francis F., Haubruge E., Bragard C., Sun J.-R., Cheng D.-F.",2013,China,39.5,116.616666666666,Simplified,Monoculture,Intercropping,Wheat-Garlic,525_C6,525_T2,Insect,Pests,Abundance,standard deviation,3087.56,138.25,100,4723.5,161.29,100,kg/ha,5726.4,408,4,4814.4,231.2,4,NA,NA
2058,525,"Zhou H.-B., Chen J.-L., Liu Y., Francis F., Haubruge E., Bragard C., Sun J.-R., Cheng D.-F.",2013,China,39.5,116.616666666666,Simplified,Monoculture,Intercropping,Wheat-Garlic,525_C2,525_T1,Insect,Pests,Abundance,standard deviation,4266.06,160.55,100,3577.98,114.68,100,kg/ha,4771.2,457,4,5020.8,304.8,4,NA,NA
2059,525,"Zhou H.-B., Chen J.-L., Liu Y., Francis F., Haubruge E., Bragard C., Sun J.-R., Cheng D.-F.",2013,China,39.5,116.616666666666,Simplified,Monoculture,Intercropping,Wheat-Garlic,525_C2,525_T2,Insect,Pests,Abundance,standard deviation,3087.56,138.25,100,3577.98,114.68,100,kg/ha,5726.4,408,4,5020.8,304.8,4,NA,NA
2060,525,"Zhou H.-B., Chen J.-L., Liu Y., Francis F., Haubruge E., Bragard C., Sun J.-R., Cheng D.-F.",2013,China,39.5,116.616666666666,Simplified,Monoculture,Intercropping,Wheat-Garlic,525_C4,525_T1,Insect,Pests,Abundance,standard deviation,4266.06,160.55,100,2995.39,138.25,100,kg/ha,4771.2,457,4,5736,189,4,NA,NA
2061,525,"Zhou H.-B., Chen J.-L., Liu Y., Francis F., Haubruge E., Bragard C., Sun J.-R., Cheng D.-F.",2013,China,39.5,116.616666666666,Simplified,Monoculture,Intercropping,Wheat-Garlic,525_C4,525_T2,Insect,Pests,Abundance,standard deviation,3087.56,138.25,100,2995.39,138.25,100,kg/ha,5726.4,408,4,5736,189,4,NA,NA
2062,525,"Zhou H.-B., Chen J.-L., Liu Y., Francis F., Haubruge E., Bragard C., Sun J.-R., Cheng D.-F.",2013,China,39.5,116.616666666666,Simplified,Monoculture,Intercropping,Wheat-Garlic,525_C1,525_T1,Insect,Pests,Abundance,standard deviation,597.7,22.99,100,1149.43,114.94,100,kg/ha,4771.2,457,4,4737.6,307.8,4,NA,NA
2064,525,"Zhou H.-B., Chen J.-L., Liu Y., Francis F., Haubruge E., Bragard C., Sun J.-R., Cheng D.-F.",2013,China,39.5,116.616666666666,Simplified,Monoculture,Intercropping,Wheat-Garlic,525_C2,525_T1,Insect,Pests,Abundance,standard deviation,597.7,22.99,100,873.56,68.97,100,kg/ha,4771.2,457,4,5020.8,304.8,4,NA,NA
2066,525,"Zhou H.-B., Chen J.-L., Liu Y., Francis F., Haubruge E., Bragard C., Sun J.-R., Cheng D.-F.",2013,China,39.5,116.616666666666,Simplified,Monoculture,Intercropping,Wheat-Garlic,525_C3,525_T1,Insect,Pests,Abundance,standard deviation,597.7,22.99,100,1287.36,91.95,100,kg/ha,4771.2,457,4,4075.2,538.8,4,NA,NA
2086,525,"Zhou H.-B., Chen J.-L., Liu Y., Francis F., Haubruge E., Bragard C., Sun J.-R., Cheng D.-F.",2013,China,39.5,116.616666666666,Simplified,Monoculture,Intercropping,Wheat-Garlic,525_C8,525_T4,Insect,Natural enemies,Abundance,standard deviation,22.09,4.14,4,18.22,2.48,4,kg/ha,5726.4,408,4,4814.4,231.2,4,NA,NA
2102,525,"Zhou H.-B., Chen J.-L., Liu Y., Francis F., Haubruge E., Bragard C., Sun J.-R., Cheng D.-F.",2013,China,39.5,116.616666666666,Simplified,Monoculture,Intercropping,Wheat-Garlic,525_C8,525_T4,Insect,Natural enemies,Abundance,standard deviation,58.8,4.14,4,35.89,4.97,4,kg/ha,5726.4,408,4,4814.4,231.2,4,NA,NA
2103,525,"Zhou H.-B., Chen J.-L., Liu Y., Francis F., Haubruge E., Bragard C., Sun J.-R., Cheng D.-F.",2013,China,39.5,116.616666666666,Simplified,Monoculture,Intercropping,Wheat-Garlic,525_C8,525_T3,Insect,Natural enemies,Abundance,standard deviation,88.74,7.26,4,35.89,4.97,4,kg/ha,4771.2,457,4,4814.4,231.2,4,NA,NA
2104,525,"Zhou H.-B., Chen J.-L., Liu Y., Francis F., Haubruge E., Bragard C., Sun J.-R., Cheng D.-F.",2013,China,39.5,116.616666666666,Simplified,Monoculture,Intercropping,Wheat-Garlic,525_C7,525_T4,Insect,Natural enemies,Abundance,standard deviation,58.8,4.14,4,52.42,5.68,4,kg/ha,5726.4,408,4,4075.2,538.8,4,NA,NA
2105,525,"Zhou H.-B., Chen J.-L., Liu Y., Francis F., Haubruge E., Bragard C., Sun J.-R., Cheng D.-F.",2013,China,39.5,116.616666666666,Simplified,Monoculture,Intercropping,Wheat-Garlic,525_C7,525_T3,Insect,Natural enemies,Abundance,standard deviation,88.74,7.26,4,52.42,5.68,4,kg/ha,4771.2,457,4,4075.2,538.8,4,NA,NA
2118,525,"Zhou H.-B., Chen J.-L., Liu Y., Francis F., Haubruge E., Bragard C., Sun J.-R., Cheng D.-F.",2013,China,39.5,116.616666666666,Simplified,Monoculture,Intercropping,Wheat-Garlic,525_C8,525_T4,Insect,Natural enemies,Abundance,standard deviation,80.61,4.69,4,44.45,1.1,4,kg/ha,5726.4,408,4,4814.4,231.2,4,NA,NA
2119,525,"Zhou H.-B., Chen J.-L., Liu Y., Francis F., Haubruge E., Bragard C., Sun J.-R., Cheng D.-F.",2013,China,39.5,116.616666666666,Simplified,Monoculture,Intercropping,Wheat-Garlic,525_C8,525_T3,Insect,Natural enemies,Abundance,standard deviation,99.16,7.58,4,44.45,1.1,4,kg/ha,4771.2,457,4,4814.4,231.2,4,NA,NA
2120,525,"Zhou H.-B., Chen J.-L., Liu Y., Francis F., Haubruge E., Bragard C., Sun J.-R., Cheng D.-F.",2013,China,39.5,116.616666666666,Simplified,Monoculture,Intercropping,Wheat-Garlic,525_C7,525_T4,Insect,Natural enemies,Abundance,standard deviation,80.61,4.69,4,65.37,6.32,4,kg/ha,5726.4,408,4,4075.2,538.8,4,NA,NA
2121,525,"Zhou H.-B., Chen J.-L., Liu Y., Francis F., Haubruge E., Bragard C., Sun J.-R., Cheng D.-F.",2013,China,39.5,116.616666666666,Simplified,Monoculture,Intercropping,Wheat-Garlic,525_C7,525_T3,Insect,Natural enemies,Abundance,standard deviation,99.16,7.58,4,65.37,6.32,4,kg/ha,4771.2,457,4,4075.2,538.8,4,NA,NA
2134,525,"Zhou H.-B., Chen J.-L., Liu Y., Francis F., Haubruge E., Bragard C., Sun J.-R., Cheng D.-F.",2013,China,39.5,116.616666666666,Simplified,Monoculture,Intercropping,Wheat-Garlic,525_C7,525_T3,Insect,Natural enemies,Abundance,standard deviation,58.42,5.05,4,45.47,5.37,4,kg/ha,4771.2,457,4,4075.2,538.8,4,NA,NA
2135,525,"Zhou H.-B., Chen J.-L., Liu Y., Francis F., Haubruge E., Bragard C., Sun J.-R., Cheng D.-F.",2013,China,39.5,116.616666666666,Simplified,Monoculture,Intercropping,Wheat-Garlic,525_C7,525_T4,Insect,Natural enemies,Abundance,standard deviation,73.16,6.07,4,45.47,5.37,4,kg/ha,5726.4,408,4,4075.2,538.8,4,NA,NA
2136,525,"Zhou H.-B., Chen J.-L., Liu Y., Francis F., Haubruge E., Bragard C., Sun J.-R., Cheng D.-F.",2013,China,39.5,116.616666666666,Simplified,Monoculture,Intercropping,Wheat-Garlic,525_C8,525_T3,Insect,Natural enemies,Abundance,standard deviation,58.42,5.05,4,40.86,3.87,4,kg/ha,4771.2,457,4,4814.4,231.2,4,NA,NA
2137,525,"Zhou H.-B., Chen J.-L., Liu Y., Francis F., Haubruge E., Bragard C., Sun J.-R., Cheng D.-F.",2013,China,39.5,116.616666666666,Simplified,Monoculture,Intercropping,Wheat-Garlic,525_C8,525_T4,Insect,Natural enemies,Abundance,standard deviation,73.16,6.07,4,40.86,3.87,4,kg/ha,5726.4,408,4,4814.4,231.2,4,NA,NA
2162,525,"Zhou H.-B., Chen J.-L., Liu Y., Francis F., Haubruge E., Bragard C., Sun J.-R., Cheng D.-F.",2013,China,39.5,116.616666666666,Simplified,Monoculture,Intercropping,Wheat-Garlic,525_C1,525_T1,Insect,Pests,Abundance,standard deviation,1241.38,91.95,100,1057.47,91.95,100,kg/ha,4771.2,457,4,4737.6,307.8,4,NA,NA
2163,525,"Zhou H.-B., Chen J.-L., Liu Y., Francis F., Haubruge E., Bragard C., Sun J.-R., Cheng D.-F.",2013,China,39.5,116.616666666666,Simplified,Monoculture,Intercropping,Wheat-Garlic,525_C1,525_T2,Insect,Pests,Abundance,standard deviation,1338.46,92.31,100,1057.47,91.95,100,kg/ha,5726.4,408,4,4737.6,307.8,4,NA,NA
2164,525,"Zhou H.-B., Chen J.-L., Liu Y., Francis F., Haubruge E., Bragard C., Sun J.-R., Cheng D.-F.",2013,China,39.5,116.616666666666,Simplified,Monoculture,Intercropping,Wheat-Garlic,525_C3,525_T1,Insect,Pests,Abundance,standard deviation,1241.38,91.95,100,1402.3,114.94,100,kg/ha,4771.2,457,4,4075.2,538.8,4,NA,NA
2165,525,"Zhou H.-B., Chen J.-L., Liu Y., Francis F., Haubruge E., Bragard C., Sun J.-R., Cheng D.-F.",2013,China,39.5,116.616666666666,Simplified,Monoculture,Intercropping,Wheat-Garlic,525_C3,525_T2,Insect,Pests,Abundance,standard deviation,1338.46,92.31,100,1402.3,114.94,100,kg/ha,5726.4,408,4,4075.2,538.8,4,NA,NA
2166,525,"Zhou H.-B., Chen J.-L., Liu Y., Francis F., Haubruge E., Bragard C., Sun J.-R., Cheng D.-F.",2013,China,39.5,116.616666666666,Simplified,Monoculture,Intercropping,Wheat-Garlic,525_C5,525_T1,Insect,Pests,Abundance,standard deviation,1241.38,91.95,100,1038.46,92.31,100,kg/ha,4771.2,457,4,6182.4,457.6,4,NA,NA
2167,525,"Zhou H.-B., Chen J.-L., Liu Y., Francis F., Haubruge E., Bragard C., Sun J.-R., Cheng D.-F.",2013,China,39.5,116.616666666666,Simplified,Monoculture,Intercropping,Wheat-Garlic,525_C5,525_T2,Insect,Pests,Abundance,standard deviation,1338.46,92.31,100,1038.46,92.31,100,kg/ha,5726.4,408,4,6182.4,457.6,4,NA,NA
2168,525,"Zhou H.-B., Chen J.-L., Liu Y., Francis F., Haubruge E., Bragard C., Sun J.-R., Cheng D.-F.",2013,China,39.5,116.616666666666,Simplified,Monoculture,Intercropping,Wheat-Garlic,525_C6,525_T1,Insect,Pests,Abundance,standard deviation,1241.38,91.95,100,1915.38,69.23,100,kg/ha,4771.2,457,4,4814.4,231.2,4,NA,NA
2169,525,"Zhou H.-B., Chen J.-L., Liu Y., Francis F., Haubruge E., Bragard C., Sun J.-R., Cheng D.-F.",2013,China,39.5,116.616666666666,Simplified,Monoculture,Intercropping,Wheat-Garlic,525_C6,525_T2,Insect,Pests,Abundance,standard deviation,1338.46,92.31,100,1915.38,69.23,100,kg/ha,5726.4,408,4,4814.4,231.2,4,NA,NA
2170,525,"Zhou H.-B., Chen J.-L., Liu Y., Francis F., Haubruge E., Bragard C., Sun J.-R., Cheng D.-F.",2013,China,39.5,116.616666666666,Simplified,Monoculture,Intercropping,Wheat-Garlic,525_C2,525_T1,Insect,Pests,Abundance,standard deviation,1241.38,91.95,100,1195.4,91.95,100,kg/ha,4771.2,457,4,5020.8,304.8,4,NA,NA
2171,525,"Zhou H.-B., Chen J.-L., Liu Y., Francis F., Haubruge E., Bragard C., Sun J.-R., Cheng D.-F.",2013,China,39.5,116.616666666666,Simplified,Monoculture,Intercropping,Wheat-Garlic,525_C2,525_T2,Insect,Pests,Abundance,standard deviation,1338.46,92.31,100,1195.4,91.95,100,kg/ha,5726.4,408,4,5020.8,304.8,4,NA,NA
2172,525,"Zhou H.-B., Chen J.-L., Liu Y., Francis F., Haubruge E., Bragard C., Sun J.-R., Cheng D.-F.",2013,China,39.5,116.616666666666,Simplified,Monoculture,Intercropping,Wheat-Garlic,525_C4,525_T1,Insect,Pests,Abundance,standard deviation,1241.38,91.95,100,1223.08,46.15,100,kg/ha,4771.2,457,4,5736,189,4,NA,NA
2173,525,"Zhou H.-B., Chen J.-L., Liu Y., Francis F., Haubruge E., Bragard C., Sun J.-R., Cheng D.-F.",2013,China,39.5,116.616666666666,Simplified,Monoculture,Intercropping,Wheat-Garlic,525_C4,525_T2,Insect,Pests,Abundance,standard deviation,1338.46,92.31,100,1223.08,46.15,100,kg/ha,5726.4,408,4,5736,189,4,NA,NA
2174,525,"Zhou H.-B., Chen J.-L., Liu Y., Francis F., Haubruge E., Bragard C., Sun J.-R., Cheng D.-F.",2013,China,39.5,116.616666666666,Simplified,Monoculture,Intercropping,Wheat-Garlic,525_C1,525_T1,Insect,Pests,Abundance,standard deviation,2643.68,114.94,100,2321.84,114.94,100,kg/ha,4771.2,457,4,4737.6,307.8,4,NA,NA
2175,525,"Zhou H.-B., Chen J.-L., Liu Y., Francis F., Haubruge E., Bragard C., Sun J.-R., Cheng D.-F.",2013,China,39.5,116.616666666666,Simplified,Monoculture,Intercropping,Wheat-Garlic,525_C1,525_T2,Insect,Pests,Abundance,standard deviation,2584.62,92.31,100,2321.84,114.94,100,kg/ha,5726.4,408,4,4737.6,307.8,4,NA,NA
2176,525,"Zhou H.-B., Chen J.-L., Liu Y., Francis F., Haubruge E., Bragard C., Sun J.-R., Cheng D.-F.",2013,China,39.5,116.616666666666,Simplified,Monoculture,Intercropping,Wheat-Garlic,525_C2,525_T1,Insect,Pests,Abundance,standard deviation,2643.68,114.94,100,2298.85,137.93,100,kg/ha,4771.2,457,4,5020.8,304.8,4,NA,NA
2177,525,"Zhou H.-B., Chen J.-L., Liu Y., Francis F., Haubruge E., Bragard C., Sun J.-R., Cheng D.-F.",2013,China,39.5,116.616666666666,Simplified,Monoculture,Intercropping,Wheat-Garlic,525_C2,525_T2,Insect,Pests,Abundance,standard deviation,2584.62,92.31,100,2298.85,137.93,100,kg/ha,5726.4,408,4,5020.8,304.8,4,NA,NA
2178,525,"Zhou H.-B., Chen J.-L., Liu Y., Francis F., Haubruge E., Bragard C., Sun J.-R., Cheng D.-F.",2013,China,39.5,116.616666666666,Simplified,Monoculture,Intercropping,Wheat-Garlic,525_C4,525_T1,Insect,Pests,Abundance,standard deviation,2643.68,114.94,100,2792.31,138.46,100,kg/ha,4771.2,457,4,5736,189,4,NA,NA
2179,525,"Zhou H.-B., Chen J.-L., Liu Y., Francis F., Haubruge E., Bragard C., Sun J.-R., Cheng D.-F.",2013,China,39.5,116.616666666666,Simplified,Monoculture,Intercropping,Wheat-Garlic,525_C4,525_T2,Insect,Pests,Abundance,standard deviation,2584.62,92.31,100,2792.31,138.46,100,kg/ha,5726.4,408,4,5736,189,4,NA,NA
2180,525,"Zhou H.-B., Chen J.-L., Liu Y., Francis F., Haubruge E., Bragard C., Sun J.-R., Cheng D.-F.",2013,China,39.5,116.616666666666,Simplified,Monoculture,Intercropping,Wheat-Garlic,525_C5,525_T1,Insect,Pests,Abundance,standard deviation,2643.68,114.94,100,2746.15,92.31,100,kg/ha,4771.2,457,4,6182.4,457.6,4,NA,NA
2181,525,"Zhou H.-B., Chen J.-L., Liu Y., Francis F., Haubruge E., Bragard C., Sun J.-R., Cheng D.-F.",2013,China,39.5,116.616666666666,Simplified,Monoculture,Intercropping,Wheat-Garlic,525_C5,525_T2,Insect,Pests,Abundance,standard deviation,2584.62,92.31,100,2746.15,92.31,100,kg/ha,5726.4,408,4,6182.4,457.6,4,NA,NA
2182,525,"Zhou H.-B., Chen J.-L., Liu Y., Francis F., Haubruge E., Bragard C., Sun J.-R., Cheng D.-F.",2013,China,39.5,116.616666666666,Simplified,Monoculture,Intercropping,Wheat-Garlic,525_C6,525_T1,Insect,Pests,Abundance,standard deviation,2643.68,114.94,100,3415.38,92.31,100,kg/ha,4771.2,457,4,4814.4,231.2,4,NA,NA
2183,525,"Zhou H.-B., Chen J.-L., Liu Y., Francis F., Haubruge E., Bragard C., Sun J.-R., Cheng D.-F.",2013,China,39.5,116.616666666666,Simplified,Monoculture,Intercropping,Wheat-Garlic,525_C6,525_T2,Insect,Pests,Abundance,standard deviation,2584.62,92.31,100,3415.38,92.31,100,kg/ha,5726.4,408,4,4814.4,231.2,4,NA,NA
2184,525,"Zhou H.-B., Chen J.-L., Liu Y., Francis F., Haubruge E., Bragard C., Sun J.-R., Cheng D.-F.",2013,China,39.5,116.616666666666,Simplified,Monoculture,Intercropping,Wheat-Garlic,525_C3,525_T1,Insect,Pests,Abundance,standard deviation,2643.68,114.94,100,3241.38,183.91,100,kg/ha,4771.2,457,4,4075.2,538.8,4,NA,NA
2185,525,"Zhou H.-B., Chen J.-L., Liu Y., Francis F., Haubruge E., Bragard C., Sun J.-R., Cheng D.-F.",2013,China,39.5,116.616666666666,Simplified,Monoculture,Intercropping,Wheat-Garlic,525_C3,525_T2,Insect,Pests,Abundance,standard deviation,2584.62,92.31,100,3241.38,183.91,100,kg/ha,5726.4,408,4,4075.2,538.8,4,NA,NA
2186,525,"Zhou H.-B., Chen J.-L., Liu Y., Francis F., Haubruge E., Bragard C., Sun J.-R., Cheng D.-F.",2013,China,39.5,116.616666666666,Simplified,Monoculture,Intercropping,Wheat-Garlic,525_C4,525_T1,Insect,Pests,Abundance,standard deviation,3899.08,206.42,100,2834.1,115.21,100,kg/ha,4771.2,457,4,5736,189,4,NA,NA
2187,525,"Zhou H.-B., Chen J.-L., Liu Y., Francis F., Haubruge E., Bragard C., Sun J.-R., Cheng D.-F.",2013,China,39.5,116.616666666666,Simplified,Monoculture,Intercropping,Wheat-Garlic,525_C4,525_T2,Insect,Pests,Abundance,standard deviation,2995.39,207.37,100,2834.1,115.21,100,kg/ha,5726.4,408,4,5736,189,4,NA,NA
2188,525,"Zhou H.-B., Chen J.-L., Liu Y., Francis F., Haubruge E., Bragard C., Sun J.-R., Cheng D.-F.",2013,China,39.5,116.616666666666,Simplified,Monoculture,Intercropping,Wheat-Garlic,525_C5,525_T1,Insect,Pests,Abundance,standard deviation,3899.08,206.42,100,2903.23,138.25,100,kg/ha,4771.2,457,4,6182.4,457.6,4,NA,NA
2189,525,"Zhou H.-B., Chen J.-L., Liu Y., Francis F., Haubruge E., Bragard C., Sun J.-R., Cheng D.-F.",2013,China,39.5,116.616666666666,Simplified,Monoculture,Intercropping,Wheat-Garlic,525_C5,525_T2,Insect,Pests,Abundance,standard deviation,2995.39,207.37,100,2903.23,138.25,100,kg/ha,5726.4,408,4,6182.4,457.6,4,NA,NA
2190,525,"Zhou H.-B., Chen J.-L., Liu Y., Francis F., Haubruge E., Bragard C., Sun J.-R., Cheng D.-F.",2013,China,39.5,116.616666666666,Simplified,Monoculture,Intercropping,Wheat-Garlic,525_C1,525_T1,Insect,Pests,Abundance,standard deviation,3899.08,206.42,100,3990.83,252.29,100,kg/ha,4771.2,457,4,4737.6,307.8,4,NA,NA
2191,525,"Zhou H.-B., Chen J.-L., Liu Y., Francis F., Haubruge E., Bragard C., Sun J.-R., Cheng D.-F.",2013,China,39.5,116.616666666666,Simplified,Monoculture,Intercropping,Wheat-Garlic,525_C1,525_T2,Insect,Pests,Abundance,standard deviation,2995.39,207.37,100,3990.83,252.29,100,kg/ha,5726.4,408,4,4737.6,307.8,4,NA,NA
2192,525,"Zhou H.-B., Chen J.-L., Liu Y., Francis F., Haubruge E., Bragard C., Sun J.-R., Cheng D.-F.",2013,China,39.5,116.616666666666,Simplified,Monoculture,Intercropping,Wheat-Garlic,525_C2,525_T1,Insect,Pests,Abundance,standard deviation,3899.08,206.42,100,3807.34,206.42,100,kg/ha,4771.2,457,4,5020.8,304.8,4,NA,NA
2193,525,"Zhou H.-B., Chen J.-L., Liu Y., Francis F., Haubruge E., Bragard C., Sun J.-R., Cheng D.-F.",2013,China,39.5,116.616666666666,Simplified,Monoculture,Intercropping,Wheat-Garlic,525_C2,525_T2,Insect,Pests,Abundance,standard deviation,2995.39,207.37,100,3807.34,206.42,100,kg/ha,5726.4,408,4,5020.8,304.8,4,NA,NA
2194,525,"Zhou H.-B., Chen J.-L., Liu Y., Francis F., Haubruge E., Bragard C., Sun J.-R., Cheng D.-F.",2013,China,39.5,116.616666666666,Simplified,Monoculture,Intercropping,Wheat-Garlic,525_C3,525_T1,Insect,Pests,Abundance,standard deviation,3899.08,206.42,100,5871.56,252.29,100,kg/ha,4771.2,457,4,4075.2,538.8,4,NA,NA
2195,525,"Zhou H.-B., Chen J.-L., Liu Y., Francis F., Haubruge E., Bragard C., Sun J.-R., Cheng D.-F.",2013,China,39.5,116.616666666666,Simplified,Monoculture,Intercropping,Wheat-Garlic,525_C3,525_T2,Insect,Pests,Abundance,standard deviation,2995.39,207.37,100,5871.56,252.29,100,kg/ha,5726.4,408,4,4075.2,538.8,4,NA,NA
2196,525,"Zhou H.-B., Chen J.-L., Liu Y., Francis F., Haubruge E., Bragard C., Sun J.-R., Cheng D.-F.",2013,China,39.5,116.616666666666,Simplified,Monoculture,Intercropping,Wheat-Garlic,525_C6,525_T1,Insect,Pests,Abundance,standard deviation,3899.08,206.42,100,4078.34,138.25,100,kg/ha,4771.2,457,4,4814.4,231.2,4,NA,NA
2197,525,"Zhou H.-B., Chen J.-L., Liu Y., Francis F., Haubruge E., Bragard C., Sun J.-R., Cheng D.-F.",2013,China,39.5,116.616666666666,Simplified,Monoculture,Intercropping,Wheat-Garlic,525_C6,525_T2,Insect,Pests,Abundance,standard deviation,2995.39,207.37,100,4078.34,138.25,100,kg/ha,5726.4,408,4,4814.4,231.2,4,NA,NA
2314,533,"Nyasani J.O., Meyhöfer R., Subramanian S., Poehling H.M.",2012,Kenya,-0.5,37.45,Simplified,Monoculture,Intercropping,Green bean-Sunflower,533_C1,533_T1,Insect,Pests,Abundance,standard error,116.2,115.739362362163,40,137,135.97793938724,40,kg/ha,3250,348,4,4500,482,4,0,0
2315,533,"Nyasani J.O., Meyhöfer R., Subramanian S., Poehling H.M.",2012,Kenya,-0.5,37.45,Simplified,Monoculture,Intercropping,Maize-Green bean,533_C1,533_T2,Insect,Pests,Abundance,standard error,111.2,111.312173637927,40,137,135.97793938724,40,kg/ha,3250,348,4,4500,482,4,0,0
2316,533,"Nyasani J.O., Meyhöfer R., Subramanian S., Poehling H.M.",2012,Kenya,-0.5,37.45,Simplified,Monoculture,Intercropping,Green bean-Other,533_C1,533_T3,Insect,Pests,Abundance,standard error,100.2,100.560429593354,40,137,135.97793938724,40,kg/ha,3750,402,4,4500,482,4,0,0
2317,533,"Nyasani J.O., Meyhöfer R., Subramanian S., Poehling H.M.",2012,Kenya,-0.5,37.45,Simplified,Monoculture,Intercropping,Green bean-Potato,533_C1,533_T4,Insect,Pests,Abundance,standard error,58.7,60.7157310752329,40,137,135.97793938724,40,kg/ha,4000,428,4,4500,482,4,0,0
2318,533,"Nyasani J.O., Meyhöfer R., Subramanian S., Poehling H.M.",2012,Kenya,-0.5,37.45,Simplified,Monoculture,Intercropping,Green bean-Other,533_C1,533_T5,Insect,Pests,Abundance,standard error,51,53.1262646908288,40,137,135.97793938724,40,kg/ha,4250,454,4,4500,482,4,0,0
2319,533,"Nyasani J.O., Meyhöfer R., Subramanian S., Poehling H.M.",2012,Kenya,-0.5,37.45,Simplified,Monoculture,Intercropping,Green bean-Sunflower,533_C1,533_T5,Insect,Natural enemies,Abundance,standard error,3.7,5.75534534150645,40,8.5,5.12288980947277,40,kg/ha,4250,454,4,4500,482,4,0,0
2320,533,"Nyasani J.O., Meyhöfer R., Subramanian S., Poehling H.M.",2012,Kenya,-0.5,37.45,Simplified,Monoculture,Intercropping,Maize-Green bean,533_C1,533_T3,Insect,Natural enemies,Abundance,standard error,4.9,6.70402863955696,40,8.5,5.12288980947277,40,kg/ha,3750,402,4,4500,482,4,0,0
2321,533,"Nyasani J.O., Meyhöfer R., Subramanian S., Poehling H.M.",2012,Kenya,-0.5,37.45,Simplified,Monoculture,Intercropping,Green bean-Other,533_C1,533_T4,Insect,Natural enemies,Abundance,standard error,2.3,4.55367983064247,40,8.5,5.12288980947277,40,kg/ha,4000,428,4,4500,482,4,0,0
2322,533,"Nyasani J.O., Meyhöfer R., Subramanian S., Poehling H.M.",2012,Kenya,-0.5,37.45,Simplified,Monoculture,Intercropping,Green bean-Potato,533_C1,533_T2,Insect,Natural enemies,Abundance,standard error,4.1,6.13481866072666,40,8.5,5.12288980947277,40,kg/ha,3250,348,4,4500,482,4,0,0
2323,533,"Nyasani J.O., Meyhöfer R., Subramanian S., Poehling H.M.",2012,Kenya,-0.5,37.45,Simplified,Monoculture,Intercropping,Green bean-Other,533_C1,533_T1,Insect,Natural enemies,Abundance,standard error,3.9,6.00832755431992,40,8.5,5.12288980947277,40,kg/ha,3250,348,4,4500,482,4,0,0
2324,533,"Nyasani J.O., Meyhöfer R., Subramanian S., Poehling H.M.",2012,Kenya,-0.5,37.45,Simplified,Monoculture,Intercropping,Green bean-Sunflower,533_C1,533_T5,Insect,Natural enemies,Abundance,standard error,3.1,6.13481866072666,40,2.3,5.12288980947277,40,kg/ha,4250,454,4,4500,482,4,0,0
2325,533,"Nyasani J.O., Meyhöfer R., Subramanian S., Poehling H.M.",2012,Kenya,-0.5,37.45,Simplified,Monoculture,Intercropping,Maize-Green bean,533_C1,533_T3,Insect,Natural enemies,Abundance,standard error,8.5,11.4474451298095,40,2.3,5.12288980947277,40,kg/ha,3750,402,4,4500,482,4,0,0
2326,533,"Nyasani J.O., Meyhöfer R., Subramanian S., Poehling H.M.",2012,Kenya,-0.5,37.45,Simplified,Monoculture,Intercropping,Green bean-Other,533_C1,533_T4,Insect,Natural enemies,Abundance,standard error,5.3,8.34841302284452,40,2.3,5.12288980947277,40,kg/ha,4000,428,4,4500,482,4,0,0
2327,533,"Nyasani J.O., Meyhöfer R., Subramanian S., Poehling H.M.",2012,Kenya,-0.5,37.45,Simplified,Monoculture,Intercropping,Green bean-Potato,533_C1,533_T2,Insect,Natural enemies,Abundance,standard error,6.6,9.61332408691187,40,2.3,5.12288980947277,40,kg/ha,3250,348,4,4500,482,4,0,0
2328,533,"Nyasani J.O., Meyhöfer R., Subramanian S., Poehling H.M.",2012,Kenya,-0.5,37.45,Simplified,Monoculture,Intercropping,Green bean-Other,533_C1,533_T1,Insect,Natural enemies,Abundance,standard error,4.7,7.77920304401421,40,2.3,5.12288980947277,40,kg/ha,3250,348,4,4500,482,4,0,0
2329,533,"Nyasani J.O., Meyhöfer R., Subramanian S., Poehling H.M.",2012,Kenya,-0.5,37.45,Simplified,Monoculture,Intercropping,Green bean-Sunflower,533_C1,533_T1,Insect,Pests,Abundance,standard error,8.5,15.1789327688082,40,26.5,41.1096095821889,40,kg/ha,3500,500,4,5250,748,4,0,0
2330,533,"Nyasani J.O., Meyhöfer R., Subramanian S., Poehling H.M.",2012,Kenya,-0.5,37.45,Simplified,Monoculture,Intercropping,Maize-Green bean,533_C1,533_T2,Insect,Pests,Abundance,standard error,10.7,18.3412104289766,40,26.5,41.1096095821889,40,kg/ha,3250,464,4,5250,748,4,0,0
2331,533,"Nyasani J.O., Meyhöfer R., Subramanian S., Poehling H.M.",2012,Kenya,-0.5,37.45,Simplified,Monoculture,Intercropping,Green bean-Other,533_C1,533_T3,Insect,Pests,Abundance,standard error,9.5,16.4438438328756,40,26.5,41.1096095821889,40,kg/ha,4000,572,4,5250,748,4,0,0
2332,533,"Nyasani J.O., Meyhöfer R., Subramanian S., Poehling H.M.",2012,Kenya,-0.5,37.45,Simplified,Monoculture,Intercropping,Green bean-Potato,533_C1,533_T4,Insect,Pests,Abundance,standard error,15,24.6657657493134,40,26.5,41.1096095821889,40,kg/ha,3750,536,4,5250,748,4,0,0
2333,533,"Nyasani J.O., Meyhöfer R., Subramanian S., Poehling H.M.",2012,Kenya,-0.5,37.45,Simplified,Monoculture,Intercropping,Green bean-Other,533_C1,533_T5,Insect,Pests,Abundance,standard error,14,23.400854685246,40,26.5,41.1096095821889,40,kg/ha,4500,642,4,5250,748,4,0,0
2334,533,"Nyasani J.O., Meyhöfer R., Subramanian S., Poehling H.M.",2012,Kenya,-0.5,37.45,Simplified,Monoculture,Intercropping,Green bean-Sunflower,533_C1,533_T5,Insect,Natural enemies,Abundance,standard error,4.3,6.26130976713339,40,10.8,10.1825340657422,40,kg/ha,4500,642,4,5250,748,4,0,0
2335,533,"Nyasani J.O., Meyhöfer R., Subramanian S., Poehling H.M.",2012,Kenya,-0.5,37.45,Simplified,Monoculture,Intercropping,Maize-Green bean,533_C1,533_T3,Insect,Natural enemies,Abundance,standard error,5.7,7.2099930651839,40,10.8,10.1825340657422,40,kg/ha,4000,572,4,5250,748,4,0,0
2336,533,"Nyasani J.O., Meyhöfer R., Subramanian S., Poehling H.M.",2012,Kenya,-0.5,37.45,Simplified,Monoculture,Intercropping,Green bean-Other,533_C1,533_T4,Insect,Natural enemies,Abundance,standard error,4.2,6.19806421393002,40,10.8,10.1825340657422,40,kg/ha,3750,536,4,5250,748,4,0,0
2337,533,"Nyasani J.O., Meyhöfer R., Subramanian S., Poehling H.M.",2012,Kenya,-0.5,37.45,Simplified,Monoculture,Intercropping,Green bean-Potato,533_C1,533_T2,Insect,Natural enemies,Abundance,standard error,4.5,6.38780087354013,40,10.8,10.1825340657422,40,kg/ha,3250,464,4,5250,748,4,0,0
2338,533,"Nyasani J.O., Meyhöfer R., Subramanian S., Poehling H.M.",2012,Kenya,-0.5,37.45,Simplified,Monoculture,Intercropping,Green bean-Other,533_C1,533_T1,Insect,Natural enemies,Abundance,standard error,4.4,6.32455532033676,40,10.8,10.1825340657422,40,kg/ha,3500,500,4,5250,748,4,0,0
2339,533,"Nyasani J.O., Meyhöfer R., Subramanian S., Poehling H.M.",2012,Kenya,-0.5,37.45,Simplified,Monoculture,Intercropping,Green bean-Sunflower,533_C1,533_T5,Insect,Natural enemies,Abundance,standard error,3.7,6.51429197994686,40,3.2,6.00832755431992,40,kg/ha,4500,642,4,5250,748,4,0,0
2340,533,"Nyasani J.O., Meyhöfer R., Subramanian S., Poehling H.M.",2012,Kenya,-0.5,37.45,Simplified,Monoculture,Intercropping,Maize-Green bean,533_C1,533_T3,Insect,Natural enemies,Abundance,standard error,10.7,12.5226195342668,40,3.2,6.00832755431992,40,kg/ha,4000,572,4,5250,748,4,0,0
2341,533,"Nyasani J.O., Meyhöfer R., Subramanian S., Poehling H.M.",2012,Kenya,-0.5,37.45,Simplified,Monoculture,Intercropping,Green bean-Other,533_C1,533_T4,Insect,Natural enemies,Abundance,standard error,5.4,8.22192191643779,40,3.2,6.00832755431992,40,kg/ha,3750,536,4,5250,748,4,0,0
2342,533,"Nyasani J.O., Meyhöfer R., Subramanian S., Poehling H.M.",2012,Kenya,-0.5,37.45,Simplified,Monoculture,Intercropping,Green bean-Potato,533_C1,533_T2,Insect,Natural enemies,Abundance,standard error,6.7,9.23385076769167,40,3.2,6.00832755431992,40,kg/ha,3250,464,4,5250,748,4,0,0
2343,533,"Nyasani J.O., Meyhöfer R., Subramanian S., Poehling H.M.",2012,Kenya,-0.5,37.45,Simplified,Monoculture,Intercropping,Green bean-Other,533_C1,533_T1,Insect,Natural enemies,Abundance,standard error,4.3,7.14674751198054,40,3.2,6.00832755431992,40,kg/ha,3500,500,4,5250,748,4,0,0
2344,534,"Ramalho F.S., Fernandes F.S., Nascimento A.R.B., Júnior J.L.N., Malaquias J.B., Silva C.A.D.",2012,Brazil,-7.164262,-35.85607,Simplified,Monoculture,Intercropping,Cotton-Fennel,534_C1,534_T1,Insect,Pests,Abundance,standard deviation,12.62,1.647,20,13.411,1.4902,20,g/plant,82.22,122.541193074003,60,74.2,117.428855057009,60,1,1
2345,534,"Ramalho F.S., Fernandes F.S., Nascimento A.R.B., Júnior J.L.N., Malaquias J.B., Silva C.A.D.",2012,Brazil,-7.164262,-35.85607,Simplified,Monoculture,Intercropping,Cotton-Fennel,534_C1,534_T2,Insect,Pests,Abundance,standard deviation,10.35,1.647,20,13.411,1.4902,20,g/plant,81.2,133.075707775687,60,74.2,117.428855057009,60,1,1
2346,534,"Ramalho F.S., Fernandes F.S., Nascimento A.R.B., Júnior J.L.N., Malaquias J.B., Silva C.A.D.",2012,Brazil,-7.164262,-35.85607,Simplified,Monoculture,Intercropping,Cotton-Fennel,534_C1,534_T3,Insect,Pests,Abundance,standard deviation,11.68,1.647,20,13.411,1.4902,20,g/plant,80.88,148.490181493592,60,74.2,117.428855057009,60,1,1
2347,534,"Ramalho F.S., Fernandes F.S., Nascimento A.R.B., Júnior J.L.N., Malaquias J.B., Silva C.A.D.",2012,Brazil,-7.164262,-35.85607,Simplified,Monoculture,Intercropping,Cotton-Fennel,534_C1,534_T4,Insect,Pests,Abundance,standard deviation,12.078,1.4902,20,13.411,1.4902,20,g/plant,83.9,143.22292414275,60,74.2,117.428855057009,60,1,1
2348,534,"Ramalho F.S., Fernandes F.S., Nascimento A.R.B., Júnior J.L.N., Malaquias J.B., Silva C.A.D.",2012,Brazil,-7.164262,-35.85607,Simplified,Monoculture,Intercropping,Cotton-Fennel,534_C2,534_T5,Insect,Pests,Abundance,standard deviation,334.975,98.522,20,602.956,106.4,20,g/plant,59.32,109.373049696897,60,15.24,68.396885894023,60,1,1
2349,534,"Ramalho F.S., Fernandes F.S., Nascimento A.R.B., Júnior J.L.N., Malaquias J.B., Silva C.A.D.",2012,Brazil,-7.164262,-35.85607,Simplified,Monoculture,Intercropping,Cotton-Fennel,534_C2,534_T6,Insect,Pests,Abundance,standard deviation,350.739,86.699,20,602.956,106.4,20,g/plant,58.15,121.766596404761,60,15.24,68.396885894023,60,1,1
2350,534,"Ramalho F.S., Fernandes F.S., Nascimento A.R.B., Júnior J.L.N., Malaquias J.B., Silva C.A.D.",2012,Brazil,-7.164262,-35.85607,Simplified,Monoculture,Intercropping,Cotton-Fennel,534_C2,534_T7,Insect,Pests,Abundance,standard deviation,362.562,70.936,20,602.956,106.4,20,g/plant,57.81,109.218130363049,60,15.24,68.396885894023,60,1,1
2351,534,"Ramalho F.S., Fernandes F.S., Nascimento A.R.B., Júnior J.L.N., Malaquias J.B., Silva C.A.D.",2012,Brazil,-7.164262,-35.85607,Simplified,Monoculture,Intercropping,Cotton-Fennel,534_C2,534_T8,Insect,Pests,Abundance,standard deviation,354.68,98.522,20,602.956,106.4,20,g/plant,62.38,115.414903716981,60,15.24,68.396885894023,60,1,1
2368,536,"Wang G., Cui L.L., Dong J., Francis F., Liu Y., Tooker J.",2011,China,36.15,117.15,Simplified,Monoculture,Intercropping,Wheat-Oilseed rape,536_C1,536_T1,Insect,Natural enemies,Abundance,standard error,15.368,5.411,100,11.147,7.576,100,kg/ha,5630,173.205080756888,3,5390,155.884572681199,3,1,0
2369,536,"Wang G., Cui L.L., Dong J., Francis F., Liu Y., Tooker J.",2011,China,36.15,117.15,Simplified,Monoculture,Intercropping,Wheat-Oilseed rape,536_C1,536_T2,Insect,Natural enemies,Abundance,standard error,19.372,8.658,100,11.147,7.576,100,kg/ha,6420,225.166604983954,3,5390,155.884572681199,3,1,0
2370,536,"Wang G., Cui L.L., Dong J., Francis F., Liu Y., Tooker J.",2011,China,36.15,117.15,Simplified,Monoculture,Intercropping,Wheat-Oilseed rape,536_C2,536_T1,Insect,Natural enemies,Abundance,standard error,15.368,5.411,100,15.909,4.329,100,kg/ha,5630,173.205080756888,3,5720,311.769145362398,3,1,0
2371,536,"Wang G., Cui L.L., Dong J., Francis F., Liu Y., Tooker J.",2011,China,36.15,117.15,Simplified,Monoculture,Intercropping,Wheat-Oilseed rape,536_C2,536_T2,Insect,Natural enemies,Abundance,standard error,19.372,8.658,100,15.909,4.329,100,kg/ha,6420,225.166604983954,3,5720,311.769145362398,3,1,0
2372,536,"Wang G., Cui L.L., Dong J., Francis F., Liu Y., Tooker J.",2011,China,36.15,117.15,Simplified,Monoculture,Intercropping,Wheat-Oilseed rape,536_C1,536_T1,Insect,Pests,Abundance,standard error,500,225.225,100,873.874,315.315,100,kg/ha,5630,173.205080756888,3,5390,155.884572681199,3,1,0
2373,536,"Wang G., Cui L.L., Dong J., Francis F., Liu Y., Tooker J.",2011,China,36.15,117.15,Simplified,Monoculture,Intercropping,Wheat-Oilseed rape,536_C1,536_T2,Insect,Pests,Abundance,standard error,346.847,270.27,100,873.874,315.315,100,kg/ha,6420,225.166604983954,3,5390,155.884572681199,3,1,0
2374,536,"Wang G., Cui L.L., Dong J., Francis F., Liu Y., Tooker J.",2011,China,36.15,117.15,Simplified,Monoculture,Intercropping,Wheat-Oilseed rape,536_C2,536_T1,Insect,Pests,Abundance,standard error,500,225.225,100,527.027,180.18,100,kg/ha,5630,173.205080756888,3,5720,311.769145362398,3,1,0
2375,536,"Wang G., Cui L.L., Dong J., Francis F., Liu Y., Tooker J.",2011,China,36.15,117.15,Simplified,Monoculture,Intercropping,Wheat-Oilseed rape,536_C2,536_T2,Insect,Pests,Abundance,standard error,346.847,270.27,100,527.027,180.18,100,kg/ha,6420,225.166604983954,3,5720,311.769145362398,3,1,0
3050,640,"Gianoli E., Ramos I., Alfaro-Tapia A., Valdéz Y., Echegaray E.R., Yábar E.",2006,Peru,-13.3,-72.1166666666666,Simplified,Monoculture,Intercropping,Maize-Green bean,640_C1,640_T1,Insect,Pests,Abundance,standard error,47.37,20.1395134002786,60,47.33,15.1820947171331,60,kg per plot,69.1642651,7.98640142053103,3,74.0634006,18.9677032893237,3,1,0
3051,640,"Gianoli E., Ramos I., Alfaro-Tapia A., Valdéz Y., Echegaray E.R., Yábar E.",2006,Peru,-13.3,-72.1166666666666,Simplified,Monoculture,Intercropping,Maize-Green bean,640_C1,640_T2,Insect,Pests,Abundance,standard error,48.33,40.0466477997847,60,47.33,15.1820947171331,60,kg per plot,65.9942363,5.49065097769761,3,74.0634006,18.9677032893237,3,1,0
3052,640,"Gianoli E., Ramos I., Alfaro-Tapia A., Valdéz Y., Echegaray E.R., Yábar E.",2006,Peru,-13.3,-72.1166666666666,Simplified,Monoculture,Intercropping,Maize-Green bean,640_C1,640_T1,Insect,Pests,Abundance,standard error,54.43,21.7661664056857,60,55.9,32.0683021065974,60,kg per plot,69.1642651,7.98640142053103,3,74.0634006,18.9677032893237,3,1,0
3053,640,"Gianoli E., Ramos I., Alfaro-Tapia A., Valdéz Y., Echegaray E.R., Yábar E.",2006,Peru,-13.3,-72.1166666666666,Simplified,Monoculture,Intercropping,Maize-Green bean,640_C1,640_T2,Insect,Pests,Abundance,standard error,42.53,10.7668937024566,60,55.9,32.0683021065974,60,kg per plot,65.9942363,5.49065097769761,3,74.0634006,18.9677032893237,3,1,0
3054,640,"Gianoli E., Ramos I., Alfaro-Tapia A., Valdéz Y., Echegaray E.R., Yábar E.",2006,Peru,-13.3,-72.1166666666666,Simplified,Monoculture,Intercropping,Maize-Green bean,640_C1,640_T1,Insect,Pests,Abundance,standard error,33.11,17.6608040587058,60,43.22,12.0837080401671,60,kg per plot,69.1642651,7.98640142053103,3,74.0634006,18.9677032893237,3,1,0
3055,640,"Gianoli E., Ramos I., Alfaro-Tapia A., Valdéz Y., Echegaray E.R., Yábar E.",2006,Peru,-13.3,-72.1166666666666,Simplified,Monoculture,Intercropping,Maize-Green bean,640_C1,640_T2,Insect,Pests,Abundance,standard error,33.33,10.7668937024566,60,43.22,12.0837080401671,60,kg per plot,65.9942363,5.49065097769761,3,74.0634006,18.9677032893237,3,1,0
3078,645,"Maluleke M.H., Addo-Bediako A., Ayisi K.K.",2005,South Africa,-23.85,29.7,Simplified,Monoculture,Intercropping,Maize-Legume,645_C1,645_T1,Insect,Pests,Abundance,standard error,11.02,0.447213595499958,20,18.9,1.78885438199983,20,kg/ha,1438,388,4,1974,392,4,1,0
3079,645,"Maluleke M.H., Addo-Bediako A., Ayisi K.K.",2005,South Africa,-23.85,29.7,Simplified,Monoculture,Intercropping,Maize-Legume,645_C1,645_T2,Insect,Pests,Abundance,standard error,9.9,1.78885438199983,20,18.9,1.78885438199983,20,kg/ha,1217,82,4,1974,392,4,1,0
3080,645,"Maluleke M.H., Addo-Bediako A., Ayisi K.K.",2005,South Africa,-23.85,29.7,Simplified,Monoculture,Intercropping,Maize-Legume,645_C1,645_T3,Insect,Pests,Abundance,standard error,7.88,0.894427190999916,20,18.9,1.78885438199983,20,kg/ha,733,124,4,1974,392,4,1,0
3081,645,"Maluleke M.H., Addo-Bediako A., Ayisi K.K.",2005,South Africa,-23.85,29.7,Simplified,Monoculture,Intercropping,Maize-Legume,645_C1,645_T4,Insect,Pests,Abundance,standard error,7.2,1.78885438199983,20,18.9,1.78885438199983,20,kg/ha,819,216,4,1974,392,4,1,0
3082,645,"Maluleke M.H., Addo-Bediako A., Ayisi K.K.",2005,South Africa,-23.85,29.7,Simplified,Monoculture,Intercropping,Maize-Legume,645_C1,645_T5,Insect,Pests,Abundance,standard error,6.53,0.894427190999916,20,18.9,1.78885438199983,20,kg/ha,572,128,4,1974,392,4,1,0
3083,645,"Maluleke M.H., Addo-Bediako A., Ayisi K.K.",2005,South Africa,-23.85,29.7,Simplified,Monoculture,Intercropping,Maize-Legume,645_C1,645_T6,Insect,Pests,Abundance,standard error,15.53,0.894427190999916,20,18.9,1.78885438199983,20,kg/ha,1438,388,4,1974,392,4,1,0
3084,645,"Maluleke M.H., Addo-Bediako A., Ayisi K.K.",2005,South Africa,-23.85,29.7,Simplified,Monoculture,Intercropping,Maize-Legume,645_C1,645_T7,Insect,Pests,Abundance,standard error,14.63,0.894427190999916,20,18.9,1.78885438199983,20,kg/ha,1217,82,4,1974,392,4,1,0
3085,645,"Maluleke M.H., Addo-Bediako A., Ayisi K.K.",2005,South Africa,-23.85,29.7,Simplified,Monoculture,Intercropping,Maize-Legume,645_C1,645_T8,Insect,Pests,Abundance,standard error,13.73,2.23606797749979,20,18.9,1.78885438199983,20,kg/ha,733,124,4,1974,392,4,1,0
3086,645,"Maluleke M.H., Addo-Bediako A., Ayisi K.K.",2005,South Africa,-23.85,29.7,Simplified,Monoculture,Intercropping,Maize-Legume,645_C1,645_T9,Insect,Pests,Abundance,standard error,11.7,1.78885438199983,20,18.9,1.78885438199983,20,kg/ha,819,216,4,1974,392,4,1,0
3087,645,"Maluleke M.H., Addo-Bediako A., Ayisi K.K.",2005,South Africa,-23.85,29.7,Simplified,Monoculture,Intercropping,Maize-Legume,645_C1,645_T10,Insect,Pests,Abundance,standard error,10.35,3.13049516849971,20,18.9,1.78885438199983,20,kg/ha,572,128,4,1974,392,4,1,0
3088,645,"Maluleke M.H., Addo-Bediako A., Ayisi K.K.",2005,South Africa,-23.85,29.7,Simplified,Monoculture,Intercropping,Maize-Legume,645_C2,645_T1,Insect,Pests,Abundance,standard error,11.02,0.447213595499958,20,18.9,1.78885438199983,20,kg/ha,1438,388,4,1974,392,4,1,0
3089,645,"Maluleke M.H., Addo-Bediako A., Ayisi K.K.",2005,South Africa,-23.85,29.7,Simplified,Monoculture,Intercropping,Maize-Legume,645_C2,645_T2,Insect,Pests,Abundance,standard error,9.9,1.78885438199983,20,18.9,1.78885438199983,20,kg/ha,1217,82,4,1974,392,4,1,0
3090,645,"Maluleke M.H., Addo-Bediako A., Ayisi K.K.",2005,South Africa,-23.85,29.7,Simplified,Monoculture,Intercropping,Maize-Legume,645_C2,645_T3,Insect,Pests,Abundance,standard error,7.88,0.894427190999916,20,18.9,1.78885438199983,20,kg/ha,733,124,4,1974,392,4,1,0
3091,645,"Maluleke M.H., Addo-Bediako A., Ayisi K.K.",2005,South Africa,-23.85,29.7,Simplified,Monoculture,Intercropping,Maize-Legume,645_C2,645_T4,Insect,Pests,Abundance,standard error,7.2,1.78885438199983,20,18.9,1.78885438199983,20,kg/ha,819,216,4,1974,392,4,1,0
3092,645,"Maluleke M.H., Addo-Bediako A., Ayisi K.K.",2005,South Africa,-23.85,29.7,Simplified,Monoculture,Intercropping,Maize-Legume,645_C2,645_T5,Insect,Pests,Abundance,standard error,6.53,0.894427190999916,20,18.9,1.78885438199983,20,kg/ha,572,128,4,1974,392,4,1,0
3093,645,"Maluleke M.H., Addo-Bediako A., Ayisi K.K.",2005,South Africa,-23.85,29.7,Simplified,Monoculture,Intercropping,Maize-Legume,645_C2,645_T6,Insect,Pests,Abundance,standard error,15.53,0.894427190999916,20,18.9,1.78885438199983,20,kg/ha,1438,388,4,1974,392,4,1,0
3094,645,"Maluleke M.H., Addo-Bediako A., Ayisi K.K.",2005,South Africa,-23.85,29.7,Simplified,Monoculture,Intercropping,Maize-Legume,645_C2,645_T7,Insect,Pests,Abundance,standard error,14.63,0.894427190999916,20,18.9,1.78885438199983,20,kg/ha,1217,82,4,1974,392,4,1,0
3095,645,"Maluleke M.H., Addo-Bediako A., Ayisi K.K.",2005,South Africa,-23.85,29.7,Simplified,Monoculture,Intercropping,Maize-Legume,645_C2,645_T8,Insect,Pests,Abundance,standard error,13.73,2.23606797749979,20,18.9,1.78885438199983,20,kg/ha,733,124,4,1974,392,4,1,0
3096,645,"Maluleke M.H., Addo-Bediako A., Ayisi K.K.",2005,South Africa,-23.85,29.7,Simplified,Monoculture,Intercropping,Maize-Legume,645_C2,645_T9,Insect,Pests,Abundance,standard error,11.7,1.78885438199983,20,18.9,1.78885438199983,20,kg/ha,819,216,4,1974,392,4,1,0
3097,645,"Maluleke M.H., Addo-Bediako A., Ayisi K.K.",2005,South Africa,-23.85,29.7,Simplified,Monoculture,Intercropping,Maize-Legume,645_C2,645_T10,Insect,Pests,Abundance,standard error,10.35,3.13049516849971,20,18.9,1.78885438199983,20,kg/ha,572,128,4,1974,392,4,1,0
3098,645,"Maluleke M.H., Addo-Bediako A., Ayisi K.K.",2005,South Africa,-23.85,29.7,Simplified,Monoculture,Intercropping,Maize-Legume,645_C1,645_T1,Insect,Pests,Abundance,standard error,3.55,0.447213595499958,20,6.09,2.23606797749979,20,kg/ha,1438,388,4,1974,392,4,1,0
3099,645,"Maluleke M.H., Addo-Bediako A., Ayisi K.K.",2005,South Africa,-23.85,29.7,Simplified,Monoculture,Intercropping,Maize-Legume,645_C1,645_T2,Insect,Pests,Abundance,standard error,3.19,0.447213595499958,20,6.09,2.23606797749979,20,kg/ha,1217,82,4,1974,392,4,1,0
3100,645,"Maluleke M.H., Addo-Bediako A., Ayisi K.K.",2005,South Africa,-23.85,29.7,Simplified,Monoculture,Intercropping,Maize-Legume,645_C1,645_T3,Insect,Pests,Abundance,standard error,2.54,0.447213595499958,20,6.09,2.23606797749979,20,kg/ha,733,124,4,1974,392,4,1,0
3101,645,"Maluleke M.H., Addo-Bediako A., Ayisi K.K.",2005,South Africa,-23.85,29.7,Simplified,Monoculture,Intercropping,Maize-Legume,645_C1,645_T4,Insect,Pests,Abundance,standard error,2.32,0.447213595499958,20,6.09,2.23606797749979,20,kg/ha,819,216,4,1974,392,4,1,0
3102,645,"Maluleke M.H., Addo-Bediako A., Ayisi K.K.",2005,South Africa,-23.85,29.7,Simplified,Monoculture,Intercropping,Maize-Legume,645_C1,645_T5,Insect,Pests,Abundance,standard error,2.1,0.447213595499958,20,6.09,2.23606797749979,20,kg/ha,572,128,4,1974,392,4,1,0
3103,645,"Maluleke M.H., Addo-Bediako A., Ayisi K.K.",2005,South Africa,-23.85,29.7,Simplified,Monoculture,Intercropping,Maize-Legume,645_C1,645_T6,Insect,Pests,Abundance,standard error,5,0.447213595499958,20,6.09,2.23606797749979,20,kg/ha,1438,388,4,1974,392,4,1,0
3104,645,"Maluleke M.H., Addo-Bediako A., Ayisi K.K.",2005,South Africa,-23.85,29.7,Simplified,Monoculture,Intercropping,Maize-Legume,645_C1,645_T7,Insect,Pests,Abundance,standard error,4.71,0.447213595499958,20,6.09,2.23606797749979,20,kg/ha,1217,82,4,1974,392,4,1,0
3105,645,"Maluleke M.H., Addo-Bediako A., Ayisi K.K.",2005,South Africa,-23.85,29.7,Simplified,Monoculture,Intercropping,Maize-Legume,645_C1,645_T8,Insect,Pests,Abundance,standard error,4.42,0.894427190999916,20,6.09,2.23606797749979,20,kg/ha,733,124,4,1974,392,4,1,0
3106,645,"Maluleke M.H., Addo-Bediako A., Ayisi K.K.",2005,South Africa,-23.85,29.7,Simplified,Monoculture,Intercropping,Maize-Legume,645_C1,645_T9,Insect,Pests,Abundance,standard error,3.77,0.447213595499958,20,6.09,2.23606797749979,20,kg/ha,819,216,4,1974,392,4,1,0
3107,645,"Maluleke M.H., Addo-Bediako A., Ayisi K.K.",2005,South Africa,-23.85,29.7,Simplified,Monoculture,Intercropping,Maize-Legume,645_C1,645_T10,Insect,Pests,Abundance,standard error,3.33,1.78885438199983,20,6.09,2.23606797749979,20,kg/ha,572,128,4,1974,392,4,1,0
3108,645,"Maluleke M.H., Addo-Bediako A., Ayisi K.K.",2005,South Africa,-23.85,29.7,Simplified,Monoculture,Intercropping,Maize-Legume,645_C2,645_T1,Insect,Pests,Abundance,standard error,3.55,0.447213595499958,20,6.09,2.23606797749979,20,kg/ha,1438,388,4,1974,392,4,1,0
3109,645,"Maluleke M.H., Addo-Bediako A., Ayisi K.K.",2005,South Africa,-23.85,29.7,Simplified,Monoculture,Intercropping,Maize-Legume,645_C2,645_T2,Insect,Pests,Abundance,standard error,3.19,0.447213595499958,20,6.09,2.23606797749979,20,kg/ha,1217,82,4,1974,392,4,1,0
3110,645,"Maluleke M.H., Addo-Bediako A., Ayisi K.K.",2005,South Africa,-23.85,29.7,Simplified,Monoculture,Intercropping,Maize-Legume,645_C2,645_T3,Insect,Pests,Abundance,standard error,2.54,0.447213595499958,20,6.09,2.23606797749979,20,kg/ha,733,124,4,1974,392,4,1,0
3111,645,"Maluleke M.H., Addo-Bediako A., Ayisi K.K.",2005,South Africa,-23.85,29.7,Simplified,Monoculture,Intercropping,Maize-Legume,645_C2,645_T4,Insect,Pests,Abundance,standard error,2.32,0.447213595499958,20,6.09,2.23606797749979,20,kg/ha,819,216,4,1974,392,4,1,0
3112,645,"Maluleke M.H., Addo-Bediako A., Ayisi K.K.",2005,South Africa,-23.85,29.7,Simplified,Monoculture,Intercropping,Maize-Legume,645_C2,645_T5,Insect,Pests,Abundance,standard error,2.1,0.447213595499958,20,6.09,2.23606797749979,20,kg/ha,572,128,4,1974,392,4,1,0
3113,645,"Maluleke M.H., Addo-Bediako A., Ayisi K.K.",2005,South Africa,-23.85,29.7,Simplified,Monoculture,Intercropping,Maize-Legume,645_C2,645_T6,Insect,Pests,Abundance,standard error,5,0.447213595499958,20,6.09,2.23606797749979,20,kg/ha,1438,388,4,1974,392,4,1,0
3114,645,"Maluleke M.H., Addo-Bediako A., Ayisi K.K.",2005,South Africa,-23.85,29.7,Simplified,Monoculture,Intercropping,Maize-Legume,645_C2,645_T7,Insect,Pests,Abundance,standard error,4.71,0.447213595499958,20,6.09,2.23606797749979,20,kg/ha,1217,82,4,1974,392,4,1,0
3115,645,"Maluleke M.H., Addo-Bediako A., Ayisi K.K.",2005,South Africa,-23.85,29.7,Simplified,Monoculture,Intercropping,Maize-Legume,645_C2,645_T8,Insect,Pests,Abundance,standard error,4.42,0.894427190999916,20,6.09,2.23606797749979,20,kg/ha,733,124,4,1974,392,4,1,0
3116,645,"Maluleke M.H., Addo-Bediako A., Ayisi K.K.",2005,South Africa,-23.85,29.7,Simplified,Monoculture,Intercropping,Maize-Legume,645_C2,645_T9,Insect,Pests,Abundance,standard error,3.77,0.447213595499958,20,6.09,2.23606797749979,20,kg/ha,819,216,4,1974,392,4,1,0
3117,645,"Maluleke M.H., Addo-Bediako A., Ayisi K.K.",2005,South Africa,-23.85,29.7,Simplified,Monoculture,Intercropping,Maize-Legume,645_C2,645_T10,Insect,Pests,Abundance,standard error,3.33,1.78885438199983,20,6.09,2.23606797749979,20,kg/ha,572,128,4,1974,392,4,1,0
3118,645,"Maluleke M.H., Addo-Bediako A., Ayisi K.K.",2005,South Africa,-23.9,29.5833333333333,Simplified,Monoculture,Intercropping,Maize-Legume,645_C1,645_T1,Insect,Pests,Abundance,standard deviation,3.26,0.1,20,5.86,0.1,20,kg/ha,4729,308,4,5181,76,4,1,0
3119,645,"Maluleke M.H., Addo-Bediako A., Ayisi K.K.",2005,South Africa,-23.9,29.5833333333333,Simplified,Monoculture,Intercropping,Maize-Legume,645_C1,645_T2,Insect,Pests,Abundance,standard deviation,2.9,0.1,20,5.86,0.1,20,kg/ha,3055,472,4,5181,76,4,1,0
3120,645,"Maluleke M.H., Addo-Bediako A., Ayisi K.K.",2005,South Africa,-23.9,29.5833333333333,Simplified,Monoculture,Intercropping,Maize-Legume,645_C1,645_T3,Insect,Pests,Abundance,standard deviation,2.24,0.2,20,5.86,0.1,20,kg/ha,2567,18,4,5181,76,4,1,0
3121,645,"Maluleke M.H., Addo-Bediako A., Ayisi K.K.",2005,South Africa,-23.9,29.5833333333333,Simplified,Monoculture,Intercropping,Maize-Legume,645_C1,645_T4,Insect,Pests,Abundance,standard deviation,2.03,0.1,20,5.86,0.1,20,kg/ha,2041,86,4,5181,76,4,1,0
3122,645,"Maluleke M.H., Addo-Bediako A., Ayisi K.K.",2005,South Africa,-23.9,29.5833333333333,Simplified,Monoculture,Intercropping,Maize-Legume,645_C1,645_T5,Insect,Pests,Abundance,standard deviation,1.81,0.1,20,5.86,0.1,20,kg/ha,1583,20,4,5181,76,4,1,0
3123,645,"Maluleke M.H., Addo-Bediako A., Ayisi K.K.",2005,South Africa,-23.9,29.5833333333333,Simplified,Monoculture,Intercropping,Maize-Legume,645_C1,645_T6,Insect,Pests,Abundance,standard deviation,4.71,0.3,20,5.86,0.1,20,kg/ha,4729,308,4,5181,76,4,1,0
3124,645,"Maluleke M.H., Addo-Bediako A., Ayisi K.K.",2005,South Africa,-23.9,29.5833333333333,Simplified,Monoculture,Intercropping,Maize-Legume,645_C1,645_T7,Insect,Pests,Abundance,standard deviation,4.42,0.3,20,5.86,0.1,20,kg/ha,3055,472,4,5181,76,4,1,0
3125,645,"Maluleke M.H., Addo-Bediako A., Ayisi K.K.",2005,South Africa,-23.9,29.5833333333333,Simplified,Monoculture,Intercropping,Maize-Legume,645_C1,645_T8,Insect,Pests,Abundance,standard deviation,4.13,0.1,20,5.86,0.1,20,kg/ha,2567,18,4,5181,76,4,1,0
3126,645,"Maluleke M.H., Addo-Bediako A., Ayisi K.K.",2005,South Africa,-23.9,29.5833333333333,Simplified,Monoculture,Intercropping,Maize-Legume,645_C1,645_T9,Insect,Pests,Abundance,standard deviation,3.48,0.1,20,5.86,0.1,20,kg/ha,2041,86,4,5181,76,4,1,0
3127,645,"Maluleke M.H., Addo-Bediako A., Ayisi K.K.",2005,South Africa,-23.9,29.5833333333333,Simplified,Monoculture,Intercropping,Maize-Legume,645_C1,645_T10,Insect,Pests,Abundance,standard deviation,3.05,0.4,20,5.86,0.1,20,kg/ha,1583,20,4,5181,76,4,1,0
3128,645,"Maluleke M.H., Addo-Bediako A., Ayisi K.K.",2005,South Africa,-23.9,29.5833333333333,Simplified,Monoculture,Intercropping,Maize-Legume,645_C2,645_T1,Insect,Pests,Abundance,standard deviation,3.26,0.1,20,5.86,0.1,20,kg/ha,4729,308,4,5181,76,4,1,0
3129,645,"Maluleke M.H., Addo-Bediako A., Ayisi K.K.",2005,South Africa,-23.9,29.5833333333333,Simplified,Monoculture,Intercropping,Maize-Legume,645_C2,645_T2,Insect,Pests,Abundance,standard deviation,2.9,0.1,20,5.86,0.1,20,kg/ha,3055,472,4,5181,76,4,1,0
3130,645,"Maluleke M.H., Addo-Bediako A., Ayisi K.K.",2005,South Africa,-23.9,29.5833333333333,Simplified,Monoculture,Intercropping,Maize-Legume,645_C2,645_T3,Insect,Pests,Abundance,standard deviation,2.24,0.2,20,5.86,0.1,20,kg/ha,2567,18,4,5181,76,4,1,0
3131,645,"Maluleke M.H., Addo-Bediako A., Ayisi K.K.",2005,South Africa,-23.9,29.5833333333333,Simplified,Monoculture,Intercropping,Maize-Legume,645_C2,645_T4,Insect,Pests,Abundance,standard deviation,2.03,0.1,20,5.86,0.1,20,kg/ha,2041,86,4,5181,76,4,1,0
3132,645,"Maluleke M.H., Addo-Bediako A., Ayisi K.K.",2005,South Africa,-23.9,29.5833333333333,Simplified,Monoculture,Intercropping,Maize-Legume,645_C2,645_T5,Insect,Pests,Abundance,standard deviation,1.81,0.1,20,5.86,0.1,20,kg/ha,1583,20,4,5181,76,4,1,0
3133,645,"Maluleke M.H., Addo-Bediako A., Ayisi K.K.",2005,South Africa,-23.9,29.5833333333333,Simplified,Monoculture,Intercropping,Maize-Legume,645_C2,645_T6,Insect,Pests,Abundance,standard deviation,4.71,0.3,20,5.86,0.1,20,kg/ha,4729,308,4,5181,76,4,1,0
3134,645,"Maluleke M.H., Addo-Bediako A., Ayisi K.K.",2005,South Africa,-23.9,29.5833333333333,Simplified,Monoculture,Intercropping,Maize-Legume,645_C2,645_T7,Insect,Pests,Abundance,standard deviation,4.42,0.3,20,5.86,0.1,20,kg/ha,3055,472,4,5181,76,4,1,0
3135,645,"Maluleke M.H., Addo-Bediako A., Ayisi K.K.",2005,South Africa,-23.9,29.5833333333333,Simplified,Monoculture,Intercropping,Maize-Legume,645_C2,645_T8,Insect,Pests,Abundance,standard deviation,4.13,0.1,20,5.86,0.1,20,kg/ha,2567,18,4,5181,76,4,1,0
3136,645,"Maluleke M.H., Addo-Bediako A., Ayisi K.K.",2005,South Africa,-23.9,29.5833333333333,Simplified,Monoculture,Intercropping,Maize-Legume,645_C2,645_T9,Insect,Pests,Abundance,standard deviation,3.48,0.1,20,5.86,0.1,20,kg/ha,2041,86,4,5181,76,4,1,0
3137,645,"Maluleke M.H., Addo-Bediako A., Ayisi K.K.",2005,South Africa,-23.9,29.5833333333333,Simplified,Monoculture,Intercropping,Maize-Legume,645_C2,645_T10,Insect,Pests,Abundance,standard deviation,3.05,0.4,20,5.86,0.1,20,kg/ha,1583,20,4,5181,76,4,1,0
3138,645,"Maluleke M.H., Addo-Bediako A., Ayisi K.K.",2005,South Africa,-23.9,29.5833333333333,Simplified,Monoculture,Intercropping,Maize-Legume,645_C1,645_T1,Insect,Pests,Abundance,standard deviation,2.69,0.2,20,5.22,0.2,20,kg/ha,4729,308,4,5181,76,4,1,0
3139,645,"Maluleke M.H., Addo-Bediako A., Ayisi K.K.",2005,South Africa,-23.9,29.5833333333333,Simplified,Monoculture,Intercropping,Maize-Legume,645_C1,645_T2,Insect,Pests,Abundance,standard deviation,2.33,0.1,20,5.22,0.2,20,kg/ha,3055,472,4,5181,76,4,1,0
3140,645,"Maluleke M.H., Addo-Bediako A., Ayisi K.K.",2005,South Africa,-23.9,29.5833333333333,Simplified,Monoculture,Intercropping,Maize-Legume,645_C1,645_T3,Insect,Pests,Abundance,standard deviation,1.67,0.1,20,5.22,0.2,20,kg/ha,2567,18,4,5181,76,4,1,0
3141,645,"Maluleke M.H., Addo-Bediako A., Ayisi K.K.",2005,South Africa,-23.9,29.5833333333333,Simplified,Monoculture,Intercropping,Maize-Legume,645_C1,645_T4,Insect,Pests,Abundance,standard deviation,1.45,0.3,20,5.22,0.2,20,kg/ha,2041,86,4,5181,76,4,1,0
3142,645,"Maluleke M.H., Addo-Bediako A., Ayisi K.K.",2005,South Africa,-23.9,29.5833333333333,Simplified,Monoculture,Intercropping,Maize-Legume,645_C1,645_T5,Insect,Pests,Abundance,standard deviation,1.23,0.1,20,5.22,0.2,20,kg/ha,1583,20,4,5181,76,4,1,0
3143,645,"Maluleke M.H., Addo-Bediako A., Ayisi K.K.",2005,South Africa,-23.9,29.5833333333333,Simplified,Monoculture,Intercropping,Maize-Legume,645_C1,645_T6,Insect,Pests,Abundance,standard deviation,4.13,0.1,20,5.22,0.2,20,kg/ha,4729,308,4,5181,76,4,1,0
3144,645,"Maluleke M.H., Addo-Bediako A., Ayisi K.K.",2005,South Africa,-23.9,29.5833333333333,Simplified,Monoculture,Intercropping,Maize-Legume,645_C1,645_T7,Insect,Pests,Abundance,standard deviation,3.85,0.1,20,5.22,0.2,20,kg/ha,3055,472,4,5181,76,4,1,0
3145,645,"Maluleke M.H., Addo-Bediako A., Ayisi K.K.",2005,South Africa,-23.9,29.5833333333333,Simplified,Monoculture,Intercropping,Maize-Legume,645_C1,645_T8,Insect,Pests,Abundance,standard deviation,3.56,0.1,20,5.22,0.2,20,kg/ha,2567,18,4,5181,76,4,1,0
3146,645,"Maluleke M.H., Addo-Bediako A., Ayisi K.K.",2005,South Africa,-23.9,29.5833333333333,Simplified,Monoculture,Intercropping,Maize-Legume,645_C1,645_T9,Insect,Pests,Abundance,standard deviation,2.93,0.2,20,5.22,0.2,20,kg/ha,2041,86,4,5181,76,4,1,0
3147,645,"Maluleke M.H., Addo-Bediako A., Ayisi K.K.",2005,South Africa,-23.9,29.5833333333333,Simplified,Monoculture,Intercropping,Maize-Legume,645_C1,645_T10,Insect,Pests,Abundance,standard deviation,2.47,0.1,20,5.22,0.2,20,kg/ha,1583,20,4,5181,76,4,1,0
3148,645,"Maluleke M.H., Addo-Bediako A., Ayisi K.K.",2005,South Africa,-23.9,29.5833333333333,Simplified,Monoculture,Intercropping,Maize-Legume,645_C2,645_T1,Insect,Pests,Abundance,standard deviation,2.69,0.2,20,5.22,0.2,20,kg/ha,4729,308,4,5181,76,4,1,0
3149,645,"Maluleke M.H., Addo-Bediako A., Ayisi K.K.",2005,South Africa,-23.9,29.5833333333333,Simplified,Monoculture,Intercropping,Maize-Legume,645_C2,645_T2,Insect,Pests,Abundance,standard deviation,2.33,0.1,20,5.22,0.2,20,kg/ha,3055,472,4,5181,76,4,1,0
3150,645,"Maluleke M.H., Addo-Bediako A., Ayisi K.K.",2005,South Africa,-23.9,29.5833333333333,Simplified,Monoculture,Intercropping,Maize-Legume,645_C2,645_T3,Insect,Pests,Abundance,standard deviation,1.67,0.1,20,5.22,0.2,20,kg/ha,2567,18,4,5181,76,4,1,0
3151,645,"Maluleke M.H., Addo-Bediako A., Ayisi K.K.",2005,South Africa,-23.9,29.5833333333333,Simplified,Monoculture,Intercropping,Maize-Legume,645_C2,645_T4,Insect,Pests,Abundance,standard deviation,1.45,0.3,20,5.22,0.2,20,kg/ha,2041,86,4,5181,76,4,1,0
3152,645,"Maluleke M.H., Addo-Bediako A., Ayisi K.K.",2005,South Africa,-23.9,29.5833333333333,Simplified,Monoculture,Intercropping,Maize-Legume,645_C2,645_T5,Insect,Pests,Abundance,standard deviation,1.23,0.1,20,5.22,0.2,20,kg/ha,1583,20,4,5181,76,4,1,0
3153,645,"Maluleke M.H., Addo-Bediako A., Ayisi K.K.",2005,South Africa,-23.9,29.5833333333333,Simplified,Monoculture,Intercropping,Maize-Legume,645_C2,645_T6,Insect,Pests,Abundance,standard deviation,4.13,0.1,20,5.22,0.2,20,kg/ha,4729,308,4,5181,76,4,1,0
3154,645,"Maluleke M.H., Addo-Bediako A., Ayisi K.K.",2005,South Africa,-23.9,29.5833333333333,Simplified,Monoculture,Intercropping,Maize-Legume,645_C2,645_T7,Insect,Pests,Abundance,standard deviation,3.85,0.1,20,5.22,0.2,20,kg/ha,3055,472,4,5181,76,4,1,0
3155,645,"Maluleke M.H., Addo-Bediako A., Ayisi K.K.",2005,South Africa,-23.9,29.5833333333333,Simplified,Monoculture,Intercropping,Maize-Legume,645_C2,645_T8,Insect,Pests,Abundance,standard deviation,3.56,0.1,20,5.22,0.2,20,kg/ha,2567,18,4,5181,76,4,1,0
3156,645,"Maluleke M.H., Addo-Bediako A., Ayisi K.K.",2005,South Africa,-23.9,29.5833333333333,Simplified,Monoculture,Intercropping,Maize-Legume,645_C2,645_T9,Insect,Pests,Abundance,standard deviation,2.93,0.2,20,5.22,0.2,20,kg/ha,2041,86,4,5181,76,4,1,0
3157,645,"Maluleke M.H., Addo-Bediako A., Ayisi K.K.",2005,South Africa,-23.9,29.5833333333333,Simplified,Monoculture,Intercropping,Maize-Legume,645_C2,645_T10,Insect,Pests,Abundance,standard deviation,2.47,0.1,20,5.22,0.2,20,kg/ha,1583,20,4,5181,76,4,1,0
3159,646,"Hooks C.R.R., Johnson M.W.",2004,United States of America,21.53801,-158.081942,Simplified,Monoculture,Associated plant species,Broccoli,646_C1,646_T3,Arachnida,Natural enemies,Abundance,standard error,0.11100526,3.57770876399966,2000,0.24688043,2.68328157299975,2000,kg per plants,0.39,0.08,64,0.35,0.08,64,NA,NA
3160,646,"Hooks C.R.R., Johnson M.W.",2004,United States of America,21.53801,-158.081942,Simplified,Monoculture,Associated plant species,Broccoli,646_C1,646_T2,Arachnida,Natural enemies,Abundance,standard error,0.15977242,2.23606797749979,2000,0.24688043,2.68328157299975,2000,kg per plants,0.4,0.16,64,0.35,0.08,64,NA,NA
3161,646,"Hooks C.R.R., Johnson M.W.",2004,United States of America,21.53801,-158.081942,Simplified,Monoculture,Associated plant species,Broccoli,646_C1,646_T1,Insect,Pests,Abundance,standard error,0.2,2.68328157299975,2000,0.87,2.23606797749979,2000,kg per plants,0.33,0.88,64,0.35,0.08,64,NA,NA
3162,646,"Hooks C.R.R., Johnson M.W.",2004,United States of America,21.53801,-158.081942,Simplified,Monoculture,Associated plant species,Broccoli,646_C1,646_T2,Insect,Pests,Abundance,standard error,0.18,2.68328157299975,2000,0.87,2.23606797749979,2000,kg per plants,0.4,0.16,64,0.35,0.08,64,NA,NA
3163,646,"Hooks C.R.R., Johnson M.W.",2004,United States of America,21.53801,-158.081942,Simplified,Monoculture,Associated plant species,Broccoli,646_C1,646_T3,Insect,Pests,Abundance,standard error,0.07,1.34164078649987,2000,0.87,2.23606797749979,2000,kg per plants,0.39,0.08,64,0.35,0.08,64,NA,NA
3164,646,"Hooks C.R.R., Johnson M.W.",2004,United States of America,21.53801,-158.081942,Simplified,Monoculture,Associated plant species,Broccoli,646_C1,646_T3,Arachnida,Natural enemies,Abundance,standard error,0.13789382,2.68328157299975,2000,0.35737936,4.02492235949962,2000,kg per plants,0.39,0.08,64,0.35,0.08,64,NA,NA
3165,646,"Hooks C.R.R., Johnson M.W.",2004,United States of America,21.53801,-158.081942,Simplified,Monoculture,Associated plant species,Broccoli,646_C1,646_T2,Arachnida,Natural enemies,Abundance,standard error,0.22843286,3.13049516849971,2000,0.35737936,4.02492235949962,2000,kg per plants,0.4,0.16,64,0.35,0.08,64,NA,NA
3166,646,"Hooks C.R.R., Johnson M.W.",2004,United States of America,21.53801,-158.081942,Simplified,Monoculture,Associated plant species,Broccoli,646_C1,646_T1,Arachnida,Natural enemies,Abundance,standard error,0.14483581,2.23606797749979,2000,0.35737936,4.02492235949962,2000,kg per plants,0.33,0.08,64,0.35,0.08,64,NA,NA
3167,646,"Hooks C.R.R., Johnson M.W.",2004,United States of America,21.53801,-158.081942,Simplified,Monoculture,Associated plant species,Broccoli,646_C1,646_T2,Arachnida,Natural enemies,Abundance,standard error,0.32152351,3.13049516849971,2000,0.55845731,4.47213595499958,2000,kg per plants,0.4,0.16,64,0.35,0.08,64,NA,NA
3170,646,"Hooks C.R.R., Johnson M.W.",2004,United States of America,21.53801,-158.081942,Simplified,Monoculture,Associated plant species,Broccoli,646_C1,646_T3,Arachnida,Natural enemies,Abundance,standard error,0.33793246,3.57770876399966,2000,0.35538071,3.57770876399966,2000,kg per plants,0.39,0.08,64,0.35,0.08,64,NA,NA
3171,646,"Hooks C.R.R., Johnson M.W.",2004,United States of America,21.53801,-158.081942,Simplified,Monoculture,Associated plant species,Broccoli,646_C1,646_T2,Arachnida,Natural enemies,Abundance,standard error,0.13238419,2.23606797749979,2000,0.35538071,3.57770876399966,2000,kg per plants,0.4,0.16,64,0.35,0.08,64,NA,NA
3172,646,"Hooks C.R.R., Johnson M.W.",2004,United States of America,21.53801,-158.081942,Simplified,Monoculture,Associated plant species,Broccoli,646_C1,646_T1,Arachnida,Natural enemies,Abundance,standard error,0.34494107,2.23606797749979,2000,0.35538071,3.57770876399966,2000,kg per plants,0.33,0.08,64,0.35,0.08,64,NA,NA
3173,646,"Hooks C.R.R., Johnson M.W.",2004,United States of America,21.53801,-158.081942,Simplified,Monoculture,Associated plant species,Broccoli,646_C1,646_T3,Arachnida,Natural enemies,Abundance,standard error,0.68886283,5.3665631459995,2000,0.24636745,2.68328157299975,2000,kg per plants,0.39,0.08,64,0.35,0.08,64,NA,NA
3174,646,"Hooks C.R.R., Johnson M.W.",2004,United States of America,21.53801,-158.081942,Simplified,Monoculture,Associated plant species,Broccoli,646_C1,646_T1,Arachnida,Natural enemies,Abundance,standard error,0.69935577,4.47213595499958,2000,0.24636745,2.68328157299975,2000,kg per plants,0.33,0.08,64,0.35,0.08,64,NA,NA
3176,646,"Hooks C.R.R., Johnson M.W.",2004,United States of America,21.53801,-158.081942,Simplified,Monoculture,Associated plant species,Broccoli,646_C1,646_T3,Arachnida,Natural enemies,Abundance,standard error,0.41957082,3.13049516849971,2000,0.07810741,1.78885438199983,2000,kg per plants,0.39,0.08,64,0.35,0.08,64,NA,NA
3177,646,"Hooks C.R.R., Johnson M.W.",2004,United States of America,21.53801,-158.081942,Simplified,Monoculture,Associated plant species,Broccoli,646_C1,646_T2,Arachnida,Natural enemies,Abundance,standard error,0.19657431,2.68328157299975,2000,0.07810741,1.78885438199983,2000,kg per plants,0.4,0.16,64,0.35,0.08,64,NA,NA
3178,646,"Hooks C.R.R., Johnson M.W.",2004,United States of America,21.53801,-158.081942,Simplified,Monoculture,Associated plant species,Broccoli,646_C1,646_T1,Arachnida,Natural enemies,Abundance,standard error,0.42656611,4.47213595499958,2000,0.07810741,1.78885438199983,2000,kg per plants,0.33,0.08,64,0.35,0.08,64,NA,NA
3179,646,"Hooks C.R.R., Johnson M.W.",2004,United States of America,21.53801,-158.081942,Simplified,Monoculture,Associated plant species,Broccoli,646_C1,646_T2,Arachnida,Natural enemies,Abundance,standard error,0.14679449,3.13049516849971,2000,0.16073177,2.68328157299975,2000,kg per plants,0.4,0.16,64,0.35,0.08,64,NA,NA
3180,646,"Hooks C.R.R., Johnson M.W.",2004,United States of America,21.53801,-158.081942,Simplified,Monoculture,Associated plant species,Broccoli,646_C1,646_T1,Arachnida,Natural enemies,Abundance,standard error,0.40114989,4.02492235949962,2000,0.16073177,2.68328157299975,2000,kg per plants,0.33,0.08,64,0.35,0.08,64,NA,NA
3181,646,"Hooks C.R.R., Johnson M.W.",2004,United States of America,21.53801,-158.081942,Simplified,Monoculture,Associated plant species,Broccoli,646_C1,646_T3,Arachnida,Natural enemies,Abundance,standard error,0.3942079,4.47213595499958,2000,0.16073177,2.68328157299975,2000,kg per plants,0.39,0.08,64,0.35,0.08,64,NA,NA
3186,649,"Showler A.T., Greenberg S.M.",2003,United States of America,26.148138,-97.957298,Simplified,Monoculture,Associated plant species,Cotton,649_C1,649_T1,Insect,Natural enemies,Abundance,standard error,22.36,15.431785379534,6,12.56,15.431785379534,6,kg/ha,199.7,37.2322440903043,6,290.8,42.6211215244273,6,1,1
3188,649,"Showler A.T., Greenberg S.M.",2003,United States of America,26.148138,-97.957298,Simplified,Monoculture,Associated plant species,Cotton,649_C1,649_T1,Arthropods,Herbivores,Shannon index,standard error,0.865,0.112676528168026,6,0.861,0.10777754868246,6,kg/ha,199.7,37.2322440903043,6,290.8,42.6211215244273,6,1,1
3191,649,"Showler A.T., Greenberg S.M.",2003,United States of America,26.148138,-97.957298,Simplified,Monoculture,Associated plant species,Cotton,649_C1,649_T1,Insect,Natural enemies,Abundance,standard error,1.41,1.20024997396376,6,1.22,1.17575507653593,6,kg/ha,199.7,37.2322440903043,6,290.8,42.6211215244273,6,1,1
3199,649,"Showler A.T., Greenberg S.M.",2003,United States of America,26.148138,-97.957298,Simplified,Monoculture,Associated plant species,Cotton,649_C1,649_T1,Insect,Pests,Abundance,standard error,8.53,3.96817338330875,6,9.11,6.14821925438578,6,kg/ha,199.7,37.2322440903043,6,290.8,42.6211215244273,6,1,1
3203,649,"Showler A.T., Greenberg S.M.",2003,United States of America,26.148138,-97.957298,Simplified,Monoculture,Associated plant species,Cotton,649_C1,649_T1,Insect,Natural enemies,Abundance,standard error,0.83,0.612372435695794,6,1.23,1.42070405081424,6,kg/ha,199.7,37.2322440903043,6,290.8,42.6211215244273,6,1,1
3210,649,"Showler A.T., Greenberg S.M.",2003,United States of America,26.148138,-97.957298,Simplified,Monoculture,Associated plant species,Cotton,649_C1,649_T1,Insect,Natural enemies,Abundance,standard error,2.45,1.81262240965955,6,5.66,4.84998969071069,6,kg/ha,199.7,37.2322440903043,6,290.8,42.6211215244273,6,1,1
3216,649,"Showler A.T., Greenberg S.M.",2003,United States of America,26.148138,-97.957298,Simplified,Monoculture,Associated plant species,Cotton,649_C1,649_T1,Insect,Pests,Abundance,standard error,1.48,1.81262240965955,6,2.22,1.29822956367508,6,kg/ha,199.7,37.2322440903043,6,290.8,42.6211215244273,6,1,1
3217,649,"Showler A.T., Greenberg S.M.",2003,United States of America,26.148138,-97.957298,Simplified,Monoculture,Associated plant species,Cotton,649_C1,649_T1,Insect,Natural enemies,Abundance,standard error,0.192,0.465403051128804,6,0.502,0.710352025407122,6,kg/ha,199.7,37.2322440903043,6,290.8,42.6211215244273,6,1,1
3228,649,"Showler A.T., Greenberg S.M.",2003,United States of America,26.148138,-97.957298,Simplified,Monoculture,Associated plant species,Cotton,649_C1,649_T1,Arthropods,Herbivores,Shannon index,standard error,0.601,0.159216833280907,6,0.561,0.15578754764101,6,kg/ha,199.7,37.2322440903043,6,290.8,42.6211215244273,6,1,1
3229,649,"Showler A.T., Greenberg S.M.",2003,United States of America,26.148138,-97.957298,Simplified,Monoculture,Associated plant species,Cotton,649_C1,649_T1,Insect,Natural enemies,Abundance,standard error,0.224,0.440908153700972,6,0.0196,0.195959179422654,6,kg/ha,199.7,37.2322440903043,6,290.8,42.6211215244273,6,1,1
3231,649,"Showler A.T., Greenberg S.M.",2003,United States of America,26.148138,-97.957298,Simplified,Monoculture,Associated plant species,Cotton,649_C1,649_T1,Insect,Natural enemies,Abundance,standard error,0.78,0.955300999685439,6,0.87,0.710352025407122,6,kg/ha,199.7,37.2322440903043,6,290.8,42.6211215244273,6,1,1
3235,649,"Showler A.T., Greenberg S.M.",2003,United States of America,26.148138,-97.957298,Simplified,Monoculture,Associated plant species,Cotton,649_C1,649_T1,Insect,Natural enemies,Abundance,standard error,1.2,1.22474487139159,6,1.2,1.44519894824207,6,kg/ha,199.7,37.2322440903043,6,290.8,42.6211215244273,6,1,1
3239,649,"Showler A.T., Greenberg S.M.",2003,United States of America,26.148138,-97.957298,Simplified,Monoculture,Associated plant species,Cotton,649_C1,649_T1,Insect,Pests,Abundance,standard error,3.09,2.1555509736492,6,9.11,2.18004587107703,6,kg/ha,199.7,37.2322440903043,6,290.8,42.6211215244273,6,1,1
3240,649,"Showler A.T., Greenberg S.M.",2003,United States of America,26.148138,-97.957298,Simplified,Monoculture,Associated plant species,Cotton,649_C1,649_T1,Insect,Natural enemies,Abundance,standard error,14.05,9.18558653543692,6,20.3,9.18558653543692,6,kg/ha,199.7,37.2322440903043,6,290.8,42.6211215244273,6,1,1
3242,649,"Showler A.T., Greenberg S.M.",2003,United States of America,26.148138,-97.957298,Simplified,Monoculture,Associated plant species,Cotton,649_C1,649_T1,Insect,Pests,Abundance,standard error,0.5,0.710352025407122,6,0.5,0.710352025407122,6,kg/ha,199.7,37.2322440903043,6,290.8,42.6211215244273,6,1,1
3243,649,"Showler A.T., Greenberg S.M.",2003,United States of America,26.148138,-97.957298,Simplified,Monoculture,Associated plant species,Cotton,649_C1,649_T1,Insect,Natural enemies,Abundance,standard error,0.01,0.342928563989645,6,1.21,2.93938769133981,6,kg/ha,199.7,37.2322440903043,6,290.8,42.6211215244273,6,1,1
3245,649,"Showler A.T., Greenberg S.M.",2003,United States of America,26.148138,-97.957298,Simplified,Monoculture,Associated plant species,Cotton,649_C1,649_T1,Insect,Natural enemies,Abundance,standard error,0.01,0.342928563989645,6,26.3,20.5512189419509,6,kg/ha,199.7,37.2322440903043,6,290.8,42.6211215244273,6,1,1
3248,649,"Showler A.T., Greenberg S.M.",2003,United States of America,26.148138,-97.957298,Simplified,Monoculture,Associated plant species,Cotton,649_C1,649_T1,Insect,Natural enemies,Abundance,standard error,4.81,2.42499484535535,6,3.354,7.25048963863821,6,kg/ha,199.7,37.2322440903043,6,290.8,42.6211215244273,6,1,1
3250,649,"Showler A.T., Greenberg S.M.",2003,United States of America,26.148138,-97.957298,Simplified,Monoculture,Associated plant species,Cotton,649_C1,649_T1,Insect,Natural enemies,Abundance,standard error,4.81,2.42499484535535,6,4.81,2.42499484535535,6,kg/ha,199.7,37.2322440903043,6,290.8,42.6211215244273,6,1,1
3251,649,"Showler A.T., Greenberg S.M.",2003,United States of America,26.148138,-97.957298,Simplified,Monoculture,Associated plant species,Cotton,649_C1,649_T1,Insect,Pests,Abundance,standard error,33.3,19.6938975319767,6,58.8,27.3852953243159,6,kg/ha,199.7,37.2322440903043,6,290.8,42.6211215244273,6,1,1
3256,649,"Showler A.T., Greenberg S.M.",2003,United States of America,26.148138,-97.957298,Simplified,Monoculture,Associated plant species,Cotton,649_C1,649_T1,Insect,Pests,Abundance,standard error,3.59,1.29822956367508,6,3.06,2.59645912735017,6,kg/ha,199.7,37.2322440903043,6,290.8,42.6211215244273,6,1,1
3262,649,"Showler A.T., Greenberg S.M.",2003,United States of America,26.148138,-97.957298,Simplified,Monoculture,Associated plant species,Cotton,649_C3,649_T1,Arachnida,Natural enemies,Abundance,standard error,0.723,1.0042907945411,6,1.338,0.881816307401944,6,kg/ha,199.7,37.2322440903043,6,290.8,42.6211215244273,6,1,1
3263,649,"Showler A.T., Greenberg S.M.",2003,United States of America,26.148138,-97.957298,Simplified,Monoculture,Associated plant species,Cotton,649_C3,649_T1,Arachnida,Natural enemies,Abundance,standard error,5.19,1.71464281994822,6,1.338,0.881816307401944,6,kg/ha,199.7,37.2322440903043,6,290.8,42.6211215244273,6,1,1
3266,649,"Showler A.T., Greenberg S.M.",2003,United States of America,26.148138,-97.957298,Simplified,Monoculture,Associated plant species,Cotton,649_C1,649_T1,Insect,Natural enemies,Abundance,standard error,56.7,30.863570759068,6,98,58.2978558782396,6,kg/ha,199.7,37.2322440903043,6,290.8,42.6211215244273,6,1,1
3268,649,"Showler A.T., Greenberg S.M.",2003,United States of America,26.148138,-97.957298,Simplified,Monoculture,Associated plant species,Cotton,649_C1,649_T1,Insect,Natural enemies,Abundance,standard error,0.219,0.514392845984467,6,0.706,0.514392845984467,6,kg/ha,199.7,37.2322440903043,6,290.8,42.6211215244273,6,1,1
3271,649,"Showler A.T., Greenberg S.M.",2003,United States of America,26.148138,-97.957298,Simplified,Monoculture,Associated plant species,Cotton,649_C1,649_T1,Insect,Natural enemies,Abundance,standard error,64.61,22.6087903258887,6,54.35,43.5764225241127,6,kg/ha,199.7,37.2322440903043,6,290.8,42.6211215244273,6,1,1
3272,649,"Showler A.T., Greenberg S.M.",2003,United States of America,26.148138,-97.957298,Simplified,Monoculture,Associated plant species,Cotton,649_C1,649_T1,Insect,Natural enemies,Abundance,standard error,1.81,1.66565302509256,6,54.35,43.5764225241127,6,kg/ha,199.7,37.2322440903043,6,290.8,42.6211215244273,6,1,1
3273,649,"Showler A.T., Greenberg S.M.",2003,United States of America,26.148138,-97.957298,Simplified,Monoculture,Associated plant species,Cotton,649_C1,649_T1,Insect,Natural enemies,Abundance,standard error,64.61,22.6087903258887,6,5.29,1.22474487139159,6,kg/ha,199.7,37.2322440903043,6,290.8,42.6211215244273,6,1,1
3274,649,"Showler A.T., Greenberg S.M.",2003,United States of America,26.148138,-97.957298,Simplified,Monoculture,Associated plant species,Cotton,649_C1,649_T1,Insect,Natural enemies,Abundance,standard error,1.81,1.66565302509256,6,5.29,1.22474487139159,6,kg/ha,199.7,37.2322440903043,6,290.8,42.6211215244273,6,1,1
3277,649,"Showler A.T., Greenberg S.M.",2003,United States of America,26.148138,-97.957298,Simplified,Monoculture,Associated plant species,Cotton,649_C1,649_T1,Insect,Pests,Abundance,standard error,2.59,1.71464281994822,6,12.79,2.52297443506667,6,kg/ha,199.7,37.2322440903043,6,290.8,42.6211215244273,6,1,1
3278,649,"Showler A.T., Greenberg S.M.",2003,United States of America,26.148138,-97.957298,Simplified,Monoculture,Associated plant species,Cotton,649_C1,649_T1,Insect,Pests,Abundance,standard error,13.82,2.52297443506667,6,12.79,2.52297443506667,6,kg/ha,199.7,37.2322440903043,6,290.8,42.6211215244273,6,1,1
3280,649,"Showler A.T., Greenberg S.M.",2003,United States of America,26.148138,-97.957298,Simplified,Monoculture,Associated plant species,Cotton,649_C1,649_T1,Insect,Pests,Abundance,standard error,0.15,0.440908153700972,6,0.02,0.759341820262785,6,kg/ha,199.7,37.2322440903043,6,290.8,42.6211215244273,6,1,1
3281,649,"Showler A.T., Greenberg S.M.",2003,United States of America,26.148138,-97.957298,Simplified,Monoculture,Associated plant species,Cotton,649_C1,649_T1,Insect,Pests,Abundance,standard error,0.91,0.489897948556636,6,0.22,0.41641325627314,6,kg/ha,199.7,37.2322440903043,6,290.8,42.6211215244273,6,1,1
3282,649,"Showler A.T., Greenberg S.M.",2003,United States of America,26.148138,-97.957298,Simplified,Monoculture,Associated plant species,Cotton,649_C1,649_T1,Insect,Natural enemies,Abundance,standard error,0.21,0.440908153700972,6,1.22,2.40049994792751,6,kg/ha,199.7,37.2322440903043,6,290.8,42.6211215244273,6,1,1
3284,649,"Showler A.T., Greenberg S.M.",2003,United States of America,26.148138,-97.957298,Simplified,Monoculture,Associated plant species,Cotton,649_C1,649_T1,Insect,Natural enemies,Abundance,standard error,0.21,0.440908153700972,6,28.98,13.0802752264622,6,kg/ha,199.7,37.2322440903043,6,290.8,42.6211215244273,6,1,1
3286,649,"Showler A.T., Greenberg S.M.",2003,United States of America,26.148138,-97.957298,Simplified,Monoculture,Associated plant species,Cotton,649_C1,649_T1,Insect,Natural enemies,Abundance,standard error,10.99,3.33130605018512,6,7.4,3.94367848588092,6,kg/ha,199.7,37.2322440903043,6,290.8,42.6211215244273,6,1,1
3288,649,"Showler A.T., Greenberg S.M.",2003,United States of America,26.148138,-97.957298,Simplified,Monoculture,Associated plant species,Cotton,649_C1,649_T1,Insect,Natural enemies,Abundance,standard error,10.99,3.33130605018512,6,12.6805,10.8757344579573,6,kg/ha,199.7,37.2322440903043,6,290.8,42.6211215244273,6,1,1
3295,649,"Showler A.T., Greenberg S.M.",2003,United States of America,26.148138,-97.957298,Simplified,Monoculture,Associated plant species,Cotton,649_C1,649_T1,Insect,Pests,Abundance,standard error,4.43,2.35151015307185,6,4.44,3.89468869102525,6,kg/ha,199.7,37.2322440903043,6,290.8,42.6211215244273,6,1,1
3296,649,"Showler A.T., Greenberg S.M.",2003,United States of America,26.148138,-97.957298,Simplified,Monoculture,Associated plant species,Cotton,649_C1,649_T1,Insect,Natural enemies,Abundance,standard error,5.74,3.2333264604738,6,3.33,3.77221420388609,6,kg/ha,199.7,37.2322440903043,6,290.8,42.6211215244273,6,1,1
3297,649,"Showler A.T., Greenberg S.M.",2003,United States of America,26.148138,-97.957298,Simplified,Monoculture,Associated plant species,Cotton,649_C1,649_T1,Insect,Natural enemies,Abundance,standard error,0.543,0.220454076850486,6,3.33,3.77221420388609,6,kg/ha,199.7,37.2322440903043,6,290.8,42.6211215244273,6,1,1
3298,649,"Showler A.T., Greenberg S.M.",2003,United States of America,26.148138,-97.957298,Simplified,Monoculture,Associated plant species,Cotton,649_C1,649_T1,Insect,Natural enemies,Abundance,standard error,5.74,3.2333264604738,6,0.56,0.465403051128804,6,kg/ha,199.7,37.2322440903043,6,290.8,42.6211215244273,6,1,1
3299,649,"Showler A.T., Greenberg S.M.",2003,United States of America,26.148138,-97.957298,Simplified,Monoculture,Associated plant species,Cotton,649_C1,649_T1,Insect,Natural enemies,Abundance,standard error,0.543,0.220454076850486,6,0.56,0.465403051128804,6,kg/ha,199.7,37.2322440903043,6,290.8,42.6211215244273,6,1,1
3301,649,"Showler A.T., Greenberg S.M.",2003,United States of America,26.148138,-97.957298,Simplified,Monoculture,Associated plant species,Cotton,649_C4,649_T1,Arachnida,Natural enemies,Abundance,standard error,1.057,0.367423461417477,6,1.518,1.37171425595858,6,kg/ha,199.7,37.2322440903043,6,290.8,42.6211215244273,6,1,1
3303,649,"Showler A.T., Greenberg S.M.",2003,United States of America,26.148138,-97.957298,Simplified,Monoculture,Associated plant species,Cotton,649_C1,649_T1,Arachnida,Natural enemies,Abundance,standard error,1.057,0.367423461417477,6,3.86,1.37171425595858,6,kg/ha,199.7,37.2322440903043,6,290.8,42.6211215244273,6,1,1
3305,649,"Showler A.T., Greenberg S.M.",2003,United States of America,26.148138,-97.957298,Simplified,Monoculture,Associated plant species,Cotton,649_C1,649_T1,Insect,Natural enemies,Abundance,standard error,99.81,54.8685702383432,6,38.91,44.5807133186538,6,kg/ha,199.7,37.2322440903043,6,290.8,42.6211215244273,6,1,1
3313,649,"Showler A.T., Greenberg S.M.",2003,United States of America,26.148138,-97.957298,Simplified,Monoculture,Associated plant species,Cotton,649_C1,649_T1,Insect,Natural enemies,Abundance,standard error,2.8,3.18433666561813,6,2.71,2.66994381963366,6,kg/ha,199.7,37.2322440903043,6,290.8,42.6211215244273,6,1,1
3314,649,"Showler A.T., Greenberg S.M.",2003,United States of America,26.148138,-97.957298,Simplified,Monoculture,Associated plant species,Cotton,649_C1,649_T1,Insect,Pests,Abundance,standard error,1.81,1.0777754868246,6,1.06,1.5431785379534,6,kg/ha,199.7,37.2322440903043,6,290.8,42.6211215244273,6,1,1
3315,649,"Showler A.T., Greenberg S.M.",2003,United States of America,26.148138,-97.957298,Simplified,Monoculture,Associated plant species,Cotton,649_C1,649_T1,Insect,Pests,Abundance,standard error,13.97,4.67852540871587,6,1.06,1.5431785379534,6,kg/ha,199.7,37.2322440903043,6,290.8,42.6211215244273,6,1,1
3316,649,"Showler A.T., Greenberg S.M.",2003,United States of America,26.148138,-97.957298,Simplified,Monoculture,Associated plant species,Cotton,649_C1,649_T1,Insect,Pests,Abundance,standard error,1.81,1.0777754868246,6,8.24,5.41337233155082,6,kg/ha,199.7,37.2322440903043,6,290.8,42.6211215244273,6,1,1
3317,649,"Showler A.T., Greenberg S.M.",2003,United States of America,26.148138,-97.957298,Simplified,Monoculture,Associated plant species,Cotton,649_C1,649_T1,Insect,Pests,Abundance,standard error,13.97,4.67852540871587,6,8.24,5.41337233155082,6,kg/ha,199.7,37.2322440903043,6,290.8,42.6211215244273,6,1,1
3320,649,"Showler A.T., Greenberg S.M.",2003,United States of America,26.148138,-97.957298,Simplified,Monoculture,Associated plant species,Cotton,649_C1,649_T1,Insect,Pests,Abundance,standard error,0.22,0.41641325627314,6,0.08,0.563382640840131,6,kg/ha,199.7,37.2322440903043,6,290.8,42.6211215244273,6,1,1
3321,649,"Showler A.T., Greenberg S.M.",2003,United States of America,26.148138,-97.957298,Simplified,Monoculture,Associated plant species,Cotton,649_C1,649_T1,Insect,Natural enemies,Abundance,standard error,29.43,13.0802752264622,6,20.28,13.0802752264622,6,kg/ha,199.7,37.2322440903043,6,290.8,42.6211215244273,6,1,1
3322,649,"Showler A.T., Greenberg S.M.",2003,United States of America,26.148138,-97.957298,Simplified,Monoculture,Associated plant species,Cotton,649_C1,649_T1,Insect,Natural enemies,Abundance,standard error,1.82,2.40049994792751,6,20.28,13.0802752264622,6,kg/ha,199.7,37.2322440903043,6,290.8,42.6211215244273,6,1,1
3323,649,"Showler A.T., Greenberg S.M.",2003,United States of America,26.148138,-97.957298,Simplified,Monoculture,Associated plant species,Cotton,649_C1,649_T1,Insect,Natural enemies,Abundance,standard error,29.43,13.0802752264622,6,5.49,5.07044376756118,6,kg/ha,199.7,37.2322440903043,6,290.8,42.6211215244273,6,1,1
3324,649,"Showler A.T., Greenberg S.M.",2003,United States of America,26.148138,-97.957298,Simplified,Monoculture,Associated plant species,Cotton,649_C1,649_T1,Insect,Natural enemies,Abundance,standard error,1.82,2.40049994792751,6,5.49,5.07044376756118,6,kg/ha,199.7,37.2322440903043,6,290.8,42.6211215244273,6,1,1
3327,649,"Showler A.T., Greenberg S.M.",2003,United States of America,26.148138,-97.957298,Simplified,Monoculture,Associated plant species,Cotton,649_C1,649_T1,Insect,Natural enemies,Abundance,standard error,20.52,7.25048963863821,6,6.69,2.71893361448933,6,kg/ha,199.7,37.2322440903043,6,290.8,42.6211215244273,6,1,1
3328,649,"Showler A.T., Greenberg S.M.",2003,United States of America,26.148138,-97.957298,Simplified,Monoculture,Associated plant species,Cotton,649_C1,649_T1,Insect,Natural enemies,Abundance,standard error,7.8,3.94367848588092,6,6.69,2.71893361448933,6,kg/ha,199.7,37.2322440903043,6,290.8,42.6211215244273,6,1,1
3331,649,"Showler A.T., Greenberg S.M.",2003,United States of America,26.148138,-97.957298,Simplified,Monoculture,Associated plant species,Cotton,649_C1,649_T1,Insect,Pests,Abundance,standard error,9.19,5.68281620325697,6,4.75,2.84140810162849,6,kg/ha,199.7,37.2322440903043,6,290.8,42.6211215244273,6,1,1
3333,649,"Showler A.T., Greenberg S.M.",2003,United States of America,26.148138,-97.957298,Simplified,Monoculture,Associated plant species,Cotton,649_C1,649_T1,Insect,Pests,Abundance,standard error,9.19,5.68281620325697,6,24.29,10.9002293553851,6,kg/ha,199.7,37.2322440903043,6,290.8,42.6211215244273,6,1,1
3338,649,"Showler A.T., Greenberg S.M.",2003,United States of America,26.148138,-97.957298,Simplified,Monoculture,Associated plant species,Cotton,649_C1,649_T1,Insect,Natural enemies,Abundance,standard error,0.888,0.710352025407122,6,0.267,0.293938769133981,6,kg/ha,199.7,37.2322440903043,6,290.8,42.6211215244273,6,1,1
3340,649,"Showler A.T., Greenberg S.M.",2003,United States of America,26.148138,-97.957298,Simplified,Monoculture,Associated plant species,Cotton,649_C5,649_T1,Arachnida,Natural enemies,Abundance,standard error,4.782,2.52297443506667,6,3.5,1.0042907945411,6,kg/ha,199.7,37.2322440903043,6,290.8,42.6211215244273,6,1,1
3341,649,"Showler A.T., Greenberg S.M.",2003,United States of America,26.148138,-97.957298,Simplified,Monoculture,Associated plant species,Cotton,649_C5,649_T1,Arachnida,Natural enemies,Abundance,standard error,4.64,1.71464281994822,6,3.5,1.0042907945411,6,kg/ha,199.7,37.2322440903043,6,290.8,42.6211215244273,6,1,1
3342,649,"Showler A.T., Greenberg S.M.",2003,United States of America,26.148138,-97.957298,Simplified,Monoculture,Associated plant species,Cotton,649_C1,649_T1,Arachnida,Natural enemies,Abundance,standard error,4.782,2.52297443506667,6,4.64,1.71464281994822,6,kg/ha,199.7,37.2322440903043,6,290.8,42.6211215244273,6,1,1
3343,649,"Showler A.T., Greenberg S.M.",2003,United States of America,26.148138,-97.957298,Simplified,Monoculture,Associated plant species,Cotton,649_C1,649_T1,Arachnida,Natural enemies,Abundance,standard error,4.64,1.71464281994822,6,4.64,1.71464281994822,6,kg/ha,199.7,37.2322440903043,6,290.8,42.6211215244273,6,1,1
3344,649,"Showler A.T., Greenberg S.M.",2003,United States of America,26.148138,-97.957298,Simplified,Monoculture,Associated plant species,Cotton,649_C1,649_T1,Insect,Natural enemies,Abundance,standard error,19.69,24.0049994792751,6,16.89,17.1464281994822,6,kg/ha,199.7,37.2322440903043,6,290.8,42.6211215244273,6,1,1
3346,649,"Showler A.T., Greenberg S.M.",2003,United States of America,26.148138,-97.957298,Simplified,Monoculture,Associated plant species,Cotton,649_C1,649_T1,Insect,Natural enemies,Abundance,standard error,0.722,0.244948974278318,6,1.337,1.20024997396376,6,kg/ha,199.7,37.2322440903043,6,290.8,42.6211215244273,6,1,1
3349,649,"Showler A.T., Greenberg S.M.",2003,United States of America,26.148138,-97.957298,Simplified,Monoculture,Associated plant species,Cotton,649_C1,649_T1,Insect,Natural enemies,Abundance,standard error,1.99,1.22474487139159,6,0.81,0.734846922834953,6,kg/ha,199.7,37.2322440903043,6,290.8,42.6211215244273,6,1,1
3353,649,"Showler A.T., Greenberg S.M.",2003,United States of America,26.148138,-97.957298,Simplified,Monoculture,Associated plant species,Cotton,649_C1,649_T1,Insect,Pests,Abundance,standard error,10.44,8.27927533060714,6,12.64,5.07044376756118,6,kg/ha,199.7,37.2322440903043,6,290.8,42.6211215244273,6,1,1
3354,649,"Showler A.T., Greenberg S.M.",2003,United States of America,26.148138,-97.957298,Simplified,Monoculture,Associated plant species,Cotton,649_C1,649_T1,Insect,Pests,Abundance,standard error,2.29,3.0863570759068,6,12.64,5.07044376756118,6,kg/ha,199.7,37.2322440903043,6,290.8,42.6211215244273,6,1,1
3355,649,"Showler A.T., Greenberg S.M.",2003,United States of America,26.148138,-97.957298,Simplified,Monoculture,Associated plant species,Cotton,649_C1,649_T1,Insect,Pests,Abundance,standard error,10.44,8.27927533060714,6,2.29,3.0863570759068,6,kg/ha,199.7,37.2322440903043,6,290.8,42.6211215244273,6,1,1
3356,649,"Showler A.T., Greenberg S.M.",2003,United States of America,26.148138,-97.957298,Simplified,Monoculture,Associated plant species,Cotton,649_C1,649_T1,Insect,Pests,Abundance,standard error,2.29,3.0863570759068,6,2.29,3.0863570759068,6,kg/ha,199.7,37.2322440903043,6,290.8,42.6211215244273,6,1,1
3358,649,"Showler A.T., Greenberg S.M.",2003,United States of America,26.148138,-97.957298,Simplified,Monoculture,Associated plant species,Cotton,649_C1,649_T1,Insect,Pests,Abundance,standard error,0.22,0.41641325627314,6,1.19,2.96388258876765,6,kg/ha,199.7,37.2322440903043,6,290.8,42.6211215244273,6,1,1
3359,649,"Showler A.T., Greenberg S.M.",2003,United States of America,26.148138,-97.957298,Simplified,Monoculture,Associated plant species,Cotton,649_C1,649_T1,Insect,Pests,Abundance,standard error,1.61,0.710352025407122,6,0.6,0.489897948556636,6,kg/ha,199.7,37.2322440903043,6,290.8,42.6211215244273,6,1,1
3360,649,"Showler A.T., Greenberg S.M.",2003,United States of America,26.148138,-97.957298,Simplified,Monoculture,Associated plant species,Cotton,649_C1,649_T1,Insect,Natural enemies,Abundance,standard error,0.31,0.367423461417477,6,1.47,0.808331615118449,6,kg/ha,199.7,37.2322440903043,6,290.8,42.6211215244273,6,1,1
3362,649,"Showler A.T., Greenberg S.M.",2003,United States of America,26.148138,-97.957298,Simplified,Monoculture,Associated plant species,Cotton,649_C1,649_T1,Insect,Natural enemies,Abundance,standard error,0.31,0.367423461417477,6,91.63,209.235413828539,6,kg/ha,199.7,37.2322440903043,6,290.8,42.6211215244273,6,1,1
3364,649,"Showler A.T., Greenberg S.M.",2003,United States of America,26.148138,-97.957298,Simplified,Monoculture,Associated plant species,Cotton,649_C1,649_T1,Insect,Natural enemies,Abundance,standard error,35.77,16.3380965843638,6,20.959,9.06311204829776,6,kg/ha,199.7,37.2322440903043,6,290.8,42.6211215244273,6,1,1
3365,649,"Showler A.T., Greenberg S.M.",2003,United States of America,26.148138,-97.957298,Simplified,Monoculture,Associated plant species,Cotton,649_C1,649_T1,Insect,Natural enemies,Abundance,standard error,3.24,2.40049994792751,6,20.959,9.06311204829776,6,kg/ha,199.7,37.2322440903043,6,290.8,42.6211215244273,6,1,1
3366,649,"Showler A.T., Greenberg S.M.",2003,United States of America,26.148138,-97.957298,Simplified,Monoculture,Associated plant species,Cotton,649_C1,649_T1,Insect,Natural enemies,Abundance,standard error,35.77,16.3380965843638,6,2.62,1.81262240965955,6,kg/ha,199.7,37.2322440903043,6,290.8,42.6211215244273,6,1,1
3367,649,"Showler A.T., Greenberg S.M.",2003,United States of America,26.148138,-97.957298,Simplified,Monoculture,Associated plant species,Cotton,649_C1,649_T1,Insect,Natural enemies,Abundance,standard error,3.24,2.40049994792751,6,2.62,1.81262240965955,6,kg/ha,199.7,37.2322440903043,6,290.8,42.6211215244273,6,1,1
3373,649,"Showler A.T., Greenberg S.M.",2003,United States of America,26.148138,-97.957298,Simplified,Monoculture,Associated plant species,Cotton,649_C1,649_T1,Insect,Pests,Abundance,standard error,2.64,1.5431785379534,6,1.8,2.84140810162849,6,kg/ha,199.7,37.2322440903043,6,290.8,42.6211215244273,6,1,1
3378,649,"Showler A.T., Greenberg S.M.",2003,United States of America,26.148138,-97.957298,Simplified,Monoculture,Associated plant species,Cotton,649_C1,649_T1,Insect,Pests,Abundance,standard error,303.52,69.9819219513154,6,351.14,93.3010643026113,6,kg/ha,199.7,37.2322440903043,6,290.8,42.6211215244273,6,1,1
3379,650,"Ogol C.K.P.O., Spence J.R., Keddie A.",1999,Kenya,-3.93333333333333,39.7333333333333,Simplified,Monoculture,Agroforestry,Maize,650_C1,650_T1,Insect,Herbivores,Abundance,standard error,80.341,15.1091113239661,5,107.372,22.6647850199379,5,kg/plot,20.681,122.614814890779,30,29.431,176.76485781597,30,1,1
3380,650,"Ogol C.K.P.O., Spence J.R., Keddie A.",1999,Kenya,-3.93333333333333,39.7333333333333,Simplified,Monoculture,Agroforestry,Maize,650_C1,650_T2,Insect,Herbivores,Abundance,standard error,87.099,10.0734862386366,5,107.372,22.6647850199379,5,kg/plot,25,145.644357543641,30,29.431,176.76485781597,30,1,1
3381,650,"Ogol C.K.P.O., Spence J.R., Keddie A.",1999,Kenya,-3.93333333333333,39.7333333333333,Simplified,Monoculture,Agroforestry,Maize,650_C1,650_T3,Insect,Herbivores,Abundance,standard error,91.228,14.2705858324037,5,107.372,22.6647850199379,5,kg/plot,19.886,118.880442493709,30,29.431,176.76485781597,30,1,1
3382,650,"Ogol C.K.P.O., Spence J.R., Keddie A.",1999,Kenya,-3.93333333333333,39.7333333333333,Simplified,Monoculture,Agroforestry,Maize,650_C1,650_T4,Insect,Herbivores,Abundance,standard error,75.085,14.2705858324037,5,107.372,22.6647850199379,5,kg/plot,8.75,54.7722557505166,30,29.431,176.76485781597,30,1,1
3383,650,"Ogol C.K.P.O., Spence J.R., Keddie A.",1999,Kenya,-3.93333333333333,39.7333333333333,Simplified,Monoculture,Agroforestry,Maize,650_C1,650_T5,Insect,Herbivores,Abundance,standard error,82.218,10.0734862386366,5,107.372,22.6647850199379,5,kg/plot,32.954,186.100788808645,30,29.431,176.76485781597,30,1,1
3384,651,"Hooks C.R.R., Valenzuela H.R., Defrank J.",1998,United States of America,21.335752,-157.714694,Simplified,Monoculture,Associated plant species,Zucchini,651_C2,651_T3,Insect,Pests,Abundance,standard deviation,0.119211,0.119211,40,0.28659,0.28659,40,plant weight in g (dry),118.54,35.74,60,58.02,4.23,60,NA,NA
3385,651,"Hooks C.R.R., Valenzuela H.R., Defrank J.",1998,United States of America,21.335752,-157.714694,Simplified,Monoculture,Associated plant species,Zucchini,651_C2,651_T4,Insect,Pests,Abundance,standard deviation,0.145071,0.145071,40,0.28659,0.28659,40,plant weight in g (dry),78.88,5.22,60,58.02,4.23,60,NA,NA
3386,651,"Hooks C.R.R., Valenzuela H.R., Defrank J.",1998,United States of America,21.335752,-157.714694,Simplified,Monoculture,Associated plant species,Zucchini,651_C2,651_T5,Insect,Pests,Abundance,standard deviation,0.13183,0.13183,40,0.28659,0.28659,40,plant weight in g (dry),86.09,25.96,60,58.02,4.23,60,NA,NA
3387,651,"Hooks C.R.R., Valenzuela H.R., Defrank J.",1998,United States of America,21.335752,-157.714694,Simplified,Monoculture,Associated plant species,Zucchini,651_C2,651_T3,Insect,Pests,Abundance,standard deviation,9.492013,9.492013,40,9.486439,9.486439,40,plant weight in g (dry),118.54,35.74,60,58.02,4.23,60,NA,NA
3388,651,"Hooks C.R.R., Valenzuela H.R., Defrank J.",1998,United States of America,21.335752,-157.714694,Simplified,Monoculture,Associated plant species,Zucchini,651_C2,651_T4,Insect,Pests,Abundance,standard deviation,1.171871,1.171871,40,9.486439,9.486439,40,plant weight in g (dry),78.88,5.22,60,58.02,4.23,60,NA,NA
3390,651,"Hooks C.R.R., Valenzuela H.R., Defrank J.",1998,United States of America,21.51573,-158.061254,Simplified,Monoculture,Associated plant species,Zucchini,651_C1,651_T2,Insect,Pests,Abundance,standard deviation,3.246069,3.925111,40,1.725787,2.060215,40,kg/ha,1944,NA,60,2000,NA,60,NA,NA
3391,651,"Hooks C.R.R., Valenzuela H.R., Defrank J.",1998,United States of America,21.51573,-158.061254,Simplified,Monoculture,Associated plant species,Zucchini,651_C1,651_T1,Insect,Pests,Abundance,standard deviation,0.519697,0.671708,40,1.725787,2.060215,40,kg/ha,2500,NA,60,2000,NA,60,NA,NA
3392,651,"Hooks C.R.R., Valenzuela H.R., Defrank J.",1998,United States of America,21.51573,-158.061254,Simplified,Monoculture,Associated plant species,Zucchini,651_C1,651_T2,Insect,Pests,Abundance,standard deviation,212.4871,241.0575,40,356.1595,395.3443,40,kg/ha,1944,NA,60,2000,NA,60,NA,NA
3393,651,"Hooks C.R.R., Valenzuela H.R., Defrank J.",1998,United States of America,21.51573,-158.061254,Simplified,Monoculture,Associated plant species,Zucchini,651_C1,651_T1,Insect,Pests,Abundance,standard deviation,71.26376,71.26376,40,356.1595,395.3443,40,kg/ha,2500,NA,60,2000,NA,60,NA,NA
3394,651,"Hooks C.R.R., Valenzuela H.R., Defrank J.",1998,United States of America,21.51573,-158.061254,Simplified,Monoculture,Associated plant species,Zucchini,651_C1,651_T2,Insect,Pests,Abundance,standard deviation,1.740063,0.358801,40,4.384873,0.914288,40,kg/ha,1944,NA,60,2000,NA,60,NA,NA
3396,651,"Hooks C.R.R., Valenzuela H.R., Defrank J.",1998,United States of America,21.51573,-158.061254,Simplified,Monoculture,Associated plant species,Zucchini,651_C1,651_T1,Insect,Pests,Abundance,standard deviation,0.152724,0.152724,40,0.213552,0.213552,40,kg/ha,2500,NA,60,2000,NA,60,NA,NA
3397,651,"Hooks C.R.R., Valenzuela H.R., Defrank J.",1998,United States of America,21.51573,-158.061254,Simplified,Monoculture,Associated plant species,Zucchini,651_C1,651_T2,Insect,Pests,Abundance,standard deviation,1.895964,2.32166,40,0.213552,0.213552,40,kg/ha,1944,NA,60,2000,NA,60,NA,NA
3398,651,"Hooks C.R.R., Valenzuela H.R., Defrank J.",1998,United States of America,21.51573,-158.061254,Simplified,Monoculture,Associated plant species,Zucchini,651_C1,651_T1,Insect,Pests,Abundance,standard deviation,26.20098,26.20098,40,58.03661,79.2611,40,kg/ha,2500,NA,60,2000,NA,60,NA,NA
3399,651,"Hooks C.R.R., Valenzuela H.R., Defrank J.",1998,United States of America,21.51573,-158.061254,Simplified,Monoculture,Associated plant species,Zucchini,651_C1,651_T2,Insect,Pests,Abundance,standard deviation,248.2396,286.6069,40,58.03661,79.2611,40,kg/ha,1944,NA,60,2000,NA,60,NA,NA
3400,651,"Hooks C.R.R., Valenzuela H.R., Defrank J.",1998,United States of America,21.51573,-158.061254,Simplified,Monoculture,Associated plant species,Zucchini,651_C1,651_T1,Insect,Pests,Abundance,standard deviation,3.496621,0.457048,40,12.31293,2.710164,40,kg/ha,2500,NA,60,2000,NA,60,NA,NA
3401,651,"Hooks C.R.R., Valenzuela H.R., Defrank J.",1998,United States of America,21.51573,-158.061254,Simplified,Monoculture,Associated plant species,Zucchini,651_C1,651_T2,Insect,Pests,Abundance,standard deviation,3.267953,0.686004,40,12.31293,2.710164,40,kg/ha,1944,NA,60,2000,NA,60,NA,NA
3402,651,"Hooks C.R.R., Valenzuela H.R., Defrank J.",1998,United States of America,21.335752,-157.714694,Simplified,Monoculture,Associated plant species,Zucchini,651_C2,651_T3,Insect,Pests,Abundance,standard deviation,0.293366,0.293366,40,1.001471,1.001471,40,plant weight in g (dry),118.54,35.74,60,58.02,4.23,60,NA,NA
3403,651,"Hooks C.R.R., Valenzuela H.R., Defrank J.",1998,United States of America,21.335752,-157.714694,Simplified,Monoculture,Associated plant species,Zucchini,651_C2,651_T4,Insect,Pests,Abundance,standard deviation,0.525085,0.525085,40,1.001471,1.001471,40,plant weight in g (dry),78.88,5.22,60,58.02,4.23,60,NA,NA
3404,651,"Hooks C.R.R., Valenzuela H.R., Defrank J.",1998,United States of America,21.335752,-157.714694,Simplified,Monoculture,Associated plant species,Zucchini,651_C2,651_T5,Insect,Pests,Abundance,standard deviation,0.293183,0.293183,40,1.001471,1.001471,40,plant weight in g (dry),86.09,25.96,60,58.02,4.23,60,NA,NA
3405,651,"Hooks C.R.R., Valenzuela H.R., Defrank J.",1998,United States of America,21.335752,-157.714694,Simplified,Monoculture,Associated plant species,Zucchini,651_C2,651_T3,Insect,Pests,Abundance,standard deviation,19.10386,19.10386,40,38.85427,38.85427,40,plant weight in g (dry),118.54,35.74,60,58.02,4.23,60,NA,NA
3406,651,"Hooks C.R.R., Valenzuela H.R., Defrank J.",1998,United States of America,21.335752,-157.714694,Simplified,Monoculture,Associated plant species,Zucchini,651_C2,651_T4,Insect,Pests,Abundance,standard deviation,18.0574,18.0574,40,38.85427,38.85427,40,plant weight in g (dry),78.88,5.22,60,58.02,4.23,60,NA,NA
3407,651,"Hooks C.R.R., Valenzuela H.R., Defrank J.",1998,United States of America,21.335752,-157.714694,Simplified,Monoculture,Associated plant species,Zucchini,651_C2,651_T5,Insect,Pests,Abundance,standard deviation,9.748403,9.748403,40,38.85427,38.85427,40,plant weight in g (dry),86.09,25.96,60,58.02,4.23,60,NA,NA
3408,651,"Hooks C.R.R., Valenzuela H.R., Defrank J.",1998,United States of America,21.335752,-157.714694,Simplified,Monoculture,Associated plant species,Zucchini,651_C2,651_T3,Insect,Pests,Abundance,standard deviation,1.870856,1.870856,80,3.338604,3.338604,80,plant weight in g (dry),118.54,35.74,60,58.02,4.23,60,NA,NA
3409,651,"Hooks C.R.R., Valenzuela H.R., Defrank J.",1998,United States of America,21.335752,-157.714694,Simplified,Monoculture,Associated plant species,Zucchini,651_C2,651_T4,Insect,Pests,Abundance,standard deviation,2.257115,2.257115,80,3.338604,3.338604,80,plant weight in g (dry),78.88,5.22,60,58.02,4.23,60,NA,NA
3410,651,"Hooks C.R.R., Valenzuela H.R., Defrank J.",1998,United States of America,21.335752,-157.714694,Simplified,Monoculture,Associated plant species,Zucchini,651_C2,651_T5,Insect,Pests,Abundance,standard deviation,1.922211,1.922211,80,3.338604,3.338604,80,plant weight in g (dry),86.09,25.96,60,58.02,4.23,60,NA,NA
3411,651,"Hooks C.R.R., Valenzuela H.R., Defrank J.",1998,United States of America,21.335752,-157.714694,Simplified,Monoculture,Associated plant species,Zucchini,651_C2,651_T3,Insect,Pests,Abundance,standard deviation,80.69465,80.69465,80,179.4467,179.4467,80,plant weight in g (dry),118.54,35.74,60,58.02,4.23,60,NA,NA
3412,651,"Hooks C.R.R., Valenzuela H.R., Defrank J.",1998,United States of America,21.335752,-157.714694,Simplified,Monoculture,Associated plant species,Zucchini,651_C2,651_T4,Insect,Pests,Abundance,standard deviation,75.49857,75.49857,80,179.4467,179.4467,80,plant weight in g (dry),78.88,5.22,60,58.02,4.23,60,NA,NA
3413,651,"Hooks C.R.R., Valenzuela H.R., Defrank J.",1998,United States of America,21.335752,-157.714694,Simplified,Monoculture,Associated plant species,Zucchini,651_C2,651_T5,Insect,Pests,Abundance,standard deviation,78.61009,78.61009,80,179.4467,179.4467,80,plant weight in g (dry),86.09,25.96,60,58.02,4.23,60,NA,NA
3414,651,"Hooks C.R.R., Valenzuela H.R., Defrank J.",1998,United States of America,21.335752,-157.714694,Simplified,Monoculture,Associated plant species,Zucchini,651_C2,651_T3,Insect,Pests,Abundance,standard deviation,0.448364,0.448364,80,5.083509,5.083509,80,plant weight in g (dry),118.54,35.74,60,58.02,4.23,60,NA,NA
3415,651,"Hooks C.R.R., Valenzuela H.R., Defrank J.",1998,United States of America,21.335752,-157.714694,Simplified,Monoculture,Associated plant species,Zucchini,651_C2,651_T4,Insect,Pests,Abundance,standard deviation,1.11788,1.11788,80,5.083509,5.083509,80,plant weight in g (dry),78.88,5.22,60,58.02,4.23,60,NA,NA
3416,651,"Hooks C.R.R., Valenzuela H.R., Defrank J.",1998,United States of America,21.335752,-157.714694,Simplified,Monoculture,Associated plant species,Zucchini,651_C2,651_T5,Insect,Pests,Abundance,standard deviation,0.602941,0.602941,80,5.083509,5.083509,80,plant weight in g (dry),86.09,25.96,60,58.02,4.23,60,NA,NA
3417,651,"Hooks C.R.R., Valenzuela H.R., Defrank J.",1998,United States of America,21.335752,-157.714694,Simplified,Monoculture,Associated plant species,Zucchini,651_C2,651_T3,Insect,Pests,Abundance,standard deviation,39.3768,39.3768,80,389.6867,448.9407,80,plant weight in g (dry),118.54,35.74,60,58.02,4.23,60,NA,NA
3418,651,"Hooks C.R.R., Valenzuela H.R., Defrank J.",1998,United States of America,21.335752,-157.714694,Simplified,Monoculture,Associated plant species,Zucchini,651_C2,651_T4,Insect,Pests,Abundance,standard deviation,96.54904,116.2995,80,389.6867,448.9407,80,plant weight in g (dry),78.88,5.22,60,58.02,4.23,60,NA,NA
3419,651,"Hooks C.R.R., Valenzuela H.R., Defrank J.",1998,United States of America,21.335752,-157.714694,Simplified,Monoculture,Associated plant species,Zucchini,651_C2,651_T5,Insect,Pests,Abundance,standard deviation,66.40647,84.07649,80,389.6867,448.9407,80,plant weight in g (dry),86.09,25.96,60,58.02,4.23,60,NA,NA
3420,651,"Hooks C.R.R., Valenzuela H.R., Defrank J.",1998,United States of America,21.51573,-158.061254,Simplified,Monoculture,Associated plant species,Zucchini,651_C1,651_T1,Arachnida,Natural enemies,Abundance,standard deviation,0.85,0.19,80,3.9,0.37,80,kg/ha,2500,NA,60,2000,NA,60,NA,NA
3421,651,"Hooks C.R.R., Valenzuela H.R., Defrank J.",1998,United States of America,21.51573,-158.061254,Simplified,Monoculture,Associated plant species,Zucchini,651_C1,651_T2,Arachnida,Natural enemies,Abundance,standard deviation,1.42,0.2,80,3.9,0.37,80,kg/ha,1944,NA,60,2000,NA,60,NA,NA
3422,651,"Hooks C.R.R., Valenzuela H.R., Defrank J.",1998,United States of America,21.51573,-158.061254,Simplified,Monoculture,Associated plant species,Zucchini,651_C1,651_T1,Insect,Natural enemies,Abundance,standard deviation,0.3,0.08,80,1,0.22,80,kg/ha,2500,NA,60,2000,NA,60,NA,NA
3423,651,"Hooks C.R.R., Valenzuela H.R., Defrank J.",1998,United States of America,21.51573,-158.061254,Simplified,Monoculture,Associated plant species,Zucchini,651_C1,651_T2,Insect,Natural enemies,Abundance,standard deviation,0.34,0.1,80,1,0.22,80,kg/ha,1944,NA,60,2000,NA,60,NA,NA
3424,651,"Hooks C.R.R., Valenzuela H.R., Defrank J.",1998,United States of America,21.51573,-158.061254,Simplified,Monoculture,Associated plant species,Zucchini,651_C1,651_T1,Insect,Natural enemies,Abundance,standard deviation,1.6,0.24,80,2.16,0.25,80,kg/ha,2500,NA,60,2000,NA,60,NA,NA
3425,651,"Hooks C.R.R., Valenzuela H.R., Defrank J.",1998,United States of America,21.51573,-158.061254,Simplified,Monoculture,Associated plant species,Zucchini,651_C1,651_T2,Insect,Natural enemies,Abundance,standard deviation,0.65,0.13,80,2.16,0.25,80,kg/ha,1944,NA,60,2000,NA,60,NA,NA
3426,651,"Hooks C.R.R., Valenzuela H.R., Defrank J.",1998,United States of America,21.51573,-158.061254,Simplified,Monoculture,Associated plant species,Zucchini,651_C1,651_T1,Insect,Natural enemies,Abundance,standard deviation,0.42,0.1,80,0.2,0.06,80,kg/ha,2500,NA,60,2000,NA,60,NA,NA
3427,651,"Hooks C.R.R., Valenzuela H.R., Defrank J.",1998,United States of America,21.51573,-158.061254,Simplified,Monoculture,Associated plant species,Zucchini,651_C1,651_T2,Insect,Natural enemies,Abundance,standard deviation,0.22,0.07,80,0.2,0.06,80,kg/ha,1944,NA,60,2000,NA,60,NA,NA
3428,651,"Hooks C.R.R., Valenzuela H.R., Defrank J.",1998,United States of America,21.51573,-158.061254,Simplified,Monoculture,Associated plant species,Zucchini,651_C1,651_T1,Insect,Pests,Abundance,standard deviation,0.19155,0.19155,80,1.113838,1.336778,80,kg/ha,2500,NA,60,2000,NA,60,NA,NA
3429,651,"Hooks C.R.R., Valenzuela H.R., Defrank J.",1998,United States of America,21.51573,-158.061254,Simplified,Monoculture,Associated plant species,Zucchini,651_C1,651_T2,Insect,Pests,Abundance,standard deviation,0.333426,0.475285,80,1.113838,1.336778,80,kg/ha,1944,NA,60,2000,NA,60,NA,NA
3430,651,"Hooks C.R.R., Valenzuela H.R., Defrank J.",1998,United States of America,21.51573,-158.061254,Simplified,Monoculture,Associated plant species,Zucchini,651_C1,651_T1,Insect,Pests,Abundance,standard deviation,33.38864,57.88286,80,42.36823,57.0599,80,kg/ha,2500,NA,60,2000,NA,60,NA,NA
3431,651,"Hooks C.R.R., Valenzuela H.R., Defrank J.",1998,United States of America,21.51573,-158.061254,Simplified,Monoculture,Associated plant species,Zucchini,651_C1,651_T2,Insect,Pests,Abundance,standard deviation,32.56568,32.56568,80,42.36823,57.0599,80,kg/ha,1944,NA,60,2000,NA,60,NA,NA
3432,651,"Hooks C.R.R., Valenzuela H.R., Defrank J.",1998,United States of America,21.51573,-158.061254,Simplified,Monoculture,Associated plant species,Zucchini,651_C1,651_T1,Insect,Pests,Abundance,standard deviation,2.968129,0.914384,80,3.229354,0.587709,80,kg/ha,2500,NA,60,2000,NA,60,NA,NA
3434,651,"Hooks C.R.R., Valenzuela H.R., Defrank J.",1998,United States of America,21.51573,-158.061254,Simplified,Monoculture,Associated plant species,Zucchini,651_C1,651_T2,Insect,Pests,Abundance,standard deviation,1.405637,2.165778,80,2.591456,3.077947,80,kg/ha,1944,NA,60,2000,NA,60,NA,NA
3435,651,"Hooks C.R.R., Valenzuela H.R., Defrank J.",1998,United States of America,21.51573,-158.061254,Simplified,Monoculture,Associated plant species,Zucchini,651_C1,651_T1,Insect,Pests,Abundance,standard deviation,2.287383,2.915766,80,2.591456,3.077947,80,kg/ha,2500,NA,60,2000,NA,60,NA,NA
3436,651,"Hooks C.R.R., Valenzuela H.R., Defrank J.",1998,United States of America,21.51573,-158.061254,Simplified,Monoculture,Associated plant species,Zucchini,651_C1,651_T2,Insect,Pests,Abundance,standard deviation,40.57187,54.44832,80,123.0197,151.589,80,kg/ha,1944,NA,60,2000,NA,60,NA,NA
3437,651,"Hooks C.R.R., Valenzuela H.R., Defrank J.",1998,United States of America,21.51573,-158.061254,Simplified,Monoculture,Associated plant species,Zucchini,651_C1,651_T1,Insect,Pests,Abundance,standard deviation,121.386,141.7964,80,123.0197,151.589,80,kg/ha,2500,NA,60,2000,NA,60,NA,NA
3439,651,"Hooks C.R.R., Valenzuela H.R., Defrank J.",1998,United States of America,21.51573,-158.061254,Simplified,Monoculture,Associated plant species,Zucchini,651_C1,651_T1,Insect,Pests,Abundance,standard deviation,2.471667,0.685956,80,2.798246,0.359089,80,kg/ha,2500,NA,60,2000,NA,60,NA,NA
3440,651,"Hooks C.R.R., Valenzuela H.R., Defrank J.",1998,United States of America,21.51573,-158.061254,Simplified,Monoculture,Associated plant species,Zucchini,651_C1,651_T2,Insect,Pests,Abundance,standard deviation,1.190726,1.444089,80,3.906963,4.373183,80,kg/ha,1944,NA,60,2000,NA,60,NA,NA
3441,651,"Hooks C.R.R., Valenzuela H.R., Defrank J.",1998,United States of America,21.51573,-158.061254,Simplified,Monoculture,Associated plant species,Zucchini,651_C1,651_T1,Insect,Pests,Abundance,standard deviation,1.484664,1.83938,80,3.906963,4.373183,80,kg/ha,2500,NA,60,2000,NA,60,NA,NA
3442,651,"Hooks C.R.R., Valenzuela H.R., Defrank J.",1998,United States of America,21.51573,-158.061254,Simplified,Monoculture,Associated plant species,Zucchini,651_C1,651_T2,Insect,Pests,Abundance,standard deviation,115.508,143.2609,80,313.059,353.8742,80,kg/ha,1944,NA,60,2000,NA,60,NA,NA
3443,651,"Hooks C.R.R., Valenzuela H.R., Defrank J.",1998,United States of America,21.51573,-158.061254,Simplified,Monoculture,Associated plant species,Zucchini,651_C1,651_T1,Insect,Pests,Abundance,standard deviation,171.8367,207.7529,80,313.059,353.8742,80,kg/ha,2500,NA,60,2000,NA,60,NA,NA
3449,655,"Rodenhouse N.L., Barrett G.W., Zimmerman D.M., Kemp J.C.",1992,United States of America,39.531336,-84.722826,Simplified,Monoculture,Associated plant species,Soybean,655_C1,655_T1,Insect,Herbivores,Abundance,standard error,0.56,0.518459255872629,42,0.6,0.440908153700972,24,kg per row m,0.1292,0.008,6,0.1286,0.0086,6,1,1
3450,655,"Rodenhouse N.L., Barrett G.W., Zimmerman D.M., Kemp J.C.",1992,United States of America,39.531336,-84.722826,Simplified,Monoculture,Associated plant species,Soybean,655_C1,655_T2,Insect,Herbivores,Abundance,standard error,0.99,0.842496290793022,42,0.6,0.440908153700972,24,kg per row m,0.1237,0.0163,6,0.1286,0.0086,6,1,1
3451,655,"Rodenhouse N.L., Barrett G.W., Zimmerman D.M., Kemp J.C.",1992,United States of America,39.531336,-84.722826,Simplified,Monoculture,Associated plant species,Soybean,655_C2,655_T1,Insect,Herbivores,Abundance,standard error,0.56,0.518459255872629,42,0.58,0.391918358845308,24,kg per row m,0.1292,0.008,6,0.1307,0.0068,6,1,1
3452,655,"Rodenhouse N.L., Barrett G.W., Zimmerman D.M., Kemp J.C.",1992,United States of America,39.531336,-84.722826,Simplified,Monoculture,Associated plant species,Soybean,655_C2,655_T2,Insect,Herbivores,Abundance,standard error,0.99,0.842496290793022,42,0.58,0.391918358845308,24,kg per row m,0.1237,0.0163,6,0.1307,0.0068,6,1,1
3453,655,"Rodenhouse N.L., Barrett G.W., Zimmerman D.M., Kemp J.C.",1992,United States of America,39.531336,-84.722826,Simplified,Monoculture,Associated plant species,Soybean,655_C1,655_T1,Insect,Pests,Abundance,standard error,1.22,0.972111104761179,42,1.62,0.783836717690617,24,kg per row m,0.1292,0.008,6,0.1286,0.0086,6,1,1
3454,655,"Rodenhouse N.L., Barrett G.W., Zimmerman D.M., Kemp J.C.",1992,United States of America,39.531336,-84.722826,Simplified,Monoculture,Associated plant species,Soybean,655_C1,655_T2,Insect,Pests,Abundance,standard error,1.93,1.8146073955542,42,1.62,0.783836717690617,24,kg per row m,0.1237,0.0163,6,0.1286,0.0086,6,1,1
3455,655,"Rodenhouse N.L., Barrett G.W., Zimmerman D.M., Kemp J.C.",1992,United States of America,39.531336,-84.722826,Simplified,Monoculture,Associated plant species,Soybean,655_C2,655_T1,Insect,Pests,Abundance,standard error,1.22,0.972111104761179,42,2.41,1.46969384566991,24,kg per row m,0.1292,0.008,6,0.1307,0.0068,6,1,1
3456,655,"Rodenhouse N.L., Barrett G.W., Zimmerman D.M., Kemp J.C.",1992,United States of America,39.531336,-84.722826,Simplified,Monoculture,Associated plant species,Soybean,655_C2,655_T2,Insect,Pests,Abundance,standard error,1.93,1.8146073955542,42,2.41,1.46969384566991,24,kg per row m,0.1237,0.0163,6,0.1307,0.0068,6,1,1
3457,655,"Rodenhouse N.L., Barrett G.W., Zimmerman D.M., Kemp J.C.",1992,United States of America,39.531336,-84.722826,Simplified,Monoculture,Associated plant species,Soybean,655_C1,655_T1,Arthropods,Natural enemies,Abundance,standard error,0.47,0.45365184888855,42,0.49,0.489897948556636,24,kg per row m,0.1292,0.008,6,0.1286,0.0086,6,1,1
3458,655,"Rodenhouse N.L., Barrett G.W., Zimmerman D.M., Kemp J.C.",1992,United States of America,39.531336,-84.722826,Simplified,Monoculture,Associated plant species,Soybean,655_C1,655_T2,Arthropods,Natural enemies,Abundance,standard error,0.72,0.648074069840786,42,0.49,0.489897948556636,24,kg per row m,0.1237,0.0163,6,0.1286,0.0086,6,1,1
3459,655,"Rodenhouse N.L., Barrett G.W., Zimmerman D.M., Kemp J.C.",1992,United States of America,39.531336,-84.722826,Simplified,Monoculture,Associated plant species,Soybean,655_C2,655_T1,Arthropods,Natural enemies,Abundance,standard error,0.47,0.45365184888855,42,0.57,0.489897948556636,24,kg per row m,0.1292,0.008,6,0.1307,0.0068,6,1,1
3460,655,"Rodenhouse N.L., Barrett G.W., Zimmerman D.M., Kemp J.C.",1992,United States of America,39.531336,-84.722826,Simplified,Monoculture,Associated plant species,Soybean,655_C2,655_T2,Arthropods,Natural enemies,Abundance,standard error,0.72,0.648074069840786,42,0.57,0.489897948556636,24,kg per row m,0.1237,0.0163,6,0.1307,0.0068,6,1,1
3461,655,"Rodenhouse N.L., Barrett G.W., Zimmerman D.M., Kemp J.C.",1992,United States of America,39.531336,-84.722826,Simplified,Monoculture,Associated plant species,Soybean,655_C1,655_T1,Insect,Herbivores,Abundance,standard error,0.71,0.583266662856707,42,0.66,0.636867333123626,24,kg per row m,0.1292,0.008,6,0.1286,0.0086,6,1,1
3462,655,"Rodenhouse N.L., Barrett G.W., Zimmerman D.M., Kemp J.C.",1992,United States of America,39.531336,-84.722826,Simplified,Monoculture,Associated plant species,Soybean,655_C1,655_T2,Insect,Herbivores,Abundance,standard error,0.48,0.45365184888855,42,0.66,0.636867333123626,24,kg per row m,0.1237,0.0163,6,0.1286,0.0086,6,1,1
3463,655,"Rodenhouse N.L., Barrett G.W., Zimmerman D.M., Kemp J.C.",1992,United States of America,39.531336,-84.722826,Simplified,Monoculture,Associated plant species,Soybean,655_C2,655_T1,Insect,Herbivores,Abundance,standard error,0.71,0.583266662856707,42,0.31,1.37171425595858,24,kg per row m,0.1292,0.008,6,0.1307,0.0068,6,1,1
3464,655,"Rodenhouse N.L., Barrett G.W., Zimmerman D.M., Kemp J.C.",1992,United States of America,39.531336,-84.722826,Simplified,Monoculture,Associated plant species,Soybean,655_C2,655_T2,Insect,Herbivores,Abundance,standard error,0.48,0.45365184888855,42,0.31,1.37171425595858,24,kg per row m,0.1237,0.0163,6,0.1307,0.0068,6,1,1
3465,655,"Rodenhouse N.L., Barrett G.W., Zimmerman D.M., Kemp J.C.",1992,United States of America,39.531336,-84.722826,Simplified,Monoculture,Associated plant species,Soybean,655_C1,655_T1,Insect,Pests,Abundance,standard error,1.41,1.62018517460197,42,2.07,1.17575507653593,24,kg per row m,0.1292,0.008,6,0.1286,0.0086,6,1,1
3466,655,"Rodenhouse N.L., Barrett G.W., Zimmerman D.M., Kemp J.C.",1992,United States of America,39.531336,-84.722826,Simplified,Monoculture,Associated plant species,Soybean,655_C1,655_T2,Insect,Pests,Abundance,standard error,1.06,1.16653332571341,42,2.07,1.17575507653593,24,kg per row m,0.1237,0.0163,6,0.1286,0.0086,6,1,1
3467,655,"Rodenhouse N.L., Barrett G.W., Zimmerman D.M., Kemp J.C.",1992,United States of America,39.531336,-84.722826,Simplified,Monoculture,Associated plant species,Soybean,655_C2,655_T1,Insect,Pests,Abundance,standard error,1.41,1.62018517460197,42,0.98,0.930806102257608,24,kg per row m,0.1292,0.008,6,0.1307,0.0068,6,1,1
3468,655,"Rodenhouse N.L., Barrett G.W., Zimmerman D.M., Kemp J.C.",1992,United States of America,39.531336,-84.722826,Simplified,Monoculture,Associated plant species,Soybean,655_C2,655_T2,Insect,Pests,Abundance,standard error,1.06,1.16653332571341,42,0.98,0.930806102257608,24,kg per row m,0.1237,0.0163,6,0.1307,0.0068,6,1,1
3469,655,"Rodenhouse N.L., Barrett G.W., Zimmerman D.M., Kemp J.C.",1992,United States of America,39.531336,-84.722826,Simplified,Monoculture,Associated plant species,Soybean,655_C1,655_T1,Arthropods,Natural enemies,Abundance,standard error,1.16,1.42576295364973,42,1,0.783836717690617,24,kg per row m,0.1292,0.008,6,0.1286,0.0086,6,1,1
3470,655,"Rodenhouse N.L., Barrett G.W., Zimmerman D.M., Kemp J.C.",1992,United States of America,39.531336,-84.722826,Simplified,Monoculture,Associated plant species,Soybean,655_C1,655_T2,Arthropods,Natural enemies,Abundance,standard error,0.94,1.10172591872934,42,1,0.783836717690617,24,kg per row m,0.1237,0.0163,6,0.1286,0.0086,6,1,1
3471,655,"Rodenhouse N.L., Barrett G.W., Zimmerman D.M., Kemp J.C.",1992,United States of America,39.531336,-84.722826,Simplified,Monoculture,Associated plant species,Soybean,655_C2,655_T1,Arthropods,Natural enemies,Abundance,standard error,1.16,1.42576295364973,42,1.03,1.12676528168026,24,kg per row m,0.1292,0.008,6,0.1307,0.0068,6,1,1
3472,655,"Rodenhouse N.L., Barrett G.W., Zimmerman D.M., Kemp J.C.",1992,United States of America,39.531336,-84.722826,Simplified,Monoculture,Associated plant species,Soybean,655_C2,655_T2,Arthropods,Natural enemies,Abundance,standard error,0.94,1.10172591872934,42,1.03,1.12676528168026,24,kg per row m,0.1237,0.0163,6,0.1307,0.0068,6,1,1
3671,719,"Khan Z.R., Midega C.A.O., Amudavi D.M., Hassanali A., Pickett J.A.",2008,Kenya,0.307749,34.0609,Simplified,Monoculture,Associated plant species,Maize,719_C1,719_T1,Herb,Pests,Abundance,standard error,12,30,100,142,230,100,kg/ha,4300,447.213595499958,20,1900,447.213595499958,20,1,1
3672,719,"Khan Z.R., Midega C.A.O., Amudavi D.M., Hassanali A., Pickett J.A.",2008,Kenya,-1.083333,34.36667,Simplified,Monoculture,Associated plant species,Maize,719_C10,719_T10,Herb,Pests,Abundance,standard error,3,10,100,280,220,100,kg/ha,1500,447.213595499958,20,900,1341.64078649987,20,1,1
3673,719,"Khan Z.R., Midega C.A.O., Amudavi D.M., Hassanali A., Pickett J.A.",2008,Kenya,0.766667,34.433333,Simplified,Monoculture,Associated plant species,Maize,719_C11,719_T11,Herb,Pests,Abundance,standard error,112,170,100,301,230,100,kg/ha,3900,447.213595499958,20,2300,894.427190999916,20,1,1
3674,719,"Khan Z.R., Midega C.A.O., Amudavi D.M., Hassanali A., Pickett J.A.",2008,Kenya,0.15,34.483333,Simplified,Monoculture,Associated plant species,Maize,719_C12,719_T12,Herb,Pests,Abundance,standard error,168,190,100,525,650,100,kg/ha,5500,894.427190999916,20,2800,447.213595499958,20,1,1
3675,719,"Khan Z.R., Midega C.A.O., Amudavi D.M., Hassanali A., Pickett J.A.",2008,Kenya,-0.092064000000000007,34.293265,Simplified,Monoculture,Associated plant species,Maize,719_C13,719_T13,Herb,Pests,Abundance,standard error,192,440,100,774,910,100,kg/ha,3300,894.427190999916,20,1700,447.213595499958,20,1,1
3676,719,"Khan Z.R., Midega C.A.O., Amudavi D.M., Hassanali A., Pickett J.A.",2008,Kenya,0.416667,34.35,Simplified,Monoculture,Associated plant species,Maize,719_C2,719_T2,Herb,Pests,Abundance,standard error,2,40,100,143,90,100,kg/ha,3800,447.213595499958,20,2700,447.213595499958,20,1,1
3677,719,"Khan Z.R., Midega C.A.O., Amudavi D.M., Hassanali A., Pickett J.A.",2008,Kenya,0.25,34.5,Simplified,Monoculture,Associated plant species,Maize,719_C3,719_T3,Herb,Pests,Abundance,standard error,67,170,100,315,490,100,kg/ha,4600,894.427190999916,20,2100,447.213595499958,20,1,1
3678,719,"Khan Z.R., Midega C.A.O., Amudavi D.M., Hassanali A., Pickett J.A.",2008,Kenya,-0.767123,34.433569,Simplified,Monoculture,Associated plant species,Maize,719_C4,719_T4,Herb,Pests,Abundance,standard error,276,530,100,1686,1660,100,kg/ha,5200,894.427190999916,20,2500,894.427190999916,20,1,1
3679,719,"Khan Z.R., Midega C.A.O., Amudavi D.M., Hassanali A., Pickett J.A.",2008,Kenya,0.283333,34.433333,Simplified,Monoculture,Associated plant species,Maize,719_C5,719_T5,Herb,Pests,Abundance,standard error,4,10,100,98,160,100,kg/ha,4700,894.427190999916,20,2200,894.427190999916,20,1,1
3680,719,"Khan Z.R., Midega C.A.O., Amudavi D.M., Hassanali A., Pickett J.A.",2008,Kenya,0.003959,34.827153,Simplified,Monoculture,Associated plant species,Maize,719_C6,719_T6,Herb,Pests,Abundance,standard error,30,90,100,365,440,100,kg/ha,4200,447.213595499958,20,1500,447.213595499958,20,1,1
3681,719,"Khan Z.R., Midega C.A.O., Amudavi D.M., Hassanali A., Pickett J.A.",2008,Kenya,0.666667,34.83,Simplified,Monoculture,Associated plant species,Maize,719_C7,719_T7,Herb,Pests,Abundance,standard error,9,10,100,142,200,100,kg/ha,4300,894.427190999916,20,2200,894.427190999916,20,1,1
3682,719,"Khan Z.R., Midega C.A.O., Amudavi D.M., Hassanali A., Pickett J.A.",2008,Kenya,0.5,34.633333,Simplified,Monoculture,Associated plant species,Maize,719_C8,719_T8,Herb,Pests,Abundance,standard error,7,30,100,43,40,100,kg/ha,4500,1341.64078649987,20,3100,1341.64078649987,20,1,1
3683,719,"Khan Z.R., Midega C.A.O., Amudavi D.M., Hassanali A., Pickett J.A.",2008,Kenya,0.069426,34.278781,Simplified,Monoculture,Associated plant species,Maize,719_C9,719_T9,Herb,Pests,Abundance,standard error,15,40,100,68,160,100,kg/ha,4700,894.427190999916,20,1800,447.213595499958,20,1,1
3685,722,"Wale M., Schulthess F., Kairu E.W., Omwega C.O.",2007,Ethiopia,12.068611,37.728056,Simplified,Monoculture,Intercropping,Maize-Potato,722_C1,722_T1,Insect,Pests,Abundance,standard error,0.2,0.6,36,1,1.86,36,kg/ha,735.4,395.4,4,1015.4,708.92,4,NA,NA
3686,722,"Wale M., Schulthess F., Kairu E.W., Omwega C.O.",2007,Ethiopia,12.068611,37.728056,Simplified,Monoculture,Intercropping,Maize-Mustard,722_C1,722_T2,Insect,Pests,Abundance,standard error,0.05,0.3,36,1,1.86,36,kg/ha,1400.9,1089.52,4,1015.4,708.92,4,NA,NA
3687,722,"Wale M., Schulthess F., Kairu E.W., Omwega C.O.",2007,Ethiopia,12.068611,37.728056,Simplified,Monoculture,Intercropping,Maize-Faba bean,722_C1,722_T3,Insect,Pests,Abundance,standard error,1.87,2.4,36,1,1.86,36,kg/ha,1613.2,657.2,4,1015.4,708.92,4,NA,NA
3688,722,"Wale M., Schulthess F., Kairu E.W., Omwega C.O.",2007,Ethiopia,12.068611,37.728056,Simplified,Monoculture,Intercropping,Maize-Cowpea,722_C1,722_T4,Insect,Pests,Abundance,standard error,0.8,1.8,36,1,1.86,36,kg/ha,2168.8,1076.42,4,1015.4,708.92,4,NA,NA
3689,722,"Wale M., Schulthess F., Kairu E.W., Omwega C.O.",2007,Ethiopia,12.417778,37.316667,Simplified,Monoculture,Intercropping,Maize-Potato,722_C1,722_T5,Insect,Pests,Abundance,standard error,0.21,0.42,36,1,1.86,36,kg/ha,1882.2,755.2,4,1015.4,708.92,4,NA,NA
3690,722,"Wale M., Schulthess F., Kairu E.W., Omwega C.O.",2007,Ethiopia,12.417778,37.316667,Simplified,Monoculture,Intercropping,Maize-Mustard,722_C1,722_T6,Insect,Pests,Abundance,standard error,0.14,0.438,36,1,1.86,36,kg/ha,2261.2,444.2,4,1015.4,708.92,4,NA,NA
3691,722,"Wale M., Schulthess F., Kairu E.W., Omwega C.O.",2007,Ethiopia,12.417778,37.316667,Simplified,Monoculture,Intercropping,Maize-Faba bean,722_C1,722_T7,Insect,Pests,Abundance,standard error,0.4,0.72,36,1,1.86,36,kg/ha,2447.7,601.62,4,1015.4,708.92,4,NA,NA
3692,722,"Wale M., Schulthess F., Kairu E.W., Omwega C.O.",2007,Ethiopia,12.417778,37.316667,Simplified,Monoculture,Intercropping,Maize-Cowpea,722_C1,722_T8,Insect,Pests,Abundance,standard error,0.26,0.54,36,1,1.86,36,kg/ha,2600.3,715.52,4,1015.4,708.92,4,NA,NA
3693,722,"Wale M., Schulthess F., Kairu E.W., Omwega C.O.",2007,Ethiopia,12.068611,37.728056,Simplified,Monoculture,Intercropping,Maize-Potato,722_C2,722_T1,Insect,Pests,Abundance,standard error,0.2,0.6,36,0.5,1.5,36,kg/ha,735.4,395.4,4,2130.6,343.84,4,NA,NA
3694,722,"Wale M., Schulthess F., Kairu E.W., Omwega C.O.",2007,Ethiopia,12.068611,37.728056,Simplified,Monoculture,Intercropping,Maize-Mustard,722_C2,722_T2,Insect,Pests,Abundance,standard error,0.05,0.3,36,0.5,1.5,36,kg/ha,1400.9,1089.52,4,2130.6,343.84,4,NA,NA
3695,722,"Wale M., Schulthess F., Kairu E.W., Omwega C.O.",2007,Ethiopia,12.068611,37.728056,Simplified,Monoculture,Intercropping,Maize-Faba bean,722_C2,722_T3,Insect,Pests,Abundance,standard error,1.87,2.4,36,0.5,1.5,36,kg/ha,1613.2,657.2,4,2130.6,343.84,4,NA,NA
3696,722,"Wale M., Schulthess F., Kairu E.W., Omwega C.O.",2007,Ethiopia,12.068611,37.728056,Simplified,Monoculture,Intercropping,Maize-Cowpea,722_C2,722_T4,Insect,Pests,Abundance,standard error,0.8,1.8,36,0.5,1.5,36,kg/ha,2168.8,1076.42,4,2130.6,343.84,4,NA,NA
3697,722,"Wale M., Schulthess F., Kairu E.W., Omwega C.O.",2007,Ethiopia,12.417778,37.316667,Simplified,Monoculture,Intercropping,Maize-Potato,722_C2,722_T5,Insect,Pests,Abundance,standard error,0.21,0.42,36,0.5,1.5,36,kg/ha,1882.2,755.2,4,2130.6,343.84,4,NA,NA
3698,722,"Wale M., Schulthess F., Kairu E.W., Omwega C.O.",2007,Ethiopia,12.417778,37.316667,Simplified,Monoculture,Intercropping,Maize-Mustard,722_C2,722_T6,Insect,Pests,Abundance,standard error,0.14,0.438,36,0.5,1.5,36,kg/ha,2261.2,444.2,4,2130.6,343.84,4,NA,NA
3699,722,"Wale M., Schulthess F., Kairu E.W., Omwega C.O.",2007,Ethiopia,12.417778,37.316667,Simplified,Monoculture,Intercropping,Maize-Faba bean,722_C2,722_T7,Insect,Pests,Abundance,standard error,0.4,0.72,36,0.5,1.5,36,kg/ha,2447.7,601.62,4,2130.6,343.84,4,NA,NA
3700,722,"Wale M., Schulthess F., Kairu E.W., Omwega C.O.",2007,Ethiopia,12.417778,37.316667,Simplified,Monoculture,Intercropping,Maize-Cowpea,722_C2,722_T8,Insect,Pests,Abundance,standard error,0.26,0.54,36,0.5,1.5,36,kg/ha,2600.3,715.52,4,2130.6,343.84,4,NA,NA
3701,722,"Wale M., Schulthess F., Kairu E.W., Omwega C.O.",2007,Ethiopia,12.068611,37.728056,Simplified,Monoculture,Intercropping,Maize-Potato,722_C1,722_T1,Insect,Pests,Abundance,standard error,0.06,0.3,36,0.01,0.06,36,kg/ha,735.4,395.4,4,1015.4,708.92,4,NA,NA
3704,722,"Wale M., Schulthess F., Kairu E.W., Omwega C.O.",2007,Ethiopia,12.068611,37.728056,Simplified,Monoculture,Intercropping,Maize-Cowpea,722_C1,722_T4,Insect,Pests,Abundance,standard error,0.11,0.42,36,0.01,0.06,36,kg/ha,2168.8,1076.42,4,1015.4,708.92,4,NA,NA
3705,722,"Wale M., Schulthess F., Kairu E.W., Omwega C.O.",2007,Ethiopia,12.417778,37.316667,Simplified,Monoculture,Intercropping,Maize-Potato,722_C1,722_T5,Insect,Pests,Abundance,standard error,0.4,0.48,36,0.01,0.06,36,kg/ha,1882.2,755.2,4,1015.4,708.92,4,NA,NA
3706,722,"Wale M., Schulthess F., Kairu E.W., Omwega C.O.",2007,Ethiopia,12.417778,37.316667,Simplified,Monoculture,Intercropping,Maize-Mustard,722_C1,722_T6,Insect,Pests,Abundance,standard error,0.14,1.02,36,0.01,0.06,36,kg/ha,2261.2,444.2,4,1015.4,708.92,4,NA,NA
3707,722,"Wale M., Schulthess F., Kairu E.W., Omwega C.O.",2007,Ethiopia,12.417778,37.316667,Simplified,Monoculture,Intercropping,Maize-Faba bean,722_C1,722_T7,Insect,Pests,Abundance,standard error,0.25,0.6,36,0.01,0.06,36,kg/ha,2447.7,601.62,4,1015.4,708.92,4,NA,NA
3708,722,"Wale M., Schulthess F., Kairu E.W., Omwega C.O.",2007,Ethiopia,12.417778,37.316667,Simplified,Monoculture,Intercropping,Maize-Cowpea,722_C1,722_T8,Insect,Pests,Abundance,standard error,0.45,0.78,36,0.01,0.06,36,kg/ha,2600.3,715.52,4,1015.4,708.92,4,NA,NA
3709,722,"Wale M., Schulthess F., Kairu E.W., Omwega C.O.",2007,Ethiopia,12.068611,37.728056,Simplified,Monoculture,Intercropping,Maize-Potato,722_C2,722_T1,Insect,Pests,Abundance,standard error,0.06,0.3,36,0.32,1.02,36,kg/ha,735.4,395.4,4,2130.6,343.84,4,NA,NA
3712,722,"Wale M., Schulthess F., Kairu E.W., Omwega C.O.",2007,Ethiopia,12.068611,37.728056,Simplified,Monoculture,Intercropping,Maize-Cowpea,722_C2,722_T4,Insect,Pests,Abundance,standard error,0.11,0.42,36,0.32,1.02,36,kg/ha,2168.8,1076.42,4,2130.6,343.84,4,NA,NA
3713,722,"Wale M., Schulthess F., Kairu E.W., Omwega C.O.",2007,Ethiopia,12.417778,37.316667,Simplified,Monoculture,Intercropping,Maize-Potato,722_C2,722_T5,Insect,Pests,Abundance,standard error,0.4,0.48,36,0.32,1.02,36,kg/ha,1882.2,755.2,4,2130.6,343.84,4,NA,NA
3714,722,"Wale M., Schulthess F., Kairu E.W., Omwega C.O.",2007,Ethiopia,12.417778,37.316667,Simplified,Monoculture,Intercropping,Maize-Mustard,722_C2,722_T6,Insect,Pests,Abundance,standard error,0.14,1.02,36,0.32,1.02,36,kg/ha,2261.2,444.2,4,2130.6,343.84,4,NA,NA
3715,722,"Wale M., Schulthess F., Kairu E.W., Omwega C.O.",2007,Ethiopia,12.417778,37.316667,Simplified,Monoculture,Intercropping,Maize-Faba bean,722_C2,722_T7,Insect,Pests,Abundance,standard error,0.25,0.6,36,0.32,1.02,36,kg/ha,2447.7,601.62,4,2130.6,343.84,4,NA,NA
3716,722,"Wale M., Schulthess F., Kairu E.W., Omwega C.O.",2007,Ethiopia,12.417778,37.316667,Simplified,Monoculture,Intercropping,Maize-Cowpea,722_C2,722_T8,Insect,Pests,Abundance,standard error,0.45,0.78,36,0.32,1.02,36,kg/ha,2600.3,715.52,4,2130.6,343.84,4,NA,NA
3717,722,"Wale M., Schulthess F., Kairu E.W., Omwega C.O.",2007,Ethiopia,12.068611,37.728056,Simplified,Monoculture,Intercropping,Maize-Potato,722_C1,722_T1,Insect,Pests,Abundance,standard error,0.1,0.577234787586473,68,0.07,0.329848450049413,68,kg/ha,735.4,395.4,4,1015.4,708.92,4,NA,NA
3718,722,"Wale M., Schulthess F., Kairu E.W., Omwega C.O.",2007,Ethiopia,12.068611,37.728056,Simplified,Monoculture,Intercropping,Maize-Mustard,722_C1,722_T2,Insect,Pests,Abundance,standard error,0.03,0.24738633753706,68,0.07,0.329848450049413,68,kg/ha,1400.9,1089.52,4,1015.4,708.92,4,NA,NA
3721,722,"Wale M., Schulthess F., Kairu E.W., Omwega C.O.",2007,Ethiopia,12.417778,37.316667,Simplified,Monoculture,Intercropping,Maize-Potato,722_C1,722_T5,Insect,Pests,Abundance,standard error,0.11,0.24738633753706,68,0.07,0.329848450049413,68,kg/ha,1882.2,755.2,4,1015.4,708.92,4,NA,NA
3722,722,"Wale M., Schulthess F., Kairu E.W., Omwega C.O.",2007,Ethiopia,12.417778,37.316667,Simplified,Monoculture,Intercropping,Maize-Mustard,722_C1,722_T6,Insect,Pests,Abundance,standard error,0.1,0.329848450049413,68,0.07,0.329848450049413,68,kg/ha,2261.2,444.2,4,1015.4,708.92,4,NA,NA
3723,722,"Wale M., Schulthess F., Kairu E.W., Omwega C.O.",2007,Ethiopia,12.417778,37.316667,Simplified,Monoculture,Intercropping,Maize-Faba bean,722_C1,722_T7,Insect,Pests,Abundance,standard error,0.21,0.577234787586473,68,0.07,0.329848450049413,68,kg/ha,2447.7,601.62,4,1015.4,708.92,4,NA,NA
3724,722,"Wale M., Schulthess F., Kairu E.W., Omwega C.O.",2007,Ethiopia,12.417778,37.316667,Simplified,Monoculture,Intercropping,Maize-Cowpea,722_C1,722_T8,Insect,Pests,Abundance,standard error,0.12,0.24738633753706,68,0.07,0.329848450049413,68,kg/ha,2600.3,715.52,4,1015.4,708.92,4,NA,NA
3725,722,"Wale M., Schulthess F., Kairu E.W., Omwega C.O.",2007,Ethiopia,12.068611,37.728056,Simplified,Monoculture,Intercropping,Maize-Potato,722_C2,722_T1,Insect,Pests,Abundance,standard error,0.1,0.577234787586473,68,0.27,0.494772675074119,68,kg/ha,735.4,395.4,4,2130.6,343.84,4,NA,NA
3726,722,"Wale M., Schulthess F., Kairu E.W., Omwega C.O.",2007,Ethiopia,12.068611,37.728056,Simplified,Monoculture,Intercropping,Maize-Mustard,722_C2,722_T2,Insect,Pests,Abundance,standard error,0.03,0.24738633753706,68,0.27,0.494772675074119,68,kg/ha,1400.9,1089.52,4,2130.6,343.84,4,NA,NA
3729,722,"Wale M., Schulthess F., Kairu E.W., Omwega C.O.",2007,Ethiopia,12.417778,37.316667,Simplified,Monoculture,Intercropping,Maize-Potato,722_C2,722_T5,Insect,Pests,Abundance,standard error,0.11,0.24738633753706,68,0.27,0.494772675074119,68,kg/ha,1882.2,755.2,4,2130.6,343.84,4,NA,NA
3730,722,"Wale M., Schulthess F., Kairu E.W., Omwega C.O.",2007,Ethiopia,12.417778,37.316667,Simplified,Monoculture,Intercropping,Maize-Mustard,722_C2,722_T6,Insect,Pests,Abundance,standard error,0.1,0.329848450049413,68,0.27,0.494772675074119,68,kg/ha,2261.2,444.2,4,2130.6,343.84,4,NA,NA
3731,722,"Wale M., Schulthess F., Kairu E.W., Omwega C.O.",2007,Ethiopia,12.417778,37.316667,Simplified,Monoculture,Intercropping,Maize-Faba bean,722_C2,722_T7,Insect,Pests,Abundance,standard error,0.21,0.577234787586473,68,0.27,0.494772675074119,68,kg/ha,2447.7,601.62,4,2130.6,343.84,4,NA,NA
3732,722,"Wale M., Schulthess F., Kairu E.W., Omwega C.O.",2007,Ethiopia,12.417778,37.316667,Simplified,Monoculture,Intercropping,Maize-Cowpea,722_C2,722_T8,Insect,Pests,Abundance,standard error,0.12,0.24738633753706,68,0.27,0.494772675074119,68,kg/ha,2600.3,715.52,4,2130.6,343.84,4,NA,NA
3733,722,"Wale M., Schulthess F., Kairu E.W., Omwega C.O.",2007,Ethiopia,10.855556,39.815556,Simplified,Monoculture,Intercropping,Maize-Sweet potato,722_C3,722_T9,Insect,Pests,Abundance,standard error,0.35,1.1,100,0.23,0.8,100,kg/ha,713.8,95.2,4,1468.8,211.4,4,NA,NA
3734,722,"Wale M., Schulthess F., Kairu E.W., Omwega C.O.",2007,Ethiopia,10.855556,39.815556,Simplified,Monoculture,Intercropping,Maize-Sesame,722_C3,722_T10,Insect,Pests,Abundance,standard error,0.13,0.8,100,0.23,0.8,100,kg/ha,1707.7,482.8,4,1468.8,211.4,4,NA,NA
3735,722,"Wale M., Schulthess F., Kairu E.W., Omwega C.O.",2007,Ethiopia,10.855556,39.815556,Simplified,Monoculture,Intercropping,Sorghum-Green bean,722_C3,722_T11,Insect,Pests,Abundance,standard error,0.23,0.8,100,0.23,0.8,100,kg/ha,1698.9,422.4,4,1468.8,211.4,4,NA,NA
3736,722,"Wale M., Schulthess F., Kairu E.W., Omwega C.O.",2007,Ethiopia,10.855556,39.815556,Simplified,Monoculture,Intercropping,Maize-Cowpea,722_C3,722_T12,Insect,Pests,Abundance,standard error,0.08,0.8,100,0.23,0.8,100,kg/ha,1727.9,170.4,4,1468.8,211.4,4,NA,NA
3737,722,"Wale M., Schulthess F., Kairu E.W., Omwega C.O.",2007,Ethiopia,10.855556,39.815556,Simplified,Monoculture,Intercropping,Sorghum-Sweet potato,722_C4,722_T13,Insect,Pests,Abundance,standard error,0.1,0.4,100,0.03,0.3,100,kg/ha,955.5,60.8,4,2444.3,427,4,NA,NA
3738,722,"Wale M., Schulthess F., Kairu E.W., Omwega C.O.",2007,Ethiopia,10.855556,39.815556,Simplified,Monoculture,Intercropping,Sorghum-Sesame,722_C4,722_T14,Insect,Pests,Abundance,standard error,0.03,0.3,100,0.03,0.3,100,kg/ha,2377.3,347.8,4,2444.3,427,4,NA,NA
3739,722,"Wale M., Schulthess F., Kairu E.W., Omwega C.O.",2007,Ethiopia,10.855556,39.815556,Simplified,Monoculture,Intercropping,Sorghum-Green bean,722_C4,722_T15,Insect,Pests,Abundance,standard error,0.03,0.3,100,0.03,0.3,100,kg/ha,1758.4,345.2,4,2444.3,427,4,NA,NA
3741,727,"Khan Z.R., Midega C.A.O., Hassanali A., Pickett J.A., Wadhams L.J., Wanjoya A.",2006,Kenya,0.566667,34.366667,Simplified,Monoculture,Associated plant species,Sorghum,727_C1,727_T1,Herb,Pests,Abundance,standard error,74.7,76,100,576.7,1167,100,kg/ha,1600,346.410161513775,3,800,0,3,1,0
3742,728,"Khan Z.R., Pickett J.A., Wadhams L.J., Hassanali A., Midega C.A.O.",2006,Kenya,0.416667,34.2,Simplified,Monoculture,Associated plant species,Maize,728_C1,728_T1,Herb,Pests,Abundance,standard error,3.7,42.7728886094919,378,47.8,281.912220380742,378,kg/ha,5361.70213,521.168029284947,6,2000,521.168029284947,6,1,1
3743,728,"Khan Z.R., Pickett J.A., Wadhams L.J., Hassanali A., Midega C.A.O.",2006,Kenya,0.416667,34.2,Simplified,Monoculture,Associated plant species,Maize,728_C1,728_T2,Herb,Pests,Abundance,standard error,5,34.9959997714024,378,47.8,281.912220380742,378,kg/ha,5659.57447,625.40163661163,6,2000,521.168029284947,6,1,1
3744,728,"Khan Z.R., Pickett J.A., Wadhams L.J., Hassanali A., Midega C.A.O.",2006,Kenya,0.416667,34.2,Simplified,Monoculture,Associated plant species,Maize,728_C1,728_T3,Herb,Pests,Abundance,standard error,6.2,46.6613330285366,378,47.8,281.912220380742,378,kg/ha,5276.59574,521.168029284947,6,2000,521.168029284947,6,1,1
3745,728,"Khan Z.R., Pickett J.A., Wadhams L.J., Hassanali A., Midega C.A.O.",2006,Kenya,0.416667,34.2,Simplified,Monoculture,Associated plant species,Maize,728_C1,728_T4,Herb,Pests,Abundance,standard error,3.2,15.5537776761789,378,47.8,281.912220380742,378,kg/ha,5829.78723,416.934424407753,6,2000,521.168029284947,6,1,1
3746,728,"Khan Z.R., Pickett J.A., Wadhams L.J., Hassanali A., Midega C.A.O.",2006,Kenya,0.416667,34.2,Simplified,Monoculture,Associated plant species,Maize,728_C1,728_T5,Herb,Pests,Abundance,standard error,19.7,159.426221180833,378,47.8,281.912220380742,378,kg/ha,2808.51064,521.168029284947,6,2000,521.168029284947,6,1,1
3857,742,"Bukovinszky T., Tréfás H., Van Lenteren J.C., Vet L.E.M., Fremont J.",2004,Netherlands,51.965368,5.638335,Simplified,Monoculture,Intercropping,Brussels sprout-Barley,742_C1,742_T1,Insect,Pests,Abundance,standard error,2.51,2.92742207411231,18,20.08,17.5221060378026,18,kg/ha,430,30,165,590,50,165,NA,NA
3859,742,"Bukovinszky T., Tréfás H., Van Lenteren J.C., Vet L.E.M., Fremont J.",2004,Netherlands,51.965368,5.638335,Simplified,Monoculture,Intercropping,Brussels sprout-Barley,742_C1,742_T1,Insect,Pests,Abundance,standard error,4.99,4.41234631460406,18,64.64,35.1290648893477,18,kg/ha,430,30,165,590,50,165,NA,NA
3868,742,"Bukovinszky T., Tréfás H., Van Lenteren J.C., Vet L.E.M., Fremont J.",2004,Netherlands,51.965368,5.638335,Simplified,Monoculture,Intercropping,Brussels sprout-Barley,742_C1,742_T1,Insect,Pests,Abundance,standard error,65.62,125.538010180184,30,15.28,29.5222458495285,30,kg/ha,430,30,165,590,50,165,NA,NA
3872,744,"Harvey C.T., Eubanks M.D.",2004,United States of America,32.440462,-85.897878,Simplified,Monoculture,Associated plant species,Collards,744_C1,744_T1,Insect,Herbivores,Abundance,standard error,1.3,0.692820323027551,12,2,1.03923048454133,12,kg,11000,1400,10,81400,10800,10,NA,NA
3873,744,"Harvey C.T., Eubanks M.D.",2004,United States of America,32.440462,-85.897878,Simplified,Monoculture,Associated plant species,Collards,744_C1,744_T2,Insect,Herbivores,Abundance,standard error,5.7,4.89897948556636,24,2,1.03923048454133,12,kg,11000,1400,10,81400,10800,10,NA,NA
3874,744,"Harvey C.T., Eubanks M.D.",2004,United States of America,32.440462,-85.897878,Simplified,Monoculture,Associated plant species,Collards,744_C2,744_T1,Insect,Herbivores,Abundance,standard error,1.3,0.692820323027551,12,12.4,8.3282651254628,24,kg,11000,1400,10,81400,10800,10,NA,NA
3875,744,"Harvey C.T., Eubanks M.D.",2004,United States of America,32.440462,-85.897878,Simplified,Monoculture,Associated plant species,Collards,744_C2,744_T2,Insect,Herbivores,Abundance,standard error,5.7,4.89897948556636,24,12.4,8.3282651254628,24,kg,11000,1400,10,81400,10800,10,NA,NA
3877,744,"Harvey C.T., Eubanks M.D.",2004,United States of America,32.440462,-85.897878,Simplified,Monoculture,Associated plant species,Collards,744_C1,744_T1,Insect,Herbivores,Abundance,standard error,1,0.692820323027551,12,1,0.692820323027551,12,kg,19000,3000,10,62900,3900,10,NA,NA
3878,744,"Harvey C.T., Eubanks M.D.",2004,United States of America,32.440462,-85.897878,Simplified,Monoculture,Associated plant species,Collards,744_C1,744_T2,Insect,Herbivores,Abundance,standard error,1.8,1.46969384566991,24,1,0.692820323027551,12,kg,19000,3000,10,62900,3900,10,NA,NA
3879,744,"Harvey C.T., Eubanks M.D.",2004,United States of America,32.440462,-85.897878,Simplified,Monoculture,Associated plant species,Collards,744_C2,744_T1,Insect,Herbivores,Abundance,standard error,1,0.692820323027551,12,3.2,2.93938769133981,24,kg,19000,3000,10,62900,3900,10,NA,NA
3880,744,"Harvey C.T., Eubanks M.D.",2004,United States of America,32.440462,-85.897878,Simplified,Monoculture,Associated plant species,Collards,744_C2,744_T2,Insect,Herbivores,Abundance,standard error,1.8,1.46969384566991,24,3.2,2.93938769133981,24,kg,19000,3000,10,62900,3900,10,NA,NA
3900,754,"Smith H.A., McSorley R., Izaguirre J.A.S.",2001,Guatemala,15.061111,-90.25,Simplified,Monoculture,Intercropping,Green bean-Other,754_C2,754_T2,Insect,Pests,Abundance,standard deviation,8.31,7.89,16,43.19,63.19,16,"plant weight, g",4.02,1.56,16,10.97,5.58,16,0,0
3901,754,"Smith H.A., McSorley R., Izaguirre J.A.S.",2001,Guatemala,15.061111,-90.25,Simplified,Monoculture,Intercropping,Green bean-Other,754_C2,754_T2,Insect,Pests,Abundance,standard deviation,10.13,5.4,8,65.88,55.22,8,"plant weight, g",5.84,2.66,16,13.94,6.51,16,0,0
3902,754,"Smith H.A., McSorley R., Izaguirre J.A.S.",2001,Guatemala,15.061111,-90.25,Simplified,Monoculture,Intercropping,Green bean-Other,754_C2,754_T2,Insect,Pests,Abundance,standard deviation,29.5,40,8,133.25,259.3,8,"plant weight, g",11.14,11.55,16,27.38,17.85,16,0,0
3905,754,"Smith H.A., McSorley R., Izaguirre J.A.S.",2001,Guatemala,15.061111,-90.25,Simplified,Monoculture,Intercropping,Tomato-Other,754_C2,754_T2,Insect,Pests,Abundance,standard deviation,41.63,35.77,8,13.25,15.58,8,"plant weight, g",5,1.77,16,5.08,3.49,16,0,0
3906,754,"Smith H.A., McSorley R., Izaguirre J.A.S.",2001,Guatemala,15.061111,-90.25,Simplified,Monoculture,Intercropping,Tomato-Other,754_C2,754_T2,Insect,Pests,Abundance,standard deviation,502,283.05,12,303.92,334.91,12,"plant weight, g",14.46,6.31,16,15,7.62,16,0,0
3907,754,"Smith H.A., McSorley R., Izaguirre J.A.S.",2001,Guatemala,15.061111,-90.25,Simplified,Monoculture,Intercropping,Tomato-Other,754_C2,754_T2,Insect,Pests,Abundance,standard deviation,206.75,135.47,12,160.58,90.62,12,"plant weight, g",31,9.76,16,93.92,49.78,16,0,0
3909,754,"Smith H.A., McSorley R., Izaguirre J.A.S.",2001,Guatemala,15.061111,-90.25,Simplified,Monoculture,Intercropping,Green bean-Other,754_C1,754_T1,Insect,Pests,Abundance,standard deviation,1.25,1.34,16,0.94,2.11,16,kg per row,1.25,0.39,32,2.47,0.53,32,0,0
3910,754,"Smith H.A., McSorley R., Izaguirre J.A.S.",2001,Guatemala,15.061111,-90.25,Simplified,Monoculture,Intercropping,Green bean-Other,754_C1,754_T1,Insect,Pests,Abundance,standard deviation,6.13,3.64,8,8.5,6.5,8,kg per row,1.25,0.39,32,2.47,0.53,32,0,0
3911,754,"Smith H.A., McSorley R., Izaguirre J.A.S.",2001,Guatemala,15.061111,-90.25,Simplified,Monoculture,Intercropping,Green bean-Other,754_C1,754_T1,Insect,Pests,Abundance,standard deviation,21.13,10.56,8,22.25,13.02,8,kg per row,1.25,0.39,32,2.47,0.53,32,0,0
3912,754,"Smith H.A., McSorley R., Izaguirre J.A.S.",2001,Guatemala,15.061111,-90.25,Simplified,Monoculture,Intercropping,Green bean-Other,754_C1,754_T1,Insect,Pests,Abundance,standard deviation,34.75,29.48,8,37.5,26.27,8,kg per row,1.25,0.39,32,2.47,0.53,32,0,0
3913,754,"Smith H.A., McSorley R., Izaguirre J.A.S.",2001,Guatemala,15.061111,-90.25,Simplified,Monoculture,Intercropping,Green bean-Other,754_C1,754_T1,Insect,Pests,Abundance,standard deviation,41,24.87,8,78.5,66.33,8,kg per row,1.25,0.39,32,2.47,0.53,32,0,0
3919,758,"Smith H.A., Mcsorley R.",2000,United States of America,29.6666666666666,-82.5,Simplified,Monoculture,Intercropping,Maize-Green bean,758_C1,758_T1,Insect,Pests,Abundance,standard deviation,0.86,0.33,5,0.64,0.29,5,kg per 3.6m of row,0.47,0.28,5,0.87,0.58,5,0,0
3920,758,"Smith H.A., Mcsorley R.",2000,United States of America,29.6666666666666,-82.5,Simplified,Monoculture,Intercropping,Green bean-Aubergine,758_C1,758_T2,Insect,Pests,Abundance,standard deviation,1.31,0.87,5,0.64,0.29,5,kg per 3.6m of row,1.14,0.77,5,0.87,0.58,5,0,0
3921,758,"Smith H.A., Mcsorley R.",2000,United States of America,29.6666666666666,-82.5,Simplified,Monoculture,Intercropping,Maize-Green bean,758_C1,758_T1,Insect,Pests,Abundance,standard deviation,1.1,0.65,5,0.79,0.3,5,kg per 3.6m of row,0.47,0.28,5,0.87,0.58,5,0,0
3922,758,"Smith H.A., Mcsorley R.",2000,United States of America,29.6666666666666,-82.5,Simplified,Monoculture,Intercropping,Green bean-Aubergine,758_C1,758_T2,Insect,Pests,Abundance,standard deviation,0.8,0.25,5,0.79,0.3,5,kg per 3.6m of row,1.14,0.77,5,0.87,0.58,5,0,0
3923,758,"Smith H.A., Mcsorley R.",2000,United States of America,29.6666666666666,-82.5,Simplified,Monoculture,Intercropping,Maize-Green bean,758_C1,758_T1,Insect,Pests,Abundance,standard deviation,0.8,0.51,5,0.48,0.3,5,kg per 3.6m of row,0.47,0.28,5,0.87,0.58,5,0,0
3924,758,"Smith H.A., Mcsorley R.",2000,United States of America,29.6666666666666,-82.5,Simplified,Monoculture,Intercropping,Green bean-Aubergine,758_C1,758_T2,Insect,Pests,Abundance,standard deviation,0.61,0.33,5,0.48,0.3,5,kg per 3.6m of row,1.14,0.77,5,0.87,0.58,5,0,0
3925,758,"Smith H.A., Mcsorley R.",2000,United States of America,29.6666666666666,-82.5,Simplified,Monoculture,Intercropping,Maize-Green bean,758_C1,758_T1,Insect,Pests,Abundance,standard deviation,0.58,0.22,5,0.46,0.23,5,kg per 3.6m of row,0.47,0.28,5,0.87,0.58,5,0,0
3926,758,"Smith H.A., Mcsorley R.",2000,United States of America,29.6666666666666,-82.5,Simplified,Monoculture,Intercropping,Green bean-Aubergine,758_C1,758_T2,Insect,Pests,Abundance,standard deviation,0.67,0.26,5,0.46,0.23,5,kg per 3.6m of row,1.14,0.77,5,0.87,0.58,5,0,0
3927,758,"Smith H.A., Mcsorley R.",2000,United States of America,29.6666666666666,-82.5,Simplified,Monoculture,Intercropping,Maize-Green bean,758_C1,758_T1,Insect,Pests,Abundance,standard deviation,0.44,0.15,5,0.51,0.26,5,kg per 3.6m of row,0.47,0.28,5,0.87,0.58,5,0,0
3928,758,"Smith H.A., Mcsorley R.",2000,United States of America,29.6666666666666,-82.5,Simplified,Monoculture,Intercropping,Green bean-Aubergine,758_C1,758_T2,Insect,Pests,Abundance,standard deviation,0.41,0.22,5,0.51,0.26,5,kg per 3.6m of row,1.14,0.77,5,0.87,0.58,5,0,0
3929,758,"Smith H.A., Mcsorley R.",2000,United States of America,29.6666666666666,-82.5,Simplified,Monoculture,Intercropping,Maize-Green bean,758_C1,758_T1,Insect,Pests,Abundance,standard deviation,0.31,0.2,5,0.45,0.35,5,kg per 3.6m of row,0.47,0.28,5,0.87,0.58,5,0,0
3930,758,"Smith H.A., Mcsorley R.",2000,United States of America,29.6666666666666,-82.5,Simplified,Monoculture,Intercropping,Green bean-Aubergine,758_C1,758_T2,Insect,Pests,Abundance,standard deviation,0.33,0.24,5,0.45,0.35,5,kg per 3.6m of row,1.14,0.77,5,0.87,0.58,5,0,0
3948,762,"Parajulee M.N., Slosser J.E.",1999,United States of America,33.446744,-99.614065,Simplified,Monoculture,Intercropping,Cotton-Canola,762_C1,762_T1,Insect,Natural enemies,Abundance,standard error,18.11,3.64973971674693,6,10.22,5.7807957929683,6,kg/ha,1145,195.721741255283,3,1012,67.5499814951862,3,1,0
3949,762,"Parajulee M.N., Slosser J.E.",1999,United States of America,33.446744,-99.614065,Simplified,Monoculture,Intercropping,Cotton-Wheat,762_C1,762_T2,Insect,Natural enemies,Abundance,standard error,19.33,6.07473456210228,6,10.22,5.7807957929683,6,kg/ha,1075,31.1769145362398,3,1012,67.5499814951862,3,1,0
3950,762,"Parajulee M.N., Slosser J.E.",1999,United States of America,33.446744,-99.614065,Simplified,Monoculture,Intercropping,Cotton-Vetch,762_C1,762_T3,Insect,Natural enemies,Abundance,standard error,14.22,4.31110194729839,6,10.22,5.7807957929683,6,kg/ha,906,138.56406460551,3,1012,67.5499814951862,3,1,0
3951,762,"Parajulee M.N., Slosser J.E.",1999,United States of America,33.446744,-99.614065,Simplified,Monoculture,Intercropping,Cotton-Canola,762_C1,762_T4,Insect,Natural enemies,Abundance,standard error,13.89,5.48685702383432,6,10.22,5.7807957929683,6,kg/ha,964,157.616623488768,3,1012,67.5499814951862,3,1,0
3952,762,"Parajulee M.N., Slosser J.E.",1999,United States of America,33.446744,-99.614065,Simplified,Monoculture,Intercropping,Cotton-Sorghum,762_C1,762_T5,Insect,Natural enemies,Abundance,standard error,17.44,9.62649468913789,6,10.22,5.7807957929683,6,kg/ha,943,34.6410161513775,3,1012,67.5499814951862,3,1,0
3953,762,"Parajulee M.N., Slosser J.E.",1999,United States of America,33.446744,-99.614065,Simplified,Monoculture,Intercropping,Cotton-Sorghum,762_C1,762_T6,Insect,Natural enemies,Abundance,standard error,17.11,8.08331615118449,6,10.22,5.7807957929683,6,kg/ha,942,155.884572681199,3,1012,67.5499814951862,3,1,0
3954,762,"Parajulee M.N., Slosser J.E.",1999,United States of America,33.446744,-99.614065,Simplified,Monoculture,Intercropping,Cotton-Sorghum,762_C1,762_T7,Insect,Natural enemies,Abundance,standard error,17.44,2.13105607622136,6,10.22,5.7807957929683,6,kg/ha,909,206.114046100696,3,1012,67.5499814951862,3,1,0
3955,762,"Parajulee M.N., Slosser J.E.",1999,United States of America,33.446744,-99.614065,Simplified,Monoculture,Intercropping,Cotton-Canola,762_C1,762_T1,Insect,Pests,Abundance,standard error,33.31,50.7360818353172,60,47.87,92.7192213082056,60,kg/ha,1145,195.721741255283,3,1012,67.5499814951862,3,1,0
3956,762,"Parajulee M.N., Slosser J.E.",1999,United States of America,33.446744,-99.614065,Simplified,Monoculture,Intercropping,Cotton-Wheat,762_C1,762_T2,Insect,Pests,Abundance,standard error,23.64,38.8847527959225,60,47.87,92.7192213082056,60,kg/ha,1075,31.1769145362398,3,1012,67.5499814951862,3,1,0
3957,762,"Parajulee M.N., Slosser J.E.",1999,United States of America,33.446744,-99.614065,Simplified,Monoculture,Intercropping,Cotton-Vetch,762_C1,762_T3,Insect,Pests,Abundance,standard error,37.35,70.1009985663542,60,47.87,92.7192213082056,60,kg/ha,906,138.56406460551,3,1012,67.5499814951862,3,1,0
3958,762,"Parajulee M.N., Slosser J.E.",1999,United States of America,33.446744,-99.614065,Simplified,Monoculture,Intercropping,Cotton-Canola,762_C1,762_T4,Insect,Pests,Abundance,standard error,33.11,51.0459205030138,60,47.87,92.7192213082056,60,kg/ha,964,157.616623488768,3,1012,67.5499814951862,3,1,0
3959,762,"Parajulee M.N., Slosser J.E.",1999,United States of America,33.446744,-99.614065,Simplified,Monoculture,Intercropping,Cotton-Sorghum,762_C1,762_T5,Insect,Pests,Abundance,standard error,37.84,68.7067245617196,60,47.87,92.7192213082056,60,kg/ha,943,34.6410161513775,3,1012,67.5499814951862,3,1,0
3960,762,"Parajulee M.N., Slosser J.E.",1999,United States of America,33.446744,-99.614065,Simplified,Monoculture,Intercropping,Cotton-Sorghum,762_C1,762_T6,Insect,Pests,Abundance,standard error,30.03,51.8979768391794,60,47.87,92.7192213082056,60,kg/ha,942,155.884572681199,3,1012,67.5499814951862,3,1,0
3961,762,"Parajulee M.N., Slosser J.E.",1999,United States of America,33.446744,-99.614065,Simplified,Monoculture,Intercropping,Cotton-Sorghum,762_C1,762_T7,Insect,Pests,Abundance,standard error,44.85,91.5573263043433,60,47.87,92.7192213082056,60,kg/ha,909,206.114046100696,3,1012,67.5499814951862,3,1,0
3962,762,"Parajulee M.N., Slosser J.E.",1999,United States of America,33.446744,-99.614065,Simplified,Monoculture,Intercropping,Cotton-Canola,762_C1,762_T1,Insect,Natural enemies,Abundance,standard error,14.42,7.84619015828701,27,14.08,7.17069034333515,27,kg/ha,1145,195.721741255283,3,1012,67.5499814951862,3,1,0
3963,762,"Parajulee M.N., Slosser J.E.",1999,United States of America,33.446744,-99.614065,Simplified,Monoculture,Intercropping,Cotton-Wheat,762_C1,762_T2,Insect,Natural enemies,Abundance,standard error,14.33,7.74226710983288,27,14.08,7.17069034333515,27,kg/ha,1075,31.1769145362398,3,1012,67.5499814951862,3,1,0
3964,762,"Parajulee M.N., Slosser J.E.",1999,United States of America,33.446744,-99.614065,Simplified,Monoculture,Intercropping,Cotton-Vetch,762_C1,762_T3,Insect,Natural enemies,Abundance,standard error,14.33,7.74226710983288,27,14.08,7.17069034333515,27,kg/ha,906,138.56406460551,3,1012,67.5499814951862,3,1,0
3965,762,"Parajulee M.N., Slosser J.E.",1999,United States of America,33.446744,-99.614065,Simplified,Monoculture,Intercropping,Cotton-Canola,762_C1,762_T4,Insect,Natural enemies,Abundance,standard error,14.13,6.65107510106449,27,14.08,7.17069034333515,27,kg/ha,964,157.616623488768,3,1012,67.5499814951862,3,1,0
3966,762,"Parajulee M.N., Slosser J.E.",1999,United States of America,33.446744,-99.614065,Simplified,Monoculture,Intercropping,Cotton-Sorghum,762_C1,762_T5,Insect,Natural enemies,Abundance,standard error,16.67,10.0285741758238,27,14.08,7.17069034333515,27,kg/ha,943,34.6410161513775,3,1012,67.5499814951862,3,1,0
3967,762,"Parajulee M.N., Slosser J.E.",1999,United States of America,33.446744,-99.614065,Simplified,Monoculture,Intercropping,Cotton-Sorghum,762_C1,762_T6,Insect,Natural enemies,Abundance,standard error,17.88,11.5354583784087,27,14.08,7.17069034333515,27,kg/ha,942,155.884572681199,3,1012,67.5499814951862,3,1,0
3968,762,"Parajulee M.N., Slosser J.E.",1999,United States of America,33.446744,-99.614065,Simplified,Monoculture,Intercropping,Cotton-Sorghum,762_C1,762_T7,Insect,Natural enemies,Abundance,standard error,13.79,9.76876655468847,27,14.08,7.17069034333515,27,kg/ha,909,206.114046100696,3,1012,67.5499814951862,3,1,0
3969,762,"Parajulee M.N., Slosser J.E.",1999,United States of America,33.446744,-99.614065,Simplified,Monoculture,Intercropping,Cotton-Canola,762_C1,762_T1,Insect,Pests,Abundance,standard error,0.33,0.450333209967908,12,0.27,0.519615242270663,12,kg/ha,1145,195.721741255283,3,1012,67.5499814951862,3,1,0
3970,762,"Parajulee M.N., Slosser J.E.",1999,United States of America,33.446744,-99.614065,Simplified,Monoculture,Intercropping,Cotton-Wheat,762_C1,762_T2,Insect,Pests,Abundance,standard error,0.73,1.14315353299546,12,0.27,0.519615242270663,12,kg/ha,1075,31.1769145362398,3,1012,67.5499814951862,3,1,0
3971,762,"Parajulee M.N., Slosser J.E.",1999,United States of America,33.446744,-99.614065,Simplified,Monoculture,Intercropping,Cotton-Vetch,762_C1,762_T3,Insect,Pests,Abundance,standard error,0.53,0.831384387633061,12,0.27,0.519615242270663,12,kg/ha,906,138.56406460551,3,1012,67.5499814951862,3,1,0
3972,762,"Parajulee M.N., Slosser J.E.",1999,United States of America,33.446744,-99.614065,Simplified,Monoculture,Intercropping,Cotton-Canola,762_C1,762_T4,Insect,Pests,Abundance,standard error,0.27,0.41569219381653,12,0.27,0.519615242270663,12,kg/ha,964,157.616623488768,3,1012,67.5499814951862,3,1,0
3973,762,"Parajulee M.N., Slosser J.E.",1999,United States of America,33.446744,-99.614065,Simplified,Monoculture,Intercropping,Cotton-Sorghum,762_C1,762_T5,Insect,Pests,Abundance,standard error,0.6,0.796743371481684,12,0.27,0.519615242270663,12,kg/ha,943,34.6410161513775,3,1012,67.5499814951862,3,1,0
3974,762,"Parajulee M.N., Slosser J.E.",1999,United States of America,33.446744,-99.614065,Simplified,Monoculture,Intercropping,Cotton-Sorghum,762_C1,762_T6,Insect,Pests,Abundance,standard error,0.6,0.554256258422041,12,0.27,0.519615242270663,12,kg/ha,942,155.884572681199,3,1012,67.5499814951862,3,1,0
3975,762,"Parajulee M.N., Slosser J.E.",1999,United States of America,33.446744,-99.614065,Simplified,Monoculture,Intercropping,Cotton-Sorghum,762_C1,762_T7,Insect,Pests,Abundance,standard error,0.73,0.727461339178928,12,0.27,0.519615242270663,12,kg/ha,909,206.114046100696,3,1012,67.5499814951862,3,1,0
3981,763,"Bender D.A., Morrison W.P., Frisbie R.E.",1999,United States of America,33.690142,-101.824985,Simplified,Monoculture,Intercropping,Cabbage-Mustard,763_C2,763_T1,Insect,Pests,Abundance,standard error,1,0.34,4,0.89,0.14,4,kg/ha,29800,NA,NA,29800,NA,NA,0,NA
3985,763,"Bender D.A., Morrison W.P., Frisbie R.E.",1999,United States of America,33.690142,-101.824985,Simplified,Monoculture,Intercropping,Cabbage-Mustard,763_C2,763_T1,Insect,Pests,Abundance,standard error,1.11,0.4,4,2.27,0.3,4,kg/ha,29800,NA,NA,29800,NA,NA,0,NA
3988,763,"Bender D.A., Morrison W.P., Frisbie R.E.",1999,United States of America,33.690142,-101.824985,Simplified,Monoculture,Intercropping,Cabbage-Mustard,763_C2,763_T1,Insect,Pests,Abundance,standard error,0.11,0.12,4,0.19,0.14,4,kg/ha,29800,NA,NA,29800,NA,NA,0,NA
3992,763,"Bender D.A., Morrison W.P., Frisbie R.E.",1999,United States of America,33.690142,-101.824985,Simplified,Monoculture,Intercropping,Cabbage-Mustard,763_C2,763_T1,Insect,Pests,Abundance,standard error,1.21,0.16,4,0.69,0.2,4,kg/ha,29800,NA,NA,29800,NA,NA,0,NA
4005,763,"Bender D.A., Morrison W.P., Frisbie R.E.",1999,United States of America,33.690142,-101.824985,Simplified,Monoculture,Intercropping,Cabbage-Mustard,763_C2,763_T1,Insect,Pests,Abundance,standard error,0.11,0.14,4,0.39,0.3,4,kg/ha,29800,NA,NA,29800,NA,NA,0,NA
4025,763,"Bender D.A., Morrison W.P., Frisbie R.E.",1999,United States of America,33.690142,-101.824985,Simplified,Monoculture,Intercropping,Cabbage-Mustard,763_C2,763_T1,Insect,Pests,Abundance,standard error,0.41,0.16,4,0.28,0.06,4,kg/ha,29800,NA,NA,29800,NA,NA,0,NA
4029,763,"Bender D.A., Morrison W.P., Frisbie R.E.",1999,United States of America,33.690142,-101.824985,Simplified,Monoculture,Intercropping,Cabbage-Mustard,763_C2,763_T1,Insect,Pests,Abundance,standard error,0.4,0.14,4,0.09,0.12,4,kg/ha,29800,NA,NA,29800,NA,NA,0,NA
4032,763,"Bender D.A., Morrison W.P., Frisbie R.E.",1999,United States of America,33.690142,-101.824985,Simplified,Monoculture,Intercropping,Cabbage-Mustard,763_C2,763_T1,Insect,Pests,Abundance,standard error,1.3,0.28,4,0.38,0.22,4,kg/ha,29800,NA,NA,29800,NA,NA,0,NA
4036,763,"Bender D.A., Morrison W.P., Frisbie R.E.",1999,United States of America,33.690142,-101.824985,Simplified,Monoculture,Intercropping,Cabbage-Mustard,763_C2,763_T1,Insect,Pests,Abundance,standard error,0.29,0.14,4,0.27,0.16,4,kg/ha,29800,NA,NA,29800,NA,NA,0,NA
4071,969,"Martins A., Marques G., Borges O., Portela E., Lousada J., Raimundo F., Madeira M.",2011,Portugal,41.596389,-6.962222,Simplified,Monoculture,Associated plant species,Chestnut,969_C1,969_T2,Fungi,Decomposers,Abundance,standard error,45,30.3,9,20.3,19.8,9,kg nut DM per tree,19.6,12.1655250605964,37,18.8,12.2449989791751,34,1,1
4072,969,"Martins A., Marques G., Borges O., Portela E., Lousada J., Raimundo F., Madeira M.",2011,Portugal,41.596389,-6.962222,Simplified,Monoculture,Associated plant species,Chestnut,969_C1,969_T1,Fungi,Decomposers,Abundance,standard error,58.7,27.9,9,20.3,19.8,9,kg nut DM per tree,27.2,12.4237675445092,35,18.8,12.2449989791751,34,1,1
4073,969,"Martins A., Marques G., Borges O., Portela E., Lousada J., Raimundo F., Madeira M.",2011,Portugal,41.596389,-6.962222,Simplified,Monoculture,Associated plant species,Chestnut,969_C1,969_T3,Fungi,Decomposers,Abundance,standard error,76.9,41.1,9,20.3,19.8,9,kg nut DM per tree,24.4,12.6,36,18.8,12.2449989791751,34,1,1
4074,969,"Martins A., Marques G., Borges O., Portela E., Lousada J., Raimundo F., Madeira M.",2011,Portugal,41.596389,-6.962222,Simplified,Monoculture,Associated plant species,Chestnut,969_C1,969_T1,Fungi,Decomposers,Species richness,standard error,23.4,9.3,9,11,6.9,9,kg nut DM per tree,27.2,12.4237675445092,35,18.8,12.2449989791751,34,1,1
4075,969,"Martins A., Marques G., Borges O., Portela E., Lousada J., Raimundo F., Madeira M.",2011,Portugal,41.596389,-6.962222,Simplified,Monoculture,Associated plant species,Chestnut,969_C1,969_T2,Fungi,Decomposers,Species richness,standard error,17.9,9.3,9,11,6.9,9,kg nut DM per tree,19.6,12.1655250605964,37,18.8,12.2449989791751,34,1,1
4076,969,"Martins A., Marques G., Borges O., Portela E., Lousada J., Raimundo F., Madeira M.",2011,Portugal,41.596389,-6.962222,Simplified,Monoculture,Associated plant species,Chestnut,969_C1,969_T3,Fungi,Decomposers,Species richness,standard error,27.4,7.5,9,11,6.9,9,kg nut DM per tree,24.4,12.6,36,18.8,12.2449989791751,34,1,1
