record_id,source,included,exclusion_reason,year,authors,title,doi
13,Stakeholder recommendation,TRUE,NA,2016,"Syafiq M., Nur Atiqah A.R., Ghazali A., Asmah S., Yahya M.S., Aziz N., Puan C.L., Azhar B.",responses of tropical fruit bats to monoculture and polyculture farming in oil palm smallholdings,10.1016/j.actao.2016.06.005
15,Scopus or WoS,FALSE,Unsuitable outcomes,2016,"Brooker R.W., Karley A.J., Newton A.C., Pakeman R.J., Schöb C.",facilitation and sustainable agriculture: a mechanistic approach to reconciling crop production and conservation,10.1111/1365-2435.12496
18,Stakeholder recommendation,TRUE,NA,2014,"Saucedo-García A., Anaya A.L., Espinosa-García F.J., González M.C.","diversity and communities of foliar endophytic fungi from different agroecosystems of coffea arabica l. in two regions of veracruz, mexico",10.1371/journal.pone.0098454
25,Scopus or WoS,FALSE,Unsuitable population,2013,"Bianchi F.J.J.A., Mikos V., Brussaard L., Delbaere B., Pulleman M.M.",opportunities and limitations for functional agrobiodiversity in the european context,10.1016/j.envsci.2012.12.014
30,Stakeholder recommendation,TRUE,NA,2011,"Williams-Guillén K., Perfecto I.",ensemble composition and activity levels of insectivorous bats in response to management intensification in coffee agroforestry systems,10.1371/journal.pone.0016502
34,Stakeholder recommendation,TRUE,NA,2008,"Bos M.M., Tylianakis J.M., Steffan-Dewenter I., Tscharntke T.",the invasive yellow crazy ant and the decline of forest ant diversity in indonesian cacao agroforests,10.1007/s10530-008-9215-4
46,Stakeholder recommendation,TRUE,NA,2017,"Zhang X., Zhao G., Zhang X., Li X., Yu Z., Liu Y. & Liang H.","ground beetle (coleoptera: carabidae) diversity and body-size variation in four land use types in a mountainous area near beijing, china",10.1649/0010-065X-71.2.402
52,Stakeholder recommendation,TRUE,NA,2013,"Korasaki V., Braga R.F., Zanetti R., Moreira F.M.S., Vaz-de-Mello F.Z., Louzada J.",conservation value of alternative land-use systems for dung beetles in amazon: valuing traditional farming practices,10.1007/s10531-013-0487-3
61,Stakeholder recommendation,TRUE,NA,2016,"Perry J., Lojka B., Ruiz L.G.Q., Van Damme P., Houška J., Cusimamani E.F.",how natural forest conversion affects insect biodiversity in the peruvian amazon: can agroforestry help?,10.3390/f7040082
72,Scopus or WoS,FALSE,Unsuitable population,2017,"Dominik C., Seppelt R., Horgan F.G., Marquez L., Settele J., Václavík T.",regional-scale effects override the influence of fine-scale landscape heterogeneity on rice arthropod communities,10.1016/j.agee.2017.06.011
78,Stakeholder recommendation,TRUE,NA,2016,"Sistla S.A., Roddy A.B., Williams N.E., Kramer D.B., Stevens K., Allison S.D.",agroforestry practices promote biodiversity and natural resource diversity in atlantic nicaragua,10.1371/journal.pone.0162529
91,Stakeholder recommendation,TRUE,NA,2009,"Hylander K., Nemomissa S.",complementary roles of home gardens and exotic tree plantations as alternative habitats for plants of the ethiopian montane rainforest [roles complementarios de jardines do<U+1E3F>esticos y plantaciones de 'arboles ex´oticos como h´abitats alternativos para plantas del bosque lluvioso montano et´iope],10.1111/j.1523-1739.2008.01097.x
107,Stakeholder recommendation,TRUE,NA,2013,"Varah A., Jones H., Smith J., Potts S.G.",enhanced biodiversity and pollination in uk agroforestry systems,10.1002/jsfa.6148
125,Stakeholder recommendation,TRUE,NA,2014,"Azhara B., Puanb C.L., Zakariab M., Hassanb N., Arifc M.",Effects of monoculture and polyculture practices in oil palm smallholdings on tropical farmland birds,NA
128,Stakeholder recommendation,TRUE,NA,2016,"Ghazalia A., Asmaha S., Syafiqa M., Yahyaa M.S., Azizb N., Pengc T.,  Norhishamad M.R., Puanae C.L., Turnerf E.C., Azharae B.",Effects of monoculture and polyculture farming in oil palm smallholdings on terrestrial arthropod diversity,https://doi.org/10.1016/j.aspen.2016.04.016
131,Previous meta-analysis,FALSE,Unsuitable context,2005,"Perfecto I.,  Vandermeer J., Vandermeer J., Mas A., Soto-Pinto L.","Biodiversity, yield, and shade coffee certification",10.1016/j.ecolecon.2004.10.009
132,Previous meta-analysis,TRUE,NA,2003,"Perfeto I., Mas A., Dietsch T., Vandermeer J.",Conservation of biodiversity in coffee agroecosystems: a tri-taxa comparison in southern Mexico,http://dx.doi.org/10.1023/A:1023039921916
133,Previous meta-analysis,TRUE,NA,2012,"Arias R.M.,  Heredia-Abarca G.,  Sosa V.J., Fuentes-Ramírez L.E.","Diversity and abundance of arbuscular mycorrhizal fungi spores under different coffee production systems and in a tropical montane cloud forest patch in Veracruz, Mexico",10.1007/s1-457-011-9414-3
135,Stakeholder recommendation,TRUE,NA,2019,"Williams-Guillén K., Perfecto I.","Effects of Agricultural Intensification on the Assemblage of Leaf-Nosed Bats (Phyllostomidae) in a Coffee Landscape in Chiapas, Mexico",10.1111/j-1744-7429.2010.00626.x
136,Stakeholder recommendation,TRUE,NA,2006,"García Estradaa C., Damon A., Sánchez Hernández C., Soto Pinto C., Ibarra Núñez G.","Bat Diversity in Montane Rainforest and Shaded Coffee Under different management regimes in Southeastern Chiapas, MExico",https://doi.org/10.1016/j.biocon.2006.04.027
138,Previous meta-analysis,TRUE,NA,2017,"Bos M.M., Steffan-Dewenter I., Tscharntke T","The contribution of shaded cacao agroforests to the conservation of lower canopy ants, and beetles in Indonesia '",10.1007/s10531-007-9196-0
139,Stakeholder recommendation,TRUE,NA,2007,"Bos M.M., Höhn P.,  Saleh S., Büche B., Buchori D., Steffan-Dewenter I., Tscharntke T.",Insect diversity responses to forest conversion and agroforestry management,10.1007/978-3-540-30290-2_14
142,Scopus or WoS,FALSE,Unsuitable outcomes,2011,"Clough Y., Barkmann J., Juhrbandt J., Kessler M., Cherico Wanger T., Anshary A., Buchori D., Cicuzza D., Darras K., Dwi Putra D., Erasmi S., Pitopang R., Schmidt C., Schulze C.H., Seidel D., Steffan-Dewenter I., Stenchly K., Vidal S., Weist M., Wielgoss A.C., Tscharntke T.",Combining high biodiversity with high yields in tropical agroforests,10.1073/pnas.1016799108
145,Stakeholder recommendation,TRUE,NA,2016,"Gibbs S., Koblents H., Coleman B., Gordon A.,  Thevathasan N.",Avian diversity in a temperate tree-based intercropping system from inception to now,https://doi-org.ezproxy.princeton.edu/10.1007/s10457-016-9901-7
147,Previous meta-analysis,TRUE,NA,2002,"Greenberg R., Bichier P., Cruz Angon A., Reitsma R.",Bird Populations in Shade and Sun Coffee Plantations in Central Guatemala,https://doi.org/10.1046/j.1523-1739.1997.95464.x
148,Previous meta-analysis,FALSE,Unsuitable intervention,2012,"Liu L., Axmacher J.C., Wang C., Li L., Yu Z.",Ground Beetle (Coleoptera: Carabidae) Assemblages of Restored Semi-natural Habitats and Intensively Cultivated Fields in Northern China,https://doi-org.ezproxy.princeton.edu/10.1111/j.1526-100X.2010.00755.x
151,Previous meta-analysis,TRUE,NA,2013,"Braga R.F., Korasaki V., Andresen E., Louzada J.",Dung Beetle Community and Functions along a Habitat-Disturbance Gradient in the Amazon: A Rapid Assessment of Ecological Functions Associated to Biodiversity,https://doi.org/10.1371/journal.pone.0057786
152,Stakeholder recommendation,TRUE,NA,2004,Escobar F.,Diversity and composition of dung beetle (Scarabaeinae) assemblages in a heterogeneous Andean landscape,10.1080/03946975.2004.10531202
153,Stakeholder recommendation,TRUE,NA,2002,"Estrada A., Coates-Estrada R.","Dung beetles in continuous forest, forest fragments and in an agricultural mosaic habitat island at Los Tuxtlas, Mexico",10.1023/A:1020896928578
154,Previous meta-analysis,TRUE,NA,2006,"Harvey C.A., Gonzalez J., Somarriba E.","Dung Beetle and Terrestrial Mammal Diversity in Forests, Indigenous Agroforestry Systems and Plantain Monocultures in Talamanca, Costa Rica",NA
155,Previous meta-analysis,FALSE,Unsuitable intervention,2012,"Birkhofer K., Bezemer T.M., Hedlund K., Setala H.",Community composition of soil organisms under different wheat-farming systems,https://doi-org.ezproxy.princeton.edu/10.1111/j.1365-3180.2008.00639.x
157,Stakeholder recommendation,TRUE,NA,2019,"Smith R.G., Gross K.L.",Assembly of weed communities along a crop diversity gradient,NA
162,Scopus or WoS,FALSE,Unsuitable context,2007,"Klein A.M., Vaissière B.E., Cane J.H., Steffan-Dewenter I., Cunningham S.A., Kremen C., Tscharntke T.",Importance of pollinators in changing landscapes for world crops,10.1098/rspb.2006.3721
163,Scopus or WoS,FALSE,Unsuitable context,2010,"Potts S.G., Biesmeijer J.C., Kremen C., Neumann P., Schweiger O., Kunin W.E.","Global pollinator declines: Trends, impacts and drivers",10.1016/j.tree.2010.01.007
164,Scopus or WoS,FALSE,Unsuitable context,2011,"Letourneau D.K., Armbrecht I., Rivera B.S., Lerma J., Carmona E.J., Daza M.C., Escobar S., Galindo V., GutiéRrez C., LóPez S.D., Mejía J.L., Rangel A.M.A., Rangel J.H., Rivera L., Saavedra C.A., Torres A.M., Trujillo A.R.",Does plant diversity benefit agroecosystems? A synthetic review,10.1890/09-2026.1
165,Scopus or WoS,FALSE,Unsuitable context,2004,"Salles J.F., Van Veen J.A., Van Elsas J.D.",Multivariate analyses of Burkholderia species in soil: Effect of crop and land use history,10.1128/AEM.70.7.4012-4020.2004
166,Scopus or WoS,FALSE,Unsuitable intervention,2008,"Tchabi A., Coyne D., Hountondji F., Lawouin L., Wiemken A., Oehl F.","Arbuscular mycorrhizal fungal communities in sub-Saharan Savannas of Benin, West Africa, as affected by agricultural land use intensity and ecological zone",10.1007/s00572-008-0171-8
167,Scopus or WoS,FALSE,Unsuitable context,2012,"Tooker J.F., Frank S.D.",Genotypically diverse cultivar mixtures for insect pest management and increased crop yields,10.1111/j.1365-2664.2012.02173.x
168,Scopus or WoS,FALSE,Unsuitable population,2015,"Brummitt N.A., Bachman S.P., Griffiths-Lee J., Lutz M., Moat J.F., Farjon A., Donaldson J.S., Hilton-Taylor C., Meagher T.R., Albuquerque S., Aletrari E., Andrews A.K., Atchison G., Baloch E., Barlozzini B., Brunazzi A., Carretero J., Celesti M., Chadburn H., Cianfoni E., Cockel C., Coldwell V., Concetti B., Contu S., Crook V., Dyson P., Gardiner L., Ghanim N., Greene H., Groom A., Harker R., Hopkins D., Khela S., Lakeman-Fraser P., Lindon H., Lockwood H., Loftus C., Lombrici D., Lopez-Poveda L., Lyon J., Malcolm-Tompkins P., McGregor K., Moreno L., Murray L., Nazar K., Power E., Tuijtelaars M.Q., Salter R., Segrott R., Thacker H., Thomas L.J., Tingvoll S., Watkinson G., Wojtaszekova K., Lughadha E.M.N.",Green plants in the red: A baseline global assessment for the IUCN Sampled Red List Index for Plants,10.1371/journal.pone.0135152
169,Scopus or WoS,TRUE,NA,2013,"Chandler R.B., King D.I., Raudales R., Trubey R., Chandler C., Arce Chávez V.J.",A small-scale land-sparing approach to conserving biological diversity in tropical agricultural landscapes,10.1111/cobi.12046
172,Scopus or WoS,FALSE,Unsuitable population,2011,"Aerts R., Hundera K., Berecha G., Gijbels P., Baeten M., Van Mechelen M., Hermy M., Muys B., Honnay O.",Semi-forest coffee cultivation and the conservation of Ethiopian Afromontane rainforest fragments,10.1016/j.foreco.2010.12.025
173,Scopus or WoS,FALSE,Unsuitable intervention,2010,"Wade A.S.I., Asase A., Hadley P., Mason J., Ofori-Frimpong K., Preece D., Spring N., Norris K.",Management strategies for maximizing carbon storage and tree species diversity in cocoa-growing landscapes,10.1016/j.agee.2010.06.007
174,Scopus or WoS,FALSE,Unsuitable context,2017,"Isbell F., Adler P.R., Eisenhauer N., Fornara D., Kimmel K., Kremen C., Letourneau D.K., Liebman M., Polley H.W., Quijas S., Scherer-Lorenzen M.",Benefits of increasing plant diversity in sustainable agroecosystems,10.1111/1365-2745.12789
175,Scopus or WoS,FALSE,Unsuitable population,2011,"Enjalbert J., Dawson J.C., Paillard S., Rhoné B., Rousselle Y., Thomas M., Goldringer I.",Dynamic management of crop diversity: From an experimental approach to on-farm conservation,10.1016/j.crvi.2011.03.005
176,Scopus or WoS,FALSE,Unsuitable outcomes,2011,"Picasso V.D., Brummer E.C., Liebman M., Dixon P.M., Wilsey B.J.",Diverse perennial crop mixtures sustain higher productivity over time based on ecological complementarity,10.1017/S1742170511000135
177,Scopus or WoS,FALSE,Unsuitable context,2011,"Vigouroux Y., Barnaud A., Scarcelli N., Thuillet A.-C.","Biodiversity, evolution and adaptation of cultivated crops",10.1016/j.crvi.2011.03.003
178,Scopus or WoS,FALSE,Unsuitable context,2015,"Martin A.R., Isaac M.E.",Plant functional traits in agroecosystems: A blueprint for research,10.1111/1365-2664.12526
179,Scopus or WoS,FALSE,Unsuitable outcomes,2014,"Cerda R., Deheuvels O., Calvache D., Niehaus L., Saenz Y., Kent J., Vilchez S., Villota A., Martinez C., Somarriba E.",Contribution of cocoa agroforestry systems to family income and domestic consumption: looking toward intensification,10.1007/s10457-014-9691-8
180,Scopus or WoS,FALSE,Unsuitable intervention,2012,"Power E.F., Kelly D.L., Stout J.C.",Organic farming and landscape structure: Effects on insect-pollinated plant diversity in intensively managed grasslands,10.1371/journal.pone.0038073
181,Scopus or WoS,FALSE,Unsuitable population,2011,"Vestberg M., Kahiluoto H., Wallius E.",Arbuscular mycorrhizal fungal diversity and species dominance in a temperate soil with long-term conventional and low-input cropping systems,10.1007/s00572-010-0346-y
182,Scopus or WoS,FALSE,Unsuitable context,1993,"Thomas V.G., Kevan P.G.",Basic principles of agroecology and sustainable agriculture,10.1007/BF01965612
183,Scopus or WoS,FALSE,Unsuitable population,2016,"Orford K.A., Murray P.J., Vaughan I.P., Memmott J.",Modest enhancements to conventional grassland diversity improve the provision of pollination services,10.1111/1365-2664.12608
184,Scopus or WoS,FALSE,Unsuitable outcomes,2013,"Wortman S.E., Francis C.A., Bernards M.A., Blankenship E.E., Lindquist J.L.",Mechanical termination of diverse cover crop mixtures for improved weed suppression in organic cropping systems,10.1614/WS-D-12-00066.1
185,Scopus or WoS,FALSE,Unsuitable population,2011,"Ayuke F.O., Pulleman M.M., Vanlauwe B., de Goede R.G.M., Six J., Csuzdi C., Brussaard L.",Agricultural management affects earthworm and termite diversity across humid to semi-arid tropical zones,10.1016/j.agee.2010.11.021
186,Scopus or WoS,FALSE,Unsuitable outcomes,2017,"Dainese M., Montecchiari S., Sitzia T., Sigura M., Marini L.",High cover of hedgerows in the landscape supports multiple ecosystem services in Mediterranean cereal fields,10.1111/1365-2664.12747
187,Scopus or WoS,FALSE,Unsuitable outcomes,2013,"Staudacher K., Schallhart N., Thalinger B., Wallinger C., Juen A., Traugott M.","Plant diversity affects behavior of generalist root herbivores, reduces crop damage, and enhances crop yield",10.1890/13-0018.1
188,Scopus or WoS,FALSE,Unsuitable outcomes,2010,"Shili-Touzi I., De Tourdonnet S., Launay M., Dore T.",Does intercropping winter wheat (Triticum aestivum) with red fescue (Festuca rubra) as a cover crop improve agronomic and environmental performance? A modeling approach,10.1016/j.fcr.2009.11.007
189,Scopus or WoS,FALSE,Unsuitable intervention,2014,"Tang L., Cheng C., Wan K., Li R., Wang D., Tao Y., Pan J., Xie J., Chen F.",Impact of fertilizing pattern on the biodiversity of a weed community and wheat growth,10.1371/journal.pone.0084370
190,Scopus or WoS,TRUE,NA,2009,"Bridle K., Fitzgerald M., Green D., Smith J., McQuillan P., Lefroy T.","Relationships between site characteristics, farming system and biodiversity on Australian mixed farms",10.1071/AN09042
191,Scopus or WoS,FALSE,Unsuitable context,2014,"Bonnin I., Bonneuil C., Goffaux R., Montalent P., Goldringer I.",Explaining the decrease in the genetic diversity of wheat in France over the 20th century,10.1016/j.agee.2014.06.003
192,Scopus or WoS,FALSE,Unsuitable intervention,2014,"Marja R., Herzon I., Viik E., Elts J., Mänd M., Tscharntke T., Batáry P.",Environmentally friendly management as an intermediate strategy between organic and conventional agriculture to support biodiversity,10.1016/j.biocon.2014.08.005
193,Scopus or WoS,FALSE,Missing data,2013,"Haggar J., Medina B., Aguilar R.M., Munoz C.",Land use change on coffee farms in southern guatemala and its environmental consequences,10.1007/s00267-013-0019-7
194,Scopus or WoS,FALSE,Missing data,2013,"Radicetti E., Mancinelli R., Campiglia E.",Impact of managing cover crop residues on the floristic composition and species diversity of the weed community of pepper crop (Capsicum annuum L.),10.1016/j.cropro.2012.10.017
195,Scopus or WoS,FALSE,Unsuitable outcomes,2018,"Monck-Whipp L., Martin A.E., Francis C.M., Fahrig L.",Farmland heterogeneity benefits bats in agricultural landscapes,10.1016/j.agee.2017.11.001
196,Scopus or WoS,TRUE,NA,2012,"Ramos-Zapata J.A., Marrufo-Zapata D., Guadarrama P., Carrillo-Sánchez L., Hernández-Cuevas L., Caamal-Maldonado A.",Impact of weed control on arbuscular mycorrhizal fungi in a tropical agroecosystem: A long-term experiment,10.1007/s00572-012-0443-1
197,Scopus or WoS,FALSE,Unsuitable outcomes,2011,"Arlauskiene A., Maikšteniene S., Šarunaite L., Kadžiuliene Z., Deveikyte I., Žekaite V., Cesnuleviciene R.",Competitiveness and productivity of organically grown pea and spring cereal intercrops [Ekologiškai augintu{ogonek} žirniu{ogonek} ir vasariniu{ogonek} migliniu{ogonek} javu{ogonek} mišriu{ogonek} paseliu{ogonek} konkurencingumas bei produktyvumas],NA
198,Scopus or WoS,TRUE,NA,2016,"Verzeaux J., Alahmad A., Habbib H., Nivelle E., Roger D., Lacoux J., Decocq G., Hirel B., Catterou M., Spicher F., Dubois F., Duclercq J., Tetu T.",Cover crops prevent the deleterious effect of nitrogen fertilisation on bacterial diversity by maintaining the carbon content of ploughed soil,10.1016/j.geoderma.2016.06.035
199,Scopus or WoS,FALSE,Unsuitable context,2016,"Albrecht H., Cambecèdes J., Lang M., Wagner M.",Management options for the conservation of rare arable plants in Europe,10.1080/23818107.2016.1237886
200,Scopus or WoS,FALSE,Unsuitable outcomes,2015,"Franco J.G., King S.R., Masabni J.G., Volder A.",Plant functional diversity improves short-term yields in a low-input intercropping system,10.1016/j.agee.2015.01.018
201,Scopus or WoS,FALSE,Missing data,2013,"Young B.G., Gibson D.J., Gage K.L., Matthews J.L., Jordan D.L., Owen M.D.K., Shaw D.R., Weller S.C., Wilson R.G.",Agricultural weeds in glyphosate-resistant cropping systems in the United States,10.1614/WS-D-12-00001.1
202,Scopus or WoS,FALSE,Unsuitable population,2011,"Pandey A., Bisht I.S., Bhat K.V., Mehta P.S.",Role of informal seed system in promoting landrace diversity and their on-farm conservation: A case study of rice in Indian Himalayas,10.1007/s10722-010-9654-5
203,Scopus or WoS,FALSE,Unsuitable population,2015,"Meyer S., Bergmeier E., Becker T., Wesche K., Krause B., Leuschner C.",Detecting long-term losses at the plant community level - arable fields in Germany revisited,10.1111/avsc.12168
204,Scopus or WoS,TRUE,NA,2013,"Negrete-Yankelevich S., Maldonado-Mendoza I.E., Lázaro-Castellanos J.O., Sangabriel-Conde W., Martínez-Álvarez J.C.",Arbuscular mycorrhizal root colonization and soil P availability are positively related to agrodiversity in Mexican maize polycultures,10.1007/s00374-012-0710-5
205,Scopus or WoS,FALSE,Unsuitable population,2011,"Bayala J., Kindt R., Belem M., Kalinganire A.",Factors affecting the dynamics of tree diversity in agroforestry parklands of cereal and cotton farming systems in Burkina Faso,10.1007/s11056-010-9222-z
206,Scopus or WoS,TRUE,NA,2017,"de Pontes J.S., Oehl F., Pereira C.D., de Toledo Machado C.T., Coyne D., da Silva D.K.A., Maia L.C.",Diversity of arbuscular mycorrhizal fungi in the Brazilian's Cerrado and in soybean under conservation and conventional tillage,10.1016/j.apsoil.2017.04.023
207,Scopus or WoS,FALSE,Unsuitable population,2017,"Larsen A.E., Noack F.","Identifying the landscape drivers of agricultural insecticide use leveraging evidence from 100,000 fields",10.1073/pnas.1620674114
208,Scopus or WoS,FALSE,Missing data,2017,"Pontes J.S., Oehl F., Marinho F., Coyne D., Silva D.K.A.D., Yano-Melo A.M., Maia L.C.",Diversity of arbuscular mycorrhizal fungi in Brazil's Caatinga and experimental agroecosystems,10.1111/btp.12436
209,Scopus or WoS,FALSE,Unsuitable outcomes,2016,"Fan Z., An T., Wu K., Zhou F., Zi S., Yang Y., Xue G., Wu B.",Effects of intercropping of maize and potato on sloping land on the water balance and surface runoff,10.1016/j.agwat.2015.12.006
210,Scopus or WoS,FALSE,Unsuitable outcomes,2015,"Mézière D., Colbach N., Dessaint F., Granger S.",Which cropping systems to reconcile weed-related biodiversity and crop production in arable crops? An approach with simulation-based indicators,10.1016/j.eja.2015.04.004
211,Scopus or WoS,FALSE,Unsuitable intervention,2016,"Mueller A.L., Dauber J.","Hoverflies (Diptera: Syrphidae) benefit from a cultivation of the bioenergy crop Silphium perfoliatum L. (Asteraceae) depending on larval feeding type, landscape composition and crop management",10.1111/afe.12175
212,Scopus or WoS,FALSE,Unsuitable intervention,2016,"Kammerer M.A., Biddinger D.J., Rajotte E.G., Mortensen D.A.",Local Plant diversity across multiple habitats supports a diverse wild bee community in Pennsylvania apple orchards,10.1093/ee/nvv147
213,Scopus or WoS,FALSE,Unsuitable outcomes,2017,"Haggar J., Soto G., Casanoves F., Virginio E.D.M.",Environmental-economic benefits and trade-offs on sustainably certified coffee farms,10.1016/j.ecolind.2017.04.023
214,Scopus or WoS,FALSE,Unsuitable population,2015,"Cardozo E.G., Muchavisoy H.M., Silva H.R., Zelarayán M.L.C., Leite M.F.A., Rousseau G.X., Gehring C.",Species richness increases income in agroforestry systems of eastern Amazonia,10.1007/s10457-015-9823-9
215,Scopus or WoS,FALSE,Unsuitable population,2015,"Botha M., Siebert S.J., van den Berg J., Maliba B.G., Ellis S.M.",Plant and arthropod diversity patterns of maize agro-ecosystems in two grassy biomes of South Africa,10.1007/s10531-015-0901-0
216,Scopus or WoS,FALSE,Unsuitable outcomes,2015,"Schwartz L.M., Gibson D.J., Gage K.L., Matthews J.L., Jordan D.L., Owen M.D.K., Shaw D.R., Weller S.C., Wilson R.G., Young B.G.",Seedbank and Field Emergence of Weeds in Glyphosate-Resistant Cropping Systems in the United States,10.1614/WS-D-14-00089.1
217,Scopus or WoS,FALSE,Unsuitable population,2013,"Skórka P., Lenda M., Moron D., Tryjanowski P.",New methods of crop production and farmland birds: Effects of plastic mulches on species richness and abundance,10.1111/1365-2664.12148
218,Scopus or WoS,FALSE,Unsuitable population,2017,"Landaverde-González P., Quezada-Euán J.J.G., Theodorou P., Murray T.E., Husemann M., Ayala R., Moo-Valle H., Vandame R., Paxton R.J.",Sweat bees on hot chillies: provision of pollination services by native bees in traditional slash-and-burn agriculture in the Yucatán Peninsula of tropical Mexico,10.1111/1365-2664.12860
219,Scopus or WoS,FALSE,Unsuitable outcomes,2018,"Blaser W.J., Oppong J., Hart S.P., Landolt J., Yeboah E., Six J.",Climate-smart sustainable agriculture in low-to-intermediate shade agroforests,10.1038/s41893-018-0062-8
220,Scopus or WoS,FALSE,Unsuitable outcomes,2015,"Ribas A., Llurba R., Gouriveau F., Altimir N., Connolly J., Sebastià M.T.",Plant identity and evenness affect yield and trace gas exchanges in forage mixtures,10.1007/s11104-015-2407-7
221,Scopus or WoS,FALSE,Unsuitable context,2012,"Balemie K., Singh R.K.",Conservation of socioculturally important local crop biodiversity in the oromia region of Ethiopia: A case study,10.1007/s00267-012-9883-9
222,Scopus or WoS,FALSE,Unsuitable context,2012,"Baidu-Forson J.J., Hodgkin T., Jones M.","Introduction to special issue on agricultural biodiversity, ecosystems and environment linkages in Africa",10.1016/j.agee.2012.04.011
223,Scopus or WoS,FALSE,Unsuitable outcomes,2018,"Franco J.G., King S.R., Volder A.",Component crop physiology and water use efficiency in response to intercropping,10.1016/j.eja.2017.11.005
224,Scopus or WoS,FALSE,Unsuitable population,2017,"Coulibaly S.F.M., Coudrain V., Hedde M., Brunet N., Mary B., Recous S., Chauvat M.",Effect of different crop management practices on soil Collembola assemblages: A 4-year follow-up,10.1016/j.apsoil.2017.06.013
225,Scopus or WoS,FALSE,Unsuitable intervention,2016,"Fagúndez J., Olea P.P., Tejedo P., Mateo-Tomás P., Gómez D.",Irrigation and Maize Cultivation Erode Plant Diversity Within Crops in Mediterranean Dry Cereal Agro-Ecosystems,10.1007/s00267-016-0691-5
226,Scopus or WoS,FALSE,Unsuitable outcomes,2016,"Costanzo A., Bàrberi P.","Field scale functional agrobiodiversity in organic wheat: Effects on weed reduction, disease susceptibility and yield",10.1016/j.eja.2016.01.012
227,Scopus or WoS,FALSE,Unsuitable population,2016,"Blank P.J., Williams C.L., Sample D.W., Meehan T.D., Turner M.G.",Alternative scenarios of bioenergy crop production in an agricultural landscape and implications for bird communities,10.1890/14-1490.1/suppinfo
228,Scopus or WoS,TRUE,NA,2018,"Wan N.F., Cai Y.M., Shen Y.J., Ji X.Y., Wu X.W., Zheng X.R., Cheng W., Li J., Jiang Y.P., Chen X., Weiner J., Jiang J.X., Nie M., Ju R.T., Yuan T., Tang J.J., Tian W.-D., Zhang H., Li B.",Increasing plant diversity with border crops reduces insecticide use and increases crop yield in urban agriculture,10.7554/eLife.35103
229,Scopus or WoS,FALSE,Unsuitable population,2018,Wood S.A.,Nutritional functional trait diversity of crops in south-eastern Senegal,10.1111/1365-2664.13026
230,Scopus or WoS,TRUE,NA,2016,"Parker J.E., Crowder D.W., Eigenbrode S.D., Snyder W.E.",Trap crop diversity enhances crop yield,10.1016/j.agee.2016.08.011
231,Scopus or WoS,FALSE,Not English,2013,"Gerhards R., Dieterich M., Schumacher M.","Decrease of weed species diversity in Baden-Wuerttembergia - a comparison of vegetation surveys in 1948/49, 1975-1978 and 2011 in the area of Mehrstetten - recommendations for agriculture and nature conservation [Rückgang von Ackerunkräutern in Baden-Württemberg - ein Vergleich von vegetationskundlichen Erhebungen in den Jahren 1948/49, 1975-1978 und 2011 im Raum Mehrstetten - Empfehlungen für Landwirtschaft und Naturschutz]",10.1007/s10343-013-0306-5
232,Scopus or WoS,FALSE,Unavailable study,2011,"Tian X., Bo C., Li L., Xu D., Ning T., Han H., Tian S., Li Z.",Effects of different soil tillage systems on weed biodiversity and wheat yield in winter wheat (Triticum aestivum L.) field,NA
233,Scopus or WoS,FALSE,Unsuitable population,2018,"Jones A.D., Creed-Kanashiro H., Zimmerer K.S., De Haan S., Carrasco M., Meza K., Cruz-Garcia G.S., Tello M., Plasencia Amaya F., Marin R.M., Ganoza L.",Farm-Level Agricultural Biodiversity in the Peruvian Andes Is Associated with Greater Odds of Women Achieving a Minimally Diverse and Micronutrient Adequate Diet,10.1093/jn/nxy166
234,Scopus or WoS,FALSE,Unsuitable outcomes,2018,Kremen C.,The value of pollinator species diversity most crop-visiting species are needed to ensure high levels of crop pollination,10.1126/science.aar7614
235,Scopus or WoS,FALSE,Missing data,2018,"Punyalue A., Jamjod S., Rerkasem B.",Intercropping Maize with Legumes for Sustainable Highland Maize Production,10.1659/MRD-JOURNAL-D-17-00048.1
236,Scopus or WoS,TRUE,NA,2015,"Cunha G.G., Stenert C., Rolon A.S., Mundstock C.M., Maltchik L.",Does intensification of the rice cultivation cycle influence anuran diversity in rice fields?,10.1007/s11273-015-9413-7
237,Scopus or WoS,TRUE,NA,2014,"De Lima R.F., Viegas L., Solé N., Soares E., Dallimer M., Atkinson P.W., Barlow J.",Can management improve the value of shade plantations for the endemic species of são tomé island?,10.1111/btp.12092
238,Scopus or WoS,FALSE,Unsuitable population,2014,"Mazid A., Shideed K., Amri A.",Assessment of on-farm conservation of dryland agrobiodiversity and its impact on rural livelihoods in the Fertile Crescent,10.1017/S1742170513000240
239,Scopus or WoS,FALSE,Unsuitable context,2013,Singh A.K.,Probable agricultural biodiversity heritage sites in India: XVI. The Koraput Region,NA
240,Scopus or WoS,FALSE,Unsuitable outcomes,2019,"Nesper M., Kueffer C., Krishnan S., Kushalappa C.G., Ghazoul J.",Simplification of shade tree diversity reduces nutrient cycling resilience in coffee agroforestry,10.1111/1365-2664.13176
241,Scopus or WoS,FALSE,Unsuitable context,2018,"Gotor E., Bellon M.R., Turdieva M., Baymetov K., Nazarov P., Dorohova-Shreder E., Arzumanov V., Dzavakyants M., Abdurasulov A., Chernova G., Butkov E., Caracciolo F.",Livelihood implications of in situ-on farm conservation strategies of fruit species in Uzbekistan,10.1007/s10457-017-0069-6
242,Scopus or WoS,TRUE,NA,2018,"Brüning L.Z., Krieger M., Meneses-Pelayo E., Eisenhauer N., Ramirez Pinilla M.P., Reu B., Ernst R.",Land-use heterogeneity by small-scale agriculture promotes amphibian diversity in montane agroforestry systems of northeast Colombia,10.1016/j.agee.2018.05.011
243,Scopus or WoS,FALSE,Missing data,2018,"Chen H., Xia Q., Yang T., Shi W.",Eighteen-year farming management moderately shapes the soil microbial community structure but promotes habitat-specific taxa,10.3389/fmicb.2018.01776
244,Scopus or WoS,FALSE,Unsuitable population,2018,"Van Vooren L., Reubens B., Ampoorter E., Broekx S., Pardon P., Van Waes C., Verheyen K.",Monitoring the Impact of Hedgerows and Grass Strips on the Performance of Multiple Ecosystem Service Indicators,10.1007/s00267-018-1043-4
245,Scopus or WoS,FALSE,Unsuitable intervention,2014,"Jiang M., Shen M.X., Shen X.P., Dai Q.G.",Effect of long-term fertilization pattern on weed community diversity in wheat field,10.5846/stxb201305141056
246,Scopus or WoS,FALSE,Not English,2013,"Han X.M., Li D.D., Liang Z.A., Chen Y.F., Hu C.",Effect of agricultural land use types on soil mite communities in north China,10.5846/stxb201304080630
247,Scopus or WoS,FALSE,Unsuitable intervention,2013,"Nzegbule E.C., Onyema M.C., Ndelekwute S.C.","Plant species richness and soil nutrients in a 35-year old cashew nut plantation in Isuochi, Southern Nigeria",NA
248,Scopus or WoS,FALSE,Missing data,2019,"Duguma M.S., Feyssa D.H., Biber-Freudenberger L.","Agricultural biodiversity and ecosystem services of major farming systems: A case study in yayo coffee forest biosphere reserve, Southwestern Ethiopia",10.3390/agriculture9030048
249,Scopus or WoS,FALSE,Unsuitable context,2019,"Borines N.O.M., Borromeo T.H., Dr De Chavez H., Capistrano M.P.",Ex situ conservation of agro-biodiversity of major food legumes in the Philippines,10.1088/1755-1315/230/1/012113
250,Scopus or WoS,FALSE,Unsuitable context,2019,"He Z., Mao R., E Dong J., Liang Z., Zhang H., Liu L.",Remediation of deterioration in microbial structure in continuous pinellia ternata cropping soil by crop rotation,10.1139/cjm-2018-0409
251,Scopus or WoS,FALSE,Unsuitable context,2019,"Hirschfeld S., Van Acker R.","Permaculture farmers consistently cultivate perennials, crop diversity, landscape heterogeneity and nature conservation",10.1017/S1742170519000012
252,Scopus or WoS,FALSE,Unsuitable outcomes,2019,"Perego A., Rocca A., Cattivelli V., Tabaglio V., Fiorini A., Barbieri S., Schillaci C., Chiodini M.E., Brenna S., Acutis M.",Agro-environmental aspects of conservation agriculture compared to conventional systems: A 3-year experience on 20 farms in the Po valley (Northern Italy),10.1016/j.agsy.2018.10.008
253,Scopus or WoS,TRUE,NA,2018,"Liu J.L., Ren W., Zhao W.Z., Li F.R.",Cropping systems alter the biodiversity of ground- and soil-dwelling herbivorous and predatory arthropods in a desert agroecosystem: Implications for pest biocontrol,10.1016/j.agee.2018.07.023
254,Scopus or WoS,FALSE,Unsuitable population,2018,"Lee M.B., Goodale E.",Crop heterogeneity and non-crop vegetation can enhance avian diversity in a tropical agricultural landscape in southern China,10.1016/j.agee.2018.06.016
255,Scopus or WoS,FALSE,Unsuitable population,2018,"Silvestro L.B., Biganzoli F., Stenglein S.A., Forjan H., Manso L., Moreno M.V.",Mixed cropping regimes promote the soil fungal community under zero tillage,10.1007/s10482-017-1005-5
256,Scopus or WoS,FALSE,Unsuitable outcomes,2018,"Pustkowiak S., Banaszak-Cibicka W., Mielczarek L.E., Tryjanowski P., Skórka P.",The association of windmills with conservation of pollinating insects and wild plants in homogeneous farmland of western Poland,10.1007/s11356-017-0864-7
257,Scopus or WoS,FALSE,Unsuitable population,2017,"Botha M., Siebert S.J., Van den Berg J., Ellis S.M., Dreber N.",Plant functional types differ between the grassland and savanna biomes along an agro-ecosystem disturbance gradient in South Africa,10.1016/j.sajb.2017.09.008
258,Scopus or WoS,FALSE,Unsuitable context,2017,"Sanoussi A.F., Dansi A., Orobiyi A., Gbaguidi A., Agre A.P., Dossou-Aminon I., Sanni A.","Ethnobotany, landraces diversity and potential vitamin A rich cultivars of sweet potato (Ipomoea batatas (L.] Lam.) in southern and central Benin",10.1007/s10722-016-0447-3
259,Scopus or WoS,FALSE,Unsuitable population,2017,"Saha N., Roy S.S., Biswas S., Datta S.",Adaptive soil management: A tool for plant fitness in stressful environment through microbial integrity,10.1007/978-981-10-3638-5_14
260,Scopus or WoS,TRUE,NA,2011,"Rossi E., Montagnini F., de Melo Virginio Filho E.",Effects of management practices on coffee productivity and herbaceous species diversity in agroforestry systems in Costa Rica,NA
261,Previous meta-analysis,FALSE,Unsuitable context,2016,"Craven D., Isbell F., Manning P., Connolly J., Bruelheide H., Ebeling A., Roscher C., van Ruijven J., Weigelt A., Wilsey B., Beierkuhnlein C., de Luca E., Griffin J.N., Hautier Y., Hector A., Jentsch A., Kreyling J., Lanta V., Loreau M., Meyer S.T., Mori A.S., Naeem S., Palmborg C., Wayne Polley H., Reich P.B., Schmid B., Siebenkäs A., Seabloom E., Thakur M.P., Tilman D., Vogel A., Eisenhauer N.",Plant diversity effects on grassland productivity are robust to both nutrient enrichment and drought,10.1098/rstb.2015.0277
262,Previous meta-analysis,FALSE,Unsuitable intervention,2013,"Isbell F., Reich P.B., Tilman D., Hobbie S.E., Polasky S., Binder S.","Nutrient enrichment, biodiversity loss, and consequent declines in ecosystem productivity",10.1073/pnas.1310880110
263,Previous meta-analysis,FALSE,Unsuitable population,2011,"Jentsch A., Kreyling J., Elmer M., Gellesch E., Glaser B., Grant K., Hein R., Lara M., Mirzae H., Nadler S.E., Nagy L., Otieno D., Pritsch K., Rascher U., Schädler M., Schloter M., Singh B.K., Stadler J., Walter J., Wellstein C., Wöllecke J., Beierkuhnlein C.",Climate extremes initiate ecosystem-regulating functions while maintaining productivity,10.1111/j.1365-2745.2011.01817.x
264,Previous meta-analysis,FALSE,Unsuitable outcomes,2003,Fridley J.D.,Diversity effects on production in different light and fertility environments: An experiment with communities of annual plants,10.1046/j.1365-2745.2003.00775.x
265,Previous meta-analysis,FALSE,Unsuitable outcomes,2009,"Weigelt A., Weisser W.W., Buchmann N., Scherer-Lorenzen M.",Biodiversity for multifunctional grasslands: Equal productivity in high-diversity low-input and low-diversity high-input systems,10.5194/bg-6-1695-2009
266,Previous meta-analysis,FALSE,Unsuitable outcomes,2012,"Lanta V., Doležal J., Zemková L., Lepš J.",Communities of different plant diversity respond similarly to drought stress: Experimental evidence from field non-weeded and greenhouse conditions,10.1007/s00114-012-0922-4
267,Previous meta-analysis,FALSE,Unsuitable outcomes,2012,"Vogel A., Scherer-Lorenzen M., Weigelt A.",Grassland resistance and resilience after drought depends on management intensity and species richness,10.1371/journal.pone.0036992
268,Previous meta-analysis,FALSE,Unsuitable intervention,2007,"Lanta V., Lepš J.",Effects of species and functional group richness on production in two fertility environments: an experiment with communities of perennial plants,10.1016/j.actao.2007.03.007
269,Previous meta-analysis,FALSE,Unsuitable population,2011,"Wilsey B.J., Daneshgar P.P., Polley H.W.","Biodiversity, phenology and temporal niche differences between native- and novel exotic-dominated grasslands",10.1016/j.ppees.2011.07.002
270,Previous meta-analysis,FALSE,Unsuitable outcomes,2002,"Pfisterer A.B., Schmid B.",Diversity-dependent production can decrease the stability of ecosystem functioning,10.1038/416084a
271,Previous meta-analysis,FALSE,Unsuitable outcomes,2008,"Rixen C., Huovinen C., Huovinen K., Stöckli V., Schmid B.",A plant diversity×water chemistry experiment in subalpine grassland,10.1016/j.ppees.2007.09.003
272,Previous meta-analysis,FALSE,Unsuitable outcomes,2009,"Wacker L., Baudois O., Eichenberger-Glinz S., Schmid B.",Diversity effects in early- and mid-successional species pools along a nitrogen gradient,10.1890/07-1946.1
273,Previous meta-analysis,FALSE,Unsuitable context,2016,"Torralba M., Fagerholm N., Burgess P.J., Moreno G., Plieninger T.",Do European agroforestry systems enhance biodiversity and ecosystem services? A meta-analysis,10.1016/j.agee.2016.06.002
274,Previous meta-analysis,TRUE,NA,2013,"Ekroos J., Kuussaari M., Tiainen J., Heliölä J., Seimola T., Helenius J.","Correlations in species richness between taxa depend on habitat, scale and landscape context",10.1016/j.ecolind.2013.06.015
275,Previous meta-analysis,TRUE,NA,2012,"Merckx T., Marini L., Feber R.E., MacDonald D.W.",Hedgerow trees and extended-width field margins enhance macro-moth diversity: Implications for management,10.1111/j.1365-2664.2012.02211.x
276,Previous meta-analysis,FALSE,Unsuitable outcomes,2007,"Moreno Marcos G., Obrador J.J., García E., Cubera E., Montero M.J., Pulido F., Dupraz C.",Driving competitive and facilitative interactions in oak dehesas through management practices,10.1007/s10457-007-9036-y
277,Previous meta-analysis,FALSE,Unsuitable intervention,2014,"Stockan J.A., Baird J., Langan S.J., Young M.R., Iason G.R.","Effects of riparian buffer strips on ground beetles (Coleoptera, Carabidae) within an agricultural landscape",10.1111/icad.12043
278,Previous meta-analysis,FALSE,Unsuitable intervention,2006,"Taboada A., Kotze D.J., Tárrega R., Salgado J.M.",Traditional forest management: Do carabid beetles respond to human-created vegetation structures in an oak mosaic landscape?,10.1016/j.foreco.2006.09.077
279,Previous meta-analysis,FALSE,Missing data,2008,"Ahnström J., Berg Å., Söderlund H.",Birds on farmsteads - Effects of landscape and farming characteristics,NA
280,Previous meta-analysis,TRUE,NA,2003,"Akbulut S., Keten A., Stamps W.T.","Effect of alley cropping on crops and arthropod diversity in Duzce, Turkey",10.1046/j.1439-037X.2003.00042.x
281,Previous meta-analysis,FALSE,Unsuitable intervention,2010,"Aragón G., López R., Martínez I.",Effects of Mediterranean dehesa management on epiphytic lichens,10.1016/j.scitotenv.2010.09.034
282,Previous meta-analysis,FALSE,Unsuitable comparator,2005,"Aviron S., Burel F., Baudry J., Schermann N.","Carabid assemblages in agricultural landscapes: Impacts of habitat features, landscape context at different spatial scales and farming intensity",10.1016/j.agee.2005.02.004
283,Previous meta-analysis,FALSE,Unsuitable population,2010,"Barriga J.C., Lassaletta L., Moreno A.G.",Ground-living spider assemblages from Mediterranean habitats under different management conditions,10.1636/P09-40.1
284,Previous meta-analysis,FALSE,Unsuitable intervention,2007,"Batáry P., Orci K.M., Báldi A., Kleijn D., Kisbenedek T., Erdos S.",Effects of local and landscape scale and cattle grazing intensity on Orthoptera assemblages of the Hungarian Great Plain,10.1016/j.baae.2006.03.012
285,Previous meta-analysis,FALSE,Unsuitable intervention,2002,Berg Å.,Composition and diversity of bird communities in swedish farmland–forest mosaic landscapes: The amount of forest (at local and landscape scales and occurrence of residual habitats at the local scale are shown to be the major factors influencing bird community composition in farmland–forest landscapes in central sweden,10.1080/00063650209461260
286,Previous meta-analysis,FALSE,Unsuitable outcomes,2012,"Chiti T., Gardin L., Perugini L., Quaratino R., Vaccari F.P., Miglietta F., Valentini R.",Soil organic carbon stock assessment for the different cropland land uses in Italy,10.1007/s00374-011-0599-4
287,Previous meta-analysis,TRUE,NA,2010,"Giordani P., Incerti G., Rizzi G., Ginaldi F., Viglione S., Rellini I., Brunialti G., Malaspina P., Modenesi P.",Land use intensity drives the local variation of lichen diversity in Mediterranean ecosystems sensitive to desertification,NA
288,Previous meta-analysis,FALSE,Unsuitable outcomes,2011,"Howlett D.S., Mosquera-Losada M.R., Nair P.R.R., Nair V.D., Rigueiro-Rodríguez A.",Soil carbon storage in silvopastoral systems and a treeless pasture in northwestern Spain,10.2134/jeq2010.0145
289,Previous meta-analysis,FALSE,Unsuitable outcomes,2011,"López-Díaz M.L., Rolo V., Moreno G.","Trees' role in nitrogen leaching after organic, mineral fertilization: A greenhouse experiment",10.2134/jeq2010.0165
290,Previous meta-analysis,TRUE,NA,2014,"Pereira P., Godinho C., Gomes M., Rabaça J.E.",The importance of the surroundings: Are bird communities of riparian galleries influenced by agroforestry matrices in SW Iberian Peninsula?,10.1007/s13595-012-0228-x
291,Previous meta-analysis,FALSE,Unsuitable outcomes,2012,"Rolo V., López-Díaz M.L., Moreno G.",Shrubs affect soil nutrients availability with contrasting consequences for pasture understory and tree overstory production and nutrient status in Mediterranean grazed open woodlands,10.1007/s10705-012-9502-4
292,Previous meta-analysis,FALSE,Unsuitable outcomes,2013,"Seddaiu G., Porcu G., Ledda L., Roggero P.P., Agnelli A., Corti G.",Soil organic matter content and composition as influenced by soil management in a semi-arid Mediterranean agro-silvo-pastoral system,10.1016/j.agee.2013.01.002
293,Previous meta-analysis,FALSE,Unsuitable outcomes,2014,"Shvaleva A., Costa e Silva F., Costa J.M., Correia A., Anderson M., Lobo-do-Vale R., Fangueiro D., Bicho C., Pereira J.S., Chaves M.M., Skiba U., Cruz C.","Comparison of methane, nitrous oxide fluxes and CO2 respiration rates from a Mediterranean cork oak ecosystem and improved pasture",10.1007/s11104-013-1923-6
294,Previous meta-analysis,FALSE,Unsuitable outcomes,2002,"Silva-Pando F.J., González-Hernández M.P., Rozados-Lorenzo M.J.",Pasture production in a silvopastoral system in relation with microclimate variables in the atlantic coast of Spain,10.1023/A:1021359817311
295,Previous meta-analysis,TRUE,NA,2004,"Verhulst J., Báldi A., Kleijn D.",Relationship between land-use intensity and species richness and abundance of birds in Hungary,10.1016/j.agee.2004.01.043
296,Previous meta-analysis,FALSE,Unsuitable context,2018,"Winter S., Bauer T., Strauss P., Kratschmer S., Paredes D., Popescu D., Landa B., Guzmán G., Gómez J.A., Guernion M., Zaller J.G., Batáry P.",Effects of vegetation management intensity on biodiversity and ecosystem services in vineyards: A meta-analysis,10.1111/1365-2664.13124
297,Previous meta-analysis,FALSE,Unsuitable context,2011,"Adams, K. E.","Influence of Vineyard Floor Management Practices on Soil Aggregate Stability , Total Soil Carbon and Grapevine Yield",10.15368/theses.2011.170
298,Previous meta-analysis,FALSE,Unsuitable outcomes,2012,"Amaral H.F., Sena J.O.A., Andrade D.S., Jácome A.G., Caldas R.G.","Carbon and soil microbial respiration in soil from conventional, organic vineyards and comparison with an adjacent forest",10.5433/1679-0359.2012v33n2p437
299,Previous meta-analysis,TRUE,NA,2012,"Barrio I.C., Villafuerte R., Tortosa F.S.",Can cover crops reduce rabbit-induced damages in vineyards in southern Spain?,10.2981/10-110
300,Previous meta-analysis,FALSE,Unsuitable outcomes,2017,"Barroso J.M., Pombeiro L., Rato A.E.","Impacts of crop level, soil and irrigation management in grape berries of cv ‘Trincadeira’ (Vitis vinifera L.)",10.1080/09571264.2016.1238350
301,Previous meta-analysis,FALSE,Unsuitable population,2011,"Bartoli F., Dousset S.",Impact of organic inputs on wettability characteristics and structural stability in silty vineyard topsoil,10.1111/j.1365-2389.2010.01337.x
302,Previous meta-analysis,FALSE,Missing data,2005,"Baumgartner K., Smith R.F., Bettiga L.",Weed control and cover crop management affect mycorrhizal colonization of grapevine roots and arbuscular mycorrhizal fungal spore populations in a California vineyard,10.1007/s00572-004-0309-2
303,Previous meta-analysis,FALSE,Unsuitable population,2016,"Belmonte S.A., Celi L., Stanchi S., Said-Pullicino D., Zanini E., Bonifacio E.",Effects of permanent grass versus tillage on aggregation and organic matter dynamics in a poorly developed vineyard soil,10.1071/SR15277
304,Previous meta-analysis,FALSE,Unsuitable population,2009,"Blavet D., De Noni G., Le Bissonnais Y., Leonard M., Maillo L., Laurent J.Y., Asseline J., Leprun J.C., Arshad M.A., Roose E.",Effect of land use and management on the early stages of soil water erosion in French Mediterranean vineyards,10.1016/j.still.2009.04.010
305,Previous meta-analysis,FALSE,Not English,2010,"Botton M., de Melo G.W.B., de Oliveira O.L.P., Onzi I.",Effect of cover crops on brazilian ground pearl (Hemiptera: Margarodidae) in vineyards [Efeito da cobertura vegetal sobre a pérola-da-terra (Hemiptera: Margarodidae) na cultura da videira],10.4025/actasciagron.v32i4.4773
306,Previous meta-analysis,FALSE,Unsuitable intervention,2016,"Bouffaud M.L., Bernaud E., Colombet A., Van Tuinen D., Wipf D., Redecker D.",Regional-scale analysis of arbuscular mycorrhizal fungi: The case of Burgundy vineyards,10.20870/oeno-one.2016.50.1.49
307,Previous meta-analysis,FALSE,Unsuitable intervention,2010,"Brittain C., Bommarco R., Vighi M., Settele J., Potts S.G.",Organic farming in isolated landscapes does not benefit flower-visiting insects and pollination,10.1016/j.biocon.2010.04.029
308,Previous meta-analysis,FALSE,Unsuitable intervention,2010,"Bruggisser O.T., Schmidt-Entling M.H., Bacher S.",Effects of vineyard management on biodiversity at three trophic levels,10.1016/j.biocon.2010.03.034
309,Previous meta-analysis,TRUE,NA,2015,"Burns K.N., Kluepfel D.A., Strauss S.L., Bokulich N.A., Cantu D., Steenwerth K.L.",Vineyard soil bacterial diversity and composition revealed by 16S rRNA genes: Differentiation by geographic features,10.1016/j.soilbio.2015.09.002
310,Previous meta-analysis,FALSE,Unsuitable intervention,2015,"Caprio E., Nervo B., Isaia M., Allegro G., Rolando A.",Organic versus conventional systems in viticulture: Comparative effects on spiders and carabids in vineyards and adjacent forests,10.1016/j.agsy.2015.02.009
311,Previous meta-analysis,FALSE,Unsuitable intervention,2012,"Coll P., Le Cadre E., Villenave C.",How are nematode communities affected during a conversion from conventional to organic farming in southern French vineyards?,10.1163/156854112X624195
312,Previous meta-analysis,FALSE,Unsuitable intervention,2011,"Coll P., Le Cadre E., Blanchart E., Hinsinger P., Villenave C.",Organic viticulture and soil quality: A long-term study in Southern France,10.1016/j.apsoil.2011.07.013
313,Previous meta-analysis,FALSE,Unsuitable population,2010,Costello M.J.,"Grapevine and soil water relations with nodding needlegrass (Nassella cernua), a California native grass, as a cover crop",NA
314,Previous meta-analysis,TRUE,NA,1998,"Costello M.J., Daane K.M.",Influence of ground cover on spider populations in a table grape vineyard,10.1046/j.1365-2311.1998.00108.x
315,Previous meta-analysis,TRUE,NA,2003,"Costello M.J., Daane K.M.",Spider and Leafhopper (Erythroneura spp.) Response to Vineyard Ground Cover,10.1603/0046-225X-32.5.1085
316,Previous meta-analysis,TRUE,NA,1998,"Daane K. M., Costello M. J.",Can cover crops reduce leafhopper abundance in vineyards?,10.3733/ca.v052n05p27
317,Previous meta-analysis,FALSE,Unsuitable intervention,2010,"Danne A., Thomson L.J., Sharley D.J., Penfold C.M., Hoffmann A.A.",Effects of native grass cover crops on beneficial and pest invertebrates in Australian vineyards,10.1603/EN09144
318,Previous meta-analysis,TRUE,NA,2003,"English-Loeb G., Rhainds M., Martinson T., Ugine T.",Influence of flowering cover crops on Anagrus parasitoids (Hymenoptera: Mymaridae) and Erythroneura leafhoppers (Homoptera: Cicadellidae) in New York vineyards,10.1046/j.1461-9563.2003.00179.x
319,Previous meta-analysis,TRUE,NA,1992,"Favretto M.R., Paoletti M.G., Caporali F., Nannipieri P., Onnis A., Tomei P.E.",Invertebrates and nutrients in a Mediterranean vineyard mulched with subterranean clover (Trifolium subterraneum L.),10.1007/BF00346055
320,Previous meta-analysis,FALSE,Unsuitable intervention,2014,"Gaigher R., Samways M.J.",Landscape mosaic attributes for maintaining groundliving spider diversity in a biodiversity hotspot,10.1111/icad.12070
321,Previous meta-analysis,FALSE,Unsuitable outcomes,2017,"García-Díaz A., Bienes R., Sastre B., Novara A., Gristina L., Cerdà A.",Nitrogen losses in vineyards under different types of soil groundcover. A field runoff simulator approach in central Spain,10.1016/j.agee.2016.12.013
322,Previous meta-analysis,FALSE,Unsuitable outcomes,2014,"Giese G., Velasco-Cruz C., Roberts L., Heitman J., Wolf T.K.",Complete vineyard floor cover crops favorably limit grapevine vegetative growth,10.1016/j.scienta.2014.03.011
323,Previous meta-analysis,FALSE,Unsuitable outcomes,2011,"Gómez J.A., Llewellyn C., Basch G., Sutton P.B., Dyson J.S., Jones C.A.",The effects of cover crops and conventional tillage on soil and runoff loss in vineyards and olive groves in several Mediterranean countries,10.1111/j.1475-2743.2011.00367.x
324,Previous meta-analysis,TRUE,NA,2003,"Hanna R., Zalom F.G., Roltsch W.J.",Relative impact of spider predation and cover crop on population dynamics of Erythroneura variabilis in a raisin grape vineyard,10.1046/j.1570-7458.2003.00051.x
325,Previous meta-analysis,FALSE,Unsuitable outcomes,2005,"Ingels C.A., Scow K.M., Whisson D.A., Drenovsky R.E.","Effects of cover crops on grapevines, yield, juice composition, soil microbial ecology, and gopher activity",NA
326,Previous meta-analysis,TRUE,NA,2016,"Irvin N.A., Bistline-East A., Hoddle M.S.","The effect of an irrigated buckwheat cover crop on grape vine productivity, and beneficial insect and grape pest abundance in southern California",10.1016/j.biocontrol.2015.11.009
327,Previous meta-analysis,FALSE,Missing data,2006,"Isaia M., Bona F., Badino G.",Influence of landscape diversity and agricultural practices on spider assemblage in Italian vineyards of Langa Astigiana (Northwest Italy),10.1603/0046-225X-35.2.297
328,Previous meta-analysis,TRUE,NA,2015,"James D.G., Seymour L., Lauby G., Buckley K.","Beauty with benefits: butterfly conservation in Washington State, USA, wine grape vineyards",10.1007/s10841-015-9761-x
329,Previous meta-analysis,TRUE,NA,2012,"Kehinde T., Samways M.J.",Endemic pollinator response to organic vs. conventional farming and landscape context in the Cape Floristic Region biodiversity hotspot,10.1016/j.agee.2011.10.020
330,Previous meta-analysis,TRUE,NA,2014,"Kehinde T., Samways M.J.",Insect-flower interactions: Network structure in organic versus conventional vineyards,10.1111/acv.12118
331,Previous meta-analysis,TRUE,NA,2014,"Kehinde T., Samways M.J.",Management defines species turnover of bees and flowering plants in vineyards,10.1111/afe.12038
332,Previous meta-analysis,FALSE,Unsuitable comparator,2005,"King A.P., Berry A.M.","Vineyard d15N, nitrogen and water status in perennial clover and bunch grass cover crop systems of California's central valley",10.1016/j.agee.2005.03.002
333,Previous meta-analysis,FALSE,Unsuitable outcomes,2014,Klymenko N.,Sodding between rows and microbial preparations in the environmentally secure production of grapes,NA
334,Previous meta-analysis,FALSE,Unsuitable population,2013,"Lee J., Steenwerth K.L.",Cabernet Sauvignon' grape anthocyanin increased by soil conservation practices,10.1016/j.scienta.2013.05.025
335,Previous meta-analysis,FALSE,Unsuitable outcomes,2010,"Marques M.J., García-Muñoz S., Muñoz-Organero G., Bienes R.","Soil conservation beneath grass cover in hillside vineyards under mediterranean climatic conditions (MADRID, SPAIN)",10.1002/ldr.915
336,Previous meta-analysis,FALSE,Unsuitable outcomes,2014,"Mercenaro L., Nieddu G., Pulina P., Porqueddu C.",Sustainable management of an intercropped Mediterranean vineyard,10.1016/j.agee.2014.04.005
337,Previous meta-analysis,FALSE,Unsuitable outcomes,2017,"Muscas E., Cocco A., Mercenaro L., Cabras M., Lentini A., Porqueddu C., Nieddu G.","Effects of vineyard floor cover crops on grapevine vigor, yield, and fruit quality, and the development of the vine mealybug under a Mediterranean climate",10.1016/j.agee.2016.12.035
338,Previous meta-analysis,FALSE,Unsuitable comparator,2012,"Nascimbene J., Marini L., Paoletti M.G.",Organic farming benefits local plant diversity in vineyard farms located in intensive agricultural landscapes,10.1007/s00267-012-9834-5
339,Previous meta-analysis,FALSE,Unsuitable population,2011,"Novara A., Gristina L., Saladino S.S., Santoro A., Cerdà A.",Soil erosion assessment on tillage and alternative soil managements in a Sicilian vineyard,10.1016/j.still.2011.09.007
340,Previous meta-analysis,FALSE,Unsuitable outcomes,2016,"Okur N., Kayikcioglu H.H., Ates F., Yagmur B.",A comparison of soil quality and yield parameters under organic and conventional vineyard systems in Mediterranean conditions (West Turkey),10.1080/01448765.2015.1033645
341,Previous meta-analysis,FALSE,Unsuitable outcomes,2010,"Ovalle C., del Pozo A., Peoples M.B., Lavín A.",Estimating the contribution of nitrogen from legume cover crops to the nitrogen nutrition of grapevines using a 15N dilution technique,10.1007/s11104-010-0379-1
342,Previous meta-analysis,FALSE,Unsuitable outcomes,2015,"Pérez-Álvarez E.P., García-Escudero E., Peregrina F.","Soil nutrient availability under Cover Crops: Effects on vines, must, and wine in a Tempranillo Vineyard",10.5344/ajev.2015.14092
343,Previous meta-analysis,FALSE,Unsuitable outcomes,2013,"Pérez-Álvarez E.P., Pérez-Sotés J.L., García-Escudero E., Peregrina F.","Cover Crop Short-Term Effects on Soil NO3--N Availability, Nitrogen Nutritional Status, Yield, and Must Quality in a Calcareous Vineyard of the AOC Rioja, Spain",10.1080/00103624.2013.748122
344,Previous meta-analysis,TRUE,NA,1998,"Paoletti M.G., Sommaggio D., Favretto M.R., Petruzzelli G., Pezzarossa B., Barbafieri M.",Earthworms as useful bioindicators of agroecosystem sustainability in orchards and vineyards with different inputs,10.1016/S0929-1393(98)00036-5
345,Previous meta-analysis,FALSE,Unsuitable population,2012,"Peregrina F., Pérez-Álvarez E.P., Colina M., García-Escudero E.",Cover crops and tillage influence soil organic matter and nitrogen availability in a semi-arid vineyard,10.1080/03650340.2011.648182
346,Previous meta-analysis,FALSE,Unsuitable outcomes,2011,"Pou A., Gulías J., Moreno M., Tomás M., Medrano H., Cifre J.","Cover cropping in Vitis vinifera L. cv. Manto Negro vineyards under Mediterranean conditions: Effects on plant vigour, yield and grape quality",NA
347,Previous meta-analysis,FALSE,Unsuitable intervention,2008,"Probst B., Schüler C., Joergensen R.G.",Vineyard soils under organic and conventional management - Microbial biomass and activity indices and their relation to soil chemical properties,10.1007/s00374-007-0225-7
348,Previous meta-analysis,FALSE,Unsuitable outcomes,2016,"Reeve A.L., Skinkis P.A., Vance A.J., Lee J., Tarara J.M.",Vineyard floor management influences ‘pinot noir’ vine growth and productivity more than cluster thinning,10.21273/HORTSCI10998-16
349,Previous meta-analysis,FALSE,Unsuitable outcomes,2008,"Reinecke A.J., Albertus R.M.C., Reinecke S.A., Larink O.",The effects of organic and conventional management practices on feeding activity of soil organisms in vineyards,10.3377/1562-7020(2008)43[66:TEOOAC]2.0.CO;2
350,Previous meta-analysis,FALSE,Unsuitable population,2000,"Rodriguez-Lovelle B., Soyer J.P., Molot C.",Nitrogen availability in vineyard soils according to soil management practices. effects on vine,NA
351,Previous meta-analysis,FALSE,Unsuitable outcomes,2011,"Ruiz-Colmenero M., Bienes R., Marques M.J.",Soil and water conservation dilemmas associated with the use of green cover in steep vineyards,10.1016/j.still.2011.10.004
352,Previous meta-analysis,FALSE,Unsuitable population,2013,"Ruiz-Colmenero M., Bienes R., Eldridge D.J., Marques M.J.",Vegetation cover reduces erosion and enhances soil organic carbon in a vineyard in the central Spain,10.1016/j.catena.2012.11.007
353,Previous meta-analysis,TRUE,NA,2017,"Rusch A., Delbac L., Thiéry D.",Grape moth density in Bordeaux vineyards depends on local habitat management despite effects of landscape heterogeneity on their biological control,10.1111/1365-2664.12858
354,Previous meta-analysis,FALSE,Missing data,2016,"Salomé C., Coll P., Lardo E., Metay A., Villenave C., Marsden C., Blanchart E., Hinsinger P., Le Cadre E.",The soil quality concept as a framework to assess management practices in vulnerable agroecosystems: A case study in Mediterranean vineyards,10.1016/j.ecolind.2015.09.047
355,Previous meta-analysis,TRUE,NA,2008,"Sharley D.J., Hoffmann A.A., Thomson L.J.",The effects of soil tillage on beneficial invertebrates within the vineyard,10.1111/j.1461-9563.2008.00376.x
356,Previous meta-analysis,TRUE,NA,2008,"Smith R., Bettiga L., Cahn M., Baumgartner K., Jackson L.E., Bensen T.","Vineyard floor management affects soil, plant nutrition, and grape yield and quality",10.3733/ca.v062n04p184
357,Previous meta-analysis,FALSE,Unsuitable population,2013,"Steenwerth K.L., McElrone A.J., Calderón-Orellana A., Hanifin R.C., Storm C., Collatz W., Manuck C.",Cover crops and tillage in a mature Merlot vineyard show few effects on grapevines,10.5344/ajev.2013.12119
358,Previous meta-analysis,FALSE,Unsuitable population,2010,"Sweet R.M., Schreiner R.P.",Alleyway cover crops have little infuence on pinot noir grapevines (Vitis vinifera L.) in two western Oregon vineyards,NA
359,Previous meta-analysis,FALSE,Unsuitable outcomes,2015,"Trigo-Córdoba E., Bouzas-Cid Y., Orriols-Fernández I., Díaz-Losada E., Mirás-Avalos J.M.",Influence of cover crop treatments on the performance of a vineyard in a humid region,10.5424/sjar/2015134-8265
360,Previous meta-analysis,FALSE,Duplicate,2004,"Verhulst J., Báldi A., Kleijn D.",Relationship between land-use intensity and species richness and abundance of birds in Hungary,10.1016/j.agee.2004.01.043
361,Previous meta-analysis,TRUE,NA,2012,"Virto I., Imaz M.J., Fernández-Ugalde O., Urrutia I., Enrique A., Bescansa P.","Soil quality evaluation following the implementation of permanent cover crops in semi-arid vineyards. Organic matter, physical and biological soil properties [Evaluación de la calidad del suelo tras la implantación de cubiertas permanentes en viñedos de zonas semiáridas. materia orgánica y propiedades físicas y biológicas del suelo]",10.5424/sjar/2012104-613-11
362,Previous meta-analysis,FALSE,Unsuitable outcomes,2010,Costello M.J.,Growth and yield of cultivated grape with native perennial grasses nodding needlegrass or California barley as cover crops,NA
363,Previous meta-analysis,FALSE,Unsuitable outcomes,2008,"Steenwerth K., Belina K.M.",Cover crops and cultivation: Impacts on soil N dynamics and microbiological function in a Mediterranean vineyard agroecosystem,10.1016/j.apsoil.2008.06.004
364,Previous meta-analysis,FALSE,Unsuitable population,2005,"Celette F., Wery J., Chantelot E., Celette J., Gary C.",Belowground interactions in a vine (Vitis vinifera L.)-tall fescue (Festuca arundinacea Shreb.) intercropping system: Water relations and growth,10.1007/s11104-005-4415-5
365,Stakeholder recommendation,TRUE,NA,2002,"Stamps W.T., Woods T.W., Linit M.J., Garrett H.E.","Arthropod diversity in alley cropped black walnut (Juglans nigra L.) stands in eastern Missouri, USA",10.1023/A:1021319628004
366,Scopus or WoS,FALSE,Unsuitable outcomes,2019,"Degani E., Leigh S.G., Barber H.M., Jones H.E., Lukac M., Sutton P., Potts S.G.",Crop rotations in a climate change scenario: short-term effects of crop diversity on resilience and ecosystem service provision under drought,10.1016/j.agee.2019.106625
367,Scopus or WoS,FALSE,Unsuitable outcomes,2019,"Jezeer R.E., Santos M.J., Verweij P.A., Boot R.G.A., Clough Y.",Benefits for multiple ecosystem services in Peruvian coffee agroforestry systems without reducing yield,10.1016/j.ecoser.2019.101033
368,Scopus or WoS,TRUE,NA,2019,"Feledyn-Szewczyk B., Radzikowski P., Stalenga J., Matyka M.",Comparison of the effect of perennial energy crops and arable crops on earthworm populations,10.3390/agronomy9110675
369,Scopus or WoS,FALSE,Missing data,2019,"Vides-Borrell E., Porter-Bolland L., Ferguson B.G., Gasselin P., Vaca R., Valle-Mora J., Vandame R.","Polycultures, pastures and monocultures: Effects of land use intensity on wild bee diversity in tropical landscapes of southeastern Mexico",10.1016/j.biocon.2019.04.025
370,Scopus or WoS,FALSE,Unsuitable population,2019,"Chmelíková L., Wolfrum S.",Mitigating the biodiversity footprint of energy crops – A case study on arthropod diversity,10.1016/j.biombioe.2019.04.023
371,Scopus or WoS,FALSE,Unsuitable intervention,2019,"Zhang H., Sun Y., Li Y., Sun G., Yuan F., Han M., Duan Y., Ji Z., Zhu R., Shen J., Ran W.",Composted manure and straw amendments in wheat of a rice-wheat rotation system alter weed richness and abundance,10.1017/wsc.2018.90
372,Scopus or WoS,FALSE,Unsuitable context,2019,"Katayama N., Bouam I., Koshida C., Baba Y.G.",Biodiversity and yield under different land-use types in orchard/vineyard landscapes: A meta-analysis,10.1016/j.biocon.2018.11.020
373,Scopus or WoS,FALSE,Unsuitable population,2018,"Ryan M.H., Graham J.H.",Little evidence that farmers should consider abundance or diversity of arbuscular mycorrhizal fungi when managing crops,10.1111/nph.15308
374,Scopus or WoS,FALSE,Unsuitable outcomes,2016,"Mogren C.L., Rand T.A., Fausti S.W., Lundgren J.G.",The Effects of Crop Intensification on the Diversity of Native Pollinator Communities,10.1093/ee/nvw066
375,Scopus or WoS,FALSE,Unsuitable population,2016,"Cierjacks A., Pommeranz M., Schulz K., Almeida-Cortez J.",Is crop yield related to weed species diversity and biomass in coconut and banana fields of northeastern Brazil?,10.1016/j.agee.2016.01.006
376,Scopus or WoS,FALSE,Unsuitable outcomes,2016,"Gkisakis V., Volakakis N., Kollaros D., Bàrberi P., Kabourakis E.M.",Soil arthropod community in the olive agroecosystem: Determined by environment and farming practices in different management systems and agroecological zones,10.1016/j.agee.2015.11.026
377,Scopus or WoS,FALSE,Unsuitable outcomes,2016,"Milligan M.C., Johnson M.D., Garfinkel M., Smith C.J., Njoroge P.",Quantifying pest control services by birds and ants in Kenyan coffee farms,10.1016/j.biocon.2015.11.028
378,Scopus or WoS,FALSE,Unsuitable population,2015,"Feber R.E., Johnson P.J., Bell J.R., Chamberlain D.E., Firbank L.G., Fuller R.J., Manley W., Mathews F., Norton L.R., Townsend M., Macdonald D.W.",Organic farming: Biodiversity impacts can depend on dispersal characteristics and landscape context,10.1371/journal.pone.0135921
379,Scopus or WoS,FALSE,Unsuitable population,2015,"Mézière D., Petit S., Granger S., Biju-Duval L., Colbach N.",Developing a set of simulation-based indicators to assess harmfulness and contribution to biodiversity of weed communities in cropping systems,10.1016/j.ecolind.2014.07.028
380,Scopus or WoS,FALSE,Unsuitable population,2014,"Bartomeus I., Potts S.G., Steffan-Dewenter I., Vaissière B.E., Woyciechowski M., Krewenka K.M., Tscheulin T., Roberts S.P.M., Szentgyörgyi H., Westphal C., Bommarco R.",Contribution of insect pollinators to crop yield and quality varies with agricultural intensification,10.7717/peerj.328
381,Scopus or WoS,FALSE,Unsuitable population,2013,"Firbank L.G., Elliott J., Drake B., Cao Y., Gooday R.",Evidence of sustainable intensification among British farms,10.1016/j.agee.2013.04.010
382,Scopus or WoS,FALSE,Unsuitable population,2013,"Gabriel D., Sait S.M., Kunin W.E., Benton T.G.",Food production vs. biodiversity: Comparing organic and conventional agriculture,10.1111/1365-2664.12035
383,Scopus or WoS,FALSE,Unsuitable population,2012,"Bommarco R., Marini L., Vaissière B.E.","Insect pollination enhances seed yield, quality, and market value in oilseed rape",10.1007/s00442-012-2271-6
384,Scopus or WoS,FALSE,Unsuitable outcomes,2012,"Poveda K., Martínez E., Kersch-Becker M.F., Bonilla M.A., Tscharntke T.","Landscape simplification and altitude affect biodiversity, herbivory and Andean potato yield",10.1111/j.1365-2664.2012.02120.x
385,Scopus or WoS,FALSE,Unsuitable population,2009,"Bas Y., Renard M., Jiguet F.",Nesting strategy predicts farmland bird response to agricultural intensity,10.1016/j.agee.2009.06.006
386,Scopus or WoS,FALSE,Unsuitable outcomes,2009,"Baraibar B., Westerman P.R., Carrión E., Recasens J.",Effects of tillage and irrigation in cereal fields on weed seed removal by seed predators,10.1111/j.1365-2664.2009.01614.x
387,Scopus or WoS,FALSE,Unsuitable population,2008,"Silva M., Prince M.E.","The conservation value of hedgerows for small mammals in Prince Edward Island, Canada",10.1674/0003-0031(2008)159[110:TCVOHF]2.0.CO;2
388,Scopus or WoS,FALSE,Unsuitable population,2007,"van der Werf W., Keesman K., Burgess P., Graves A., Pilbeam D., Incoll L.D., Metselaar K., Mayus M., Stappers R., van Keulen H., Palma J., Dupraz C.","Yield-SAFE: A parameter-sparse, process-based dynamic model for predicting resource capture, growth, and production in agroforestry systems",10.1016/j.ecoleng.2006.09.017
389,Scopus or WoS,FALSE,Unsuitable intervention,2005,"Roschewitz I., Thies C., Tscharntke T.",Are landscape complexity and farm specialisation related to land-use intensity of annual crop fields?,10.1016/j.agee.2004.05.010
390,Scopus or WoS,FALSE,Unsuitable population,2019,"Tobin, D; Jones, K; Thiede, BC",Does crop diversity at the village level influence child nutrition security? Evidence from 11 sub-Saharan African countries,10.1007/s11111-019-00327-4
391,Scopus or WoS,FALSE,Unsuitable outcomes,2019,"Sendek, A; Karakoc, C; Wagg, C; Dominguez-Begines, J; do Couto, GM; van der Heijden, MGA; Naz, AA; Lochner, A; Chatzinotas, A; Klotz, S; Gomez-Aparicio, L; Eisenhauer, N",Drought modulates interactions between arbuscular mycorrhizal fungal diversity and barley genotype diversity,10.1038/s41598-019-45702-1
392,Scopus or WoS,FALSE,Unsuitable context,2019,"Beckmann, M; Gerstner, K; Akin-Fajiye, M; Ceausu, S; Kambach, S; Kinlock, NL; Phillips, HRP; Verhagen, W; Gurevitch, J; Klotz, S; Newbold, T; Verburg, PH; Winter, M; Seppelt, R",Conventional land-use intensification reduces species richness and increases production: A global meta-analysis,10.1111/gcb.14606
393,Scopus or WoS,TRUE,NA,2018,"Adhikari, S; Menalled, FD",Impacts of Dryland Farm Management Systems on Weeds and Ground Beetles (Carabidae) in the Northern Great Plains,10.3390/su10072146
394,Scopus or WoS,FALSE,Unsuitable intervention,2018,"Alarcon, R; Hernandez-Plaza, E; Navarrete, L; Sanchez, MJ; Escudero, A; Hernanz, JL; Sanchez-Giron, V; Sanchez, AM",Effects of no-tillage and non-inversion tillage on weed community diversity and crop yield over nine years in a Mediterranean cereal-legume cropland,10.1016/j.still.2018.01.014
395,Scopus or WoS,FALSE,Unsuitable outcomes,2018,"Sida, TS; Baudron, F; Hadgu, K; Derero, A; Giller, KE",Crop vs. tree: Can agronomic management reduce trade-offs in tree-crop interactions?,10.1016/j.agee.2018.03.011
396,Scopus or WoS,FALSE,Unsuitable context,2018,"Travlos, IS; Cheimona, N; Roussis, I; Bilalis, DJ",Weed-Species Abundance and Diversity Indices in Relation to Tillage Systems and Fertilization,10.3389/fenvs.2018.00011
397,Scopus or WoS,FALSE,Unsuitable population,2017,"Halty, V; Valdes, M; Tejera, M; Picasso, V; Fort, H",Modeling plant interspecific interactions from experiments with perennial crop mixtures to predict optimal combinations,10.1002/eap.1605
398,Scopus or WoS,FALSE,Unsuitable population,2017,"Thiel, B; Krzic, M; Gergel, S; Terpsma, C; Black, A; Jassal, R; Smukler, SM","Soil CO2, CH4 and N2O emissions from production fields with planted and remnant hedgerows in the Fraser River Delta of British Columbia",10.1007/s10457-016-9990-3
399,Scopus or WoS,FALSE,Unsuitable outcomes,2017,"Schulte, LA; Niemi, J; Helmers, MJ; Liebman, M; Arbuckle, JG; James, DE; Kolka, RK; O'Neal, ME; Tomer, MD; Tyndall, JC; Asbjornsen, H; Drobney, P; Neal, J; Van Ryswyk, G; Witte, C",Prairie strips improve biodiversity and the delivery of multiple ecosystem services from corn-soybean croplands,10.1073/pnas.1620229114
400,Scopus or WoS,FALSE,Unsuitable population,2017,"Deng, XZ; Gibson, J; Wang, P",Relationship between landscape diversity and crop production: a case study in the Hebei Province of China based on multi-source data integration,10.1016/j.jclepro.2016.03.174
401,Scopus or WoS,FALSE,Unsuitable population,2017,"Michler, JD; Josephson, AL",To Specialize or Diversify: Agricultural Diversity and Poverty Dynamics in Ethiopia,10.1016/j.worlddev.2016.08.011
402,Scopus or WoS,TRUE,NA,2016,"Rusch, A; Binet, D; Delbac, L; Thiery, D",Local and landscape effects of agricultural intensification on Carabid community structure and weed seed predation in a perennial cropping system,10.1007/s10980-016-0390-x
403,Scopus or WoS,FALSE,Unsuitable outcomes,2016,"Boreux, V; Vaast, P; Madappa, LP; Cheppudira, KG; Garcia, C; Ghazoul, J","Agroforestry coffee production increased by native shade trees, irrigation, and liming",10.1007/s13593-016-0377-7
404,Scopus or WoS,TRUE,NA,2016,"Tamburini, G; De Simone, S; Sigura, M; Boscutti, F; Marini, L",Soil management shapes ecosystem service provision and trade-offs in agricultural landscapes,10.1098/rspb.2016.1369
405,Scopus or WoS,TRUE,NA,2016,"Balzan, MV; Bocci, G; Moonen, AC",Utilisation of plant functional diversity in wildflower strips for the delivery of multiple agroecosystem services,10.1111/eea.12403
406,Scopus or WoS,TRUE,NA,2016,"Kazakou, E; Fried, G; Richarte, J; Gimenez, O; Violle, C; Metay, A",A plant trait-based response-and-effect framework to assess vineyard inter-row soil management,10.1080/23818107.2016.1232205
407,Scopus or WoS,FALSE,Unsuitable population,2015,"Garfinkel, M; Johnson, M",Pest-removal services provided by birds on small organic farms in northern California,10.1016/j.agee.2015.04.023
408,Scopus or WoS,FALSE,Unsuitable context,2015,"Aguirre-Gutierrez, J; Biesmeijer, JC; van Loon, EE; Reemer, M; WallisDeVries, MF; Carvalheiro, LG",Susceptibility of pollinators to ongoing landscape changes depends on landscape history,10.1111/ddi.12350
409,Scopus or WoS,FALSE,Unsuitable context,2015,"Teillard, F; Jiguet, F; Tichit, M",The Response of Farmland Bird Communities to Agricultural Intensity as Influenced by Its Spatial Aggregation,10.1371/journal.pone.0119674
410,Scopus or WoS,FALSE,Unsuitable population,2015,"Smith, RG",A succession-energy framework for reducing non-target impacts of annual crop production,10.1016/j.agsy.2014.10.006
411,Scopus or WoS,FALSE,Unsuitable outcomes,2013,"Boreux, V; Krishnan, S; Cheppudira, KG; Ghazoul, J",Impact of forest fragments on bee visits and fruit set in rain-fed and irrigated coffee agro-forests,10.1016/j.agee.2012.05.003
412,Scopus or WoS,FALSE,Unsuitable context,2013,"Nicholls, CI; Altieri, MA",Plant biodiversity enhances bees and other insect pollinators in agroecosystems. A review,10.1007/s13593-012-0092-y
413,Scopus or WoS,FALSE,Unsuitable population,2013,"Jonason, D; Smith, HG; Bengtsson, J; Birkhofer, K",Landscape simplification promotes weed seed predation by carabid beetles (Coleoptera: Carabidae),10.1007/s10980-013-9848-2
414,Scopus or WoS,FALSE,Unsuitable population,2012,"Laterra, P; Orue, ME; Booman, GC",Spatial complexity and ecosystem services in rural landscapes,10.1016/j.agee.2011.05.013
415,Scopus or WoS,TRUE,NA,2012,"Myers, MC; Hoksch, BJ; Mason, JT","Butterfly response to floral resources during early establishment at a heterogeneous prairie biomass production site in Iowa, USA",10.1007/s10841-011-9433-4
416,Scopus or WoS,FALSE,Unsuitable population,2012,"Freeman, J",Domesticated crop richness in human subsistence cultivation systems: a test of macroecological and economic determinants,10.1111/j.1466-8238.2011.00687.x
417,Scopus or WoS,FALSE,Unsuitable context,2011,"Lin, BB",Resilience in Agriculture through Crop Diversification: Adaptive Management for Environmental Change,10.1525/bio.2011.61.3.4
418,Scopus or WoS,FALSE,Unsuitable context,2009,"Kumar, BM; Takeuchi, K",Agroforestry in the Western Ghats of peninsular India and the satoyama landscapes of Japan: a comparison of two sustainable land use systems,10.1007/s11625-009-0086-0
419,Previous meta-analysis,FALSE,Unsuitable context,2017,"Bowles T.M., Jackson L.E., Loeher M., Cavagnaro T.R.",Ecological intensification and arbuscular mycorrhizas: a meta-analysis of tillage and cover crop effects,10.1111/1365-2664.12815
420,Previous meta-analysis,FALSE,Missing data,2011,"Turmel M.S., Entz M.H., Tenuta M., May W.E., Lafond G.P.",The influence of a long-term black medic (Medicago lupulina cv. George) cover crop on arbuscular mycorrhizal fungal colonization and nutrient uptake in flax (Linum usitatissimum) under zero-tillage management,10.4141/cjps10115
421,Previous meta-analysis,FALSE,Not English,2012,"Angelini G.A.R., Loss A., Pereira M.G., Torres J.L.R., Saggin Jr. O.J.","Mycorrhizal colonization, spore density and diversity of arbuscular mycorrhizal fungi in Cerrado soil under no-till and conventional tillage systems [Colonização micorrízica, densidade de esporos e diversidade de fungos micorrízicos arbusculares em solo de Cerrado sob plantio direto e convencional]",10.5433/1679-0359.2012v33n1p115
422,Previous meta-analysis,FALSE,Missing data,2013,"Locke M.A., Zablotowicz R.M., Steinriede Jr. R.W., Testa S., Reddy K.N.","Conservation management in cotton production: Long-term soil biological, chemical, and physical changes",10.2136/sssaj2012.0325
423,Previous meta-analysis,FALSE,Unsuitable context,2005,Kabir Z.,Tillage or no-tillage: Impact on mycorrhizae,10.4141/P03-160
424,Previous meta-analysis,FALSE,Missing data,2005,"Sorensen J.N., Larsen J., Jakobsen I.",Mycorrhiza formation and nutrient concentration in leeks (Allium porrum) in relation to previous crop and cover crop management on high P soils,10.1007/s11104-004-6960-8
425,Previous meta-analysis,TRUE,NA,2015,"Njeru E.M., Avio L., Bocci G., Sbrana C., Turrini A., Bàrberi P., Giovannetti M., Oehl F.",Contrasting effects of cover crops on ‘hot spot’ arbuscular mycorrhizal fungal communities in organic tomato,10.1007/s00374-014-0958-z
426,Previous meta-analysis,TRUE,NA,2014,"Njeru E.M., Avio L., Sbrana C., Turrini A., Bocci G., Bàrberi P., Giovannetti M.",First evidence for a major cover crop effect on arbuscular mycorrhizal fungi and organic maize growth,10.1007/s13593-013-0197-y
427,Previous meta-analysis,FALSE,Missing data,2010,"White C.M., Weil R.R.",Forage radish and cereal rye cover crop effects on mycorrhizal fungus colonization of maize roots,10.1007/s11104-009-0131-x
428,Previous meta-analysis,FALSE,Missing data,2014,"Higo M., Isobe K., Drijber R.A., Kondo T., Yamaguchi M., Takeyama S., Suzuki Y., Niijima D., Matsuda Y., Ishii R., Torigoe Y.",Impact of a 5-year winter cover crop rotational system on the molecular diversity of arbuscular mycorrhizal fungi colonizing roots of subsequent soybean,10.1007/s00374-014-0912-0
429,Previous meta-analysis,TRUE,NA,2012,"Koide R.T., Peoples M.S.",On the nature of temporary yield loss in maize following canola,10.1007/s11104-012-1237-0
430,Previous meta-analysis,TRUE,NA,2007,"Deguchi S., Shimazaki Y., Uozumi S., Tawaraya K., Kawamoto H., Tanaka O.",White clover living mulch increases the yield of silage corn via arbuscular mycorrhizal fungus colonization,10.1007/s11104-007-9194-8
431,Previous meta-analysis,TRUE,NA,1998,"Boswell E.P., Koide R.T., Shumway D.L., Addy H.D.","Winter wheat cover cropping, VA mycorrhizal fungi and maize growth and yield",10.1016/S0167-8809(97)00094-7
432,Previous meta-analysis,FALSE,Unsuitable context,2011,"Chaplin-Kramer R., O'Rourke M.E., Blitzer E.J., Kremen C.",A meta-analysis of crop pest and natural enemy response to landscape complexity,10.1111/j.1461-0248.2011.01642.x
433,Previous meta-analysis,FALSE,Unsuitable population,2010,"Bailey D., Schmidt-Entling M.H., Eberhart P., Herrmann J.D., Hofer G., Kormann U., Herzog F.",Effects of habitat amount and isolation on biodiversity in fragmented traditional orchards,10.1111/j.1365-2664.2010.01858.x
434,Previous meta-analysis,FALSE,Unsuitable population,2010,"Gardiner M.M., Landis D.A., Gratton C., Schmidt N., O'Neal M., Mueller E., Chacon J., Heimpel G.E.",Landscape composition influences the activity density of Carabidae and Arachnida in soybean fields,10.1016/j.biocontrol.2010.06.008
435,Previous meta-analysis,FALSE,Unsuitable population,2010,"Pluess T., Opatovsky I., Gavish-Regev E., Lubin Y., Schmidt-Entling M.H.",Non-crop habitats in the landscape enhance spider diversity in wheat fields of a desert agroecosystem,10.1016/j.agee.2009.12.020
436,Previous meta-analysis,FALSE,Unsuitable population,2010,"Perovic D.J., Gurr G.M., Raman A., Nicol H.I.",Effect of landscape composition and arrangement on biological control agents in a simplified agricultural system: A cost-distance approach,10.1016/j.biocontrol.2009.09.014
437,Previous meta-analysis,FALSE,Unsuitable population,2010,"Noma T., Gratton C., Colunga-Garcia M., Brewer M.J., Mueller E.E., Wyckhuys K.A.G., Heimpel G.E., O'Neal M.E.","Relationship of soybean aphid (Hemiptera: Aphididae) to soybean plant nutrients, Landscape structure, and natural enemies",10.1603/EN09073
438,Previous meta-analysis,TRUE,NA,2010,"Ekroos J., Hyvönen T., Tiainen J., Tiira M.",Responses in plant and carabid communities to farming practises in boreal landscapes,10.1016/j.agee.2009.10.007
439,Previous meta-analysis,FALSE,Unsuitable population,2009,"Eilers E.J., Klein A.-M.",Landscape context and management effects on an important insect pest and its natural enemies in almond,10.1016/j.biocontrol.2009.07.010
440,Previous meta-analysis,TRUE,NA,2009,"Haenke S., Scheid B., Schaefer M., Tscharntke T., Thies C.",Increasing syrphid fly diversity and density in sown flower strips within simple vs. complex landscapes,10.1111/j.1365-2664.2009.01685.x
441,Previous meta-analysis,FALSE,Unsuitable population,2009,"Boccaccio L., Petacchi R.",Landscape effects on the complex of Bactrocera oleae parasitoids and implications for conservation biological control,10.1007/s10526-009-9214-0
442,Previous meta-analysis,FALSE,Unsuitable population,2009,"Gardiner M.M., Landis D.A., Gratton C., Schmidt N., O'Neal M., Mueller E., Chacon J., Heimpel G.E., Difonzo C.D.",Landscape composition influences patterns of native and exotic lady beetle abundance,10.1111/j.1472-4642.2009.00563.x
443,Previous meta-analysis,FALSE,Unsuitable population,2009,"Zaller J.G., Moser D., Drapela T., Schmöger C., Frank T.",Parasitism of stem weevils and pollen beetles in winter oilseed rape is differentially affected by crop management and landscape characteristics,10.1007/s10526-009-9212-2
444,Previous meta-analysis,FALSE,Unsuitable population,2009,"Gardiner M.M., Landis D.A., Gratton C., DiFonzo C.D., O'Neal M., Chacon J.M., Wayo M.T., Schmidt N.P., Mueller E.E., Heimpel G.E.",Landscape diversity enhances biological control of an introduced crop pest in the north-central USA,10.1890/07-1265.1
445,Previous meta-analysis,FALSE,Unsuitable population,2008,"Zaller J.G., Moser D., Drapela T., Schmöger C., Frank T.",Insect pests in winter oilseed rape affected by field and landscape characteristics,10.1016/j.baae.2007.10.004
446,Previous meta-analysis,FALSE,Unsuitable population,2008,"Werling B.P., Gratton C.",Influence of field margins and landscape context on ground beetle diversity in Wisconsin (USA) potato fields,10.1016/j.agee.2008.05.007
447,Previous meta-analysis,FALSE,Unsuitable population,2008,"Vollhardt I.M.G., Tscharntke T., Wäckers F.L., Bianchi F.J.J.A., Thies C.",Diversity of cereal aphid parasitoids in simple and complex landscapes,10.1016/j.agee.2008.01.024
448,Previous meta-analysis,FALSE,Unsuitable population,2008,"Bianchi F.J.J.A., Goedhart P.W., Baveco J.M.",Enhanced pest control in cabbage crops near forest in the Netherlands,10.1007/s10980-008-9219-6
449,Previous meta-analysis,FALSE,Unsuitable population,2008,"Thies C., Steffan-Dewenter I., Tscharntke T.",Interannual landscape changes influence plant-herbivore-parasitoid interactions,10.1016/j.agee.2007.12.011
450,Previous meta-analysis,FALSE,Unsuitable population,2008,"Drapela T., Moser D., Zaller J.G., Frank T.",Spider assemblages in winter oilseed rape affected by landscape and site factors,10.1111/j.0906-7590.2008.5250.x
451,Previous meta-analysis,FALSE,Unsuitable population,2008,"Schmidt M.H., Thies C., Nentwig W., Tscharntke T.",Contrasting responses of arable spiders to the landscape matrix at different spatial scales,10.1111/j.1365-2699.2007.01774.x
452,Previous meta-analysis,FALSE,Unsuitable population,2008,"Öberg S., Mayr S., Dauber J.",Landscape effects on recolonisation patterns of spiders in arable fields,10.1016/j.agee.2007.06.005
453,Previous meta-analysis,FALSE,Unsuitable population,2006,"Klein A.M., Steffan-Dewenter I., Tscharntke T.",Rain forest promotes trophic interactions and diversity of trap-nesting Hymenoptera in adjacent agroforestry,10.1111/j.1365-2656.2006.01042.x
454,Previous meta-analysis,FALSE,Unsuitable population,2006,"Kriz J.C., Danielson S.D., Brandle J.R., Blankenship E.E., Henebry G.M.","Effects of aphid (Homoptera) abundance and surrounding vegetation on the encounter rate of coccinellidae (Coleoptera), chrysopidae (Neuroptera), and nabidae (Hemiptera) in Alfalfa",10.18474/0749-8004-41.3.211
455,Previous meta-analysis,FALSE,Unsuitable population,2005,"Clough Y., Kruess A., Kleijn D., Tscharntke T.","Spider diversity in cereal fields: Comparing factors at local, landscape and regional scales",10.1111/j.1365-2699.2005.01367.x
456,Previous meta-analysis,FALSE,Unsuitable population,2005,"Roschewitz I., Hücker M., Tscharntke T., Thies C.",The influence of landscape context and farming practices on parasitism of cereal aphids,10.1016/j.agee.2005.02.005
457,Previous meta-analysis,FALSE,Unsuitable population,2005,"Purtauf T., Roschewitz I., Dauber J., Thies C., Tscharntke T., Wolters V.",Landscape context of organic and conventional farms: Influences on carabid beetle diversity,10.1016/j.agee.2005.01.005
458,Previous meta-analysis,FALSE,Unsuitable population,2005,"Bianchi F.J.J.A., Van Wingerden W.K.R.E., Griffioen A.J., Van Der Veen M., Van Der Straten M.J.J., Wegman R.M.A., Meeuwsen H.A.M.",Landscape factors affecting the control of Mamestra brassicae by natural enemies in Brussels sprout,10.1016/j.agee.2004.11.007
459,Previous meta-analysis,FALSE,Unsuitable population,2005,"Schmidt M.H., Roschewitz I., Thies C., Tscharntke T.",Differential effects of landscape and management on diversity and density of ground-dwelling farmland spiders,10.1111/j.1365-2664.2005.01014.x
460,Previous meta-analysis,FALSE,Unsuitable population,2005,"Schmidt M.H., Tscharntke T.",Landscape context of sheetweb spider (Araneae: Linyphiidae) abundance in cereal fields,10.1111/j.1365-2699.2004.01244.x
461,Previous meta-analysis,FALSE,Unsuitable population,2005,"Thies C., Roschewitz I., Tscharntke T.",The landscape context of cereal aphid-parasitoid interactions,10.1098/rspb.2004.2902
462,Previous meta-analysis,FALSE,Unsuitable population,2005,"Purtauf T., Dauber J., Wolters V.",The response of carabids to landscape simplification differs between trophic groups,10.1007/s00442-004-1740-y
463,Previous meta-analysis,FALSE,Unsuitable population,2004,"Prasifka J.R., Heinz K.M., Minzenmayer R.R.","Relationships of landscape, prey and agronomic variables to the abundance of generalist predators in cotton (Gossypium hirsutum) fields",10.1007/s10980-005-0279-7
464,Previous meta-analysis,FALSE,Unsuitable population,2003,"Weibull A.-C., Östman Ö., Granqvist Å.","Species richness in agroecosystems: The effect of landscape, habitat and farm management",10.1023/A:1023617117780
465,Previous meta-analysis,FALSE,Unsuitable population,2003,Kruess A.,Effects of landscape structure and habitat type on a plant-herbivore-parasitoid community,10.1034/j.1600-0587.2003.03402.x
466,Previous meta-analysis,FALSE,Unsuitable population,2003,"Thies C., Steffan-Dewenter I., Tscharntke T.",Effects of landscape context on herbivory and parasitism at different spatial scales,10.1034/j.1600-0706.2003.12567.x
467,Previous meta-analysis,FALSE,Unsuitable population,2002,Steffan-Dewenter I.,"Landscape context affects trap-nesting bees, wasps, and their natural enemies",10.1046/j.1365-2311.2002.00437.x
468,Previous meta-analysis,FALSE,Unsuitable population,2002,"Den Belder E., Elderson J., Van Den Brink W.J., Schelling G.",Effect of woodlots on thrips density in leek fields: A landscape analysis,10.1016/S0167-8809(01)00264-X
469,Previous meta-analysis,FALSE,Unsuitable population,2002,"Tscharntke T., Steffan-Dewenter I., Kruess A., Thies C.",Contribution of small habitat fragments to conservation of insect communities of grassland-cropland landscapes,NA
470,Previous meta-analysis,TRUE,NA,2001,"Letourneau D.K., Goldstein B.",Pest damage and arthropod community structure in organic vs. conventional tomato production in California,10.1046/j.1365-2664.2001.00611.x
471,Previous meta-analysis,FALSE,Unsuitable population,2001,"Östman Ö., Ekbom B., Bengtsson J.",Landscape complexity and farming practice influence biological control,10.1078/1439-1791-00072
472,Previous meta-analysis,FALSE,Unsuitable population,2000,"Holland J., Fahrig L.",Effect of woody borders on insect density and diversity in crop fields: A landscape-scale analysis,10.1016/S0167-8809(99)00123-1
473,Previous meta-analysis,FALSE,Unsuitable population,1999,"Thies C., Tscharntke T.",Landscape structure and biological control in agroecosystems,10.1126/science.285.5429.893
474,Previous meta-analysis,FALSE,Unsuitable population,1997,"Jonsen I.D., Fahrig L.",Response of generalist and specialist insect herbivores to landscape spatial structure,10.1023/A:1007961006232
475,Previous meta-analysis,FALSE,Unsuitable context,2018,"Coutinho J.G.D.E., Garibaldi L.A., Viana B.F.",The influence of local and landscape scale on single response traits in bees: A meta-analysis,10.1016/j.agee.2017.12.025
476,Previous meta-analysis,FALSE,Unsuitable context,2010,"Chaplin-Kramer, Rebecca Ellen",The Landscape Ecology of Pest Control Services: Cabbage Aphid-Syrphid Trophic Dynamics on California's Central Coast,uc/item/31x6s0m
477,Previous meta-analysis,FALSE,Unsuitable context,2010,"OO_Rourke, M.E.",Linking Habitat Diversity With Spatial Ecology For Agricultural Pest Management,https://hdl.handle.net/1813/14855
478,Previous meta-analysis,FALSE,Unavailable study,2003,"Klug, T.; Gathmann, A.; Poehling, H.M.; Meyhofer, R.","Area-dependent effects of landscape structure on the colonisation of spinach cultures by the silver Y moth (Autographa gamma L., Lepidoptera: Noctuidae) in Western Germany",https://eurekamag.com/research/003/651/003651440.php
479,Previous meta-analysis,FALSE,Unsuitable population,2016,"Basu P., Parui A.K., Chatterjee S., Dutta A., Chakraborty P., Roberts S., Smith B.",Scale dependent drivers of wild bee diversity in tropical heterogeneous agricultural landscapes,10.1002/ece3.2360
480,Previous meta-analysis,FALSE,Unsuitable intervention,2016,"Le Féon V., Poggio S.L., Torretta J.P., Bertrand C., Molina G.A.R., Burel F., Baudry J., Ghersa C.M.","Diversity and life-history traits of wild bees (Insecta: Hymenoptera) in intensive agricultural landscapes in the Rolling Pampa, Argentina",10.1080/00222933.2015.1113315
481,Previous meta-analysis,FALSE,Unsuitable population,2016,"Motzke I., Klein A.-M., Saleh S., Wanger T.C., Tscharntke T.",Habitat management on multiple spatial scales can enhance bee pollination and crop yield in tropical homegardens,10.1016/j.agee.2016.03.001
482,Previous meta-analysis,TRUE,NA,2016,"Sardiñas H.S., Tom K., Ponisio L.C., Rominger A., Kremen C.",Sunflower (Helianthus annuus) pollination in California's Central Valley is limited by native bee nest site location,10.1890/15-0033
483,Previous meta-analysis,FALSE,Unsuitable population,2016,"Sydenham M.A.K., Moe S.R., Stanescu-Yadav D.N., Totland O., Eldegard K.","The effects of habitat management on the species, phylogenetic and functional diversity of bees are modified by the environmental context",10.1002/ece3.1963
484,Previous meta-analysis,FALSE,Unsuitable population,2015,"Connelly H., Poveda K., Loeb G.",Landscape simplification decreases wild bee pollination services to strawberry,10.1016/j.agee.2015.05.004
485,Previous meta-analysis,FALSE,Unsuitable population,2015,"Persson A.S., Rundlöf M., Clough Y., Smith H.G.",Bumble bees show trait-dependent vulnerability to landscape simplification,10.1007/s10531-015-1008-3
486,Previous meta-analysis,TRUE,NA,2015,"Scheper J., Bommarco R., Holzschuh A., Potts S.G., Riedinger V., Roberts S.P.M., Rundlöf M., Smith H.G., Steffan-Dewenter I., Wickens J.B., Wickens V.J., Kleijn D.",Local and landscape-level floral resources explain effects of wildflower strips on wild bees across four European countries,10.1111/1365-2664.12479
487,Previous meta-analysis,FALSE,Unsuitable intervention,2015,"Otieno M., Sidhu C.S., Woodcock B.A., Wilby A., Vogiatzakis I.N., Mauchline A.L., Gikungu M.W., Potts S.G.",Local and landscape effects on bee functional guilds in pigeon pea crops in Kenya,10.1007/s10841-015-9788-z
488,Previous meta-analysis,FALSE,Unsuitable population,2015,"Rollin O., Bretagnolle V., Fortel L., Guilbaud L., Henry M.","Habitat, spatial and temporal drivers of diversity patterns in a wild bee assemblage",10.1007/s10531-014-0852-x
489,Previous meta-analysis,FALSE,Unsuitable outcomes,2015,"Pisanty G., Mandelik Y.",Profiling crop pollinators: Life history traits predict habitat use and crop visitation by Mediterranean wild bees,10.1890/14-0910.1
490,Previous meta-analysis,FALSE,Unsuitable population,2015,"Ahrenfeldt E.J., Klatt B.K., Arildsen J., Trandem N., Andersson G.K.S., Tscharntke T., Smith H.G., Sigsgaard L.",Pollinator communities in strawberry crops-variation at multiple spatial scales,10.1017/S000748531500036X
491,Previous meta-analysis,FALSE,Unsuitable population,2014,"Hopfenmüller S., Steffan-Dewenter I., Holzschuh A.","Trait-specific responses of wild bee communities to landscape composition, configuration and local factors",10.1371/journal.pone.0104439
492,Previous meta-analysis,FALSE,Unsuitable population,2014,"Benjamin F.E., Reilly J.R., Winfree R.",Pollinator body size mediates the scale at which land use drives crop pollination services,10.1111/1365-2664.12198
493,Previous meta-analysis,TRUE,NA,2013,"Baños-Picón L., Torres F., Tormos J., Gayubo S.F., Asís J.D.",Comparison of two Mediterranean crop systems: Polycrop favours trap-nesting solitary bees over monocrop,10.1016/j.baae.2012.12.008
494,Previous meta-analysis,FALSE,Unsuitable population,2013,"Woodcock B.A., Edwards M., Redhead J., Meek W.R., Nuttall P., Falk S., Nowakowski M., Pywell R.F.","Crop flower visitation by honeybees, bumblebees and solitary bees: Behavioural differences and diversity responses to landscape",10.1016/j.agee.2013.03.005
495,Previous meta-analysis,FALSE,Unsuitable population,2013,"Jauker B., Krauss J., Jauker F., Steffan-Dewenter I.",Linking life history traits to pollinator loss in fragmented calcareous grasslands,10.1007/s10980-012-9820-6
496,Previous meta-analysis,FALSE,Unsuitable intervention,2011,"Kovács-Hostyánszki A., Batáry P., Báldi A.",Local and landscape effects on bee communities of Hungarian winter cereal fields,10.1111/j.1461-9563.2010.00498.x
497,Previous meta-analysis,FALSE,Unsuitable intervention,2011,"Schüepp C., Herrmann J.D., Herzog F., Schmidt-Entling M.H.","Differential effects of habitat isolation and landscape composition on wasps, bees, and their enemies",10.1007/s00442-010-1746-6
498,Previous meta-analysis,FALSE,Unsuitable outcomes,2010,"Jha S., Vandermeer J.H.",Impacts of coffee agroforestry management on tropical bee communities,10.1016/j.biocon.2010.03.017
499,Previous meta-analysis,FALSE,Unsuitable outcomes,2010,"Holzschuh A., Steffan-Dewenter I., Tscharntke T.","How do landscape composition and configuration, organic farming and fallow strips affect the diversity of bees, wasps and their parasitoids?",10.1111/j.1365-2656.2009.01642.x
500,Previous meta-analysis,FALSE,Unsuitable population,2009,"Krauss J., Alfert T., Steffan-Dewenter I.",Habitat area but not habitat age determines wild bee richness in limestone quarries,10.1111/j.1365-2664.2008.01582.x
501,Previous meta-analysis,FALSE,Unsuitable population,2008,"Gemmill-Herren B., Ochieng' A.O.",Role of native bees and natural habitats in eggplant (Solanum melongena) pollination in Kenya,10.1016/j.agee.2008.02.002
502,Previous meta-analysis,FALSE,Unsuitable population,2008,"Klein A.M., Cunningham S.A., Bos M., Steffan-Dewenter I.",Advances in pollination ecology from tropical plantation crops,10.1890/07-0088.1
503,Previous meta-analysis,FALSE,Unsuitable outcomes,2007,"Heard M.S., Carvell C., Carreck N.L., Rothery P., Osborne J.L., Bourke A.F.G.",Landscape context not patch size determines bumble-bee density on flower mixtures sown for agri-environment schemes,10.1098/rsbl.2007.0425
504,Previous meta-analysis,FALSE,Unsuitable population,2007,"Albrecht M., Duelli P., Müller C., Kleijn D., Schmid B.",The Swiss agri-environment scheme enhances pollinator diversity and plant reproductive success in nearby intensively managed farmland,10.1111/j.1365-2664.2007.01306.x
505,Previous meta-analysis,FALSE,Unsuitable population,2007,"Winfree R., Griswold T., Kremen C.",Effect of human disturbance on bee communities in a forested ecosystem,10.1111/j.1523-1739.2006.00574.x
506,Previous meta-analysis,FALSE,Unsuitable population,2006,"Greenleaf S.S., Kremen C.",Wild bee species increase tomato production and respond differently to surrounding land use in Northern California,10.1016/j.biocon.2006.05.025
507,Previous meta-analysis,FALSE,Unsuitable population,2006,"Kim J., Williams N., Kremen C.",Effects of cultivation and proximity to natural habitat on ground-nesting native bees in California sunflower fields,10.2317/0507.11.1
508,Previous meta-analysis,FALSE,Unsuitable population,2006,"Chacoff N.P., Aizen M.A.",Edge effects on flower-visiting insects in grapefruit plantations bordering premontane subtropical forest,10.1111/j.1365-2664.2005.01116.x
509,Previous meta-analysis,FALSE,Unsuitable outcomes,2003,"Klein A.-M., Steffan-Dewenter I., Tscharntke T.",Pollination of Coffea canephora in relation to local and regional agroforestry management,10.1046/j.1365-2664.2003.00847.x
510,Previous meta-analysis,FALSE,Unsuitable outcomes,2003,"Klein A.-M., Steffan-Dewenter I., Tscharntke T.",Fruit set of highland coffee increases with the diversity of pollinating bees,10.1098/rspb.2002.2306
511,Previous meta-analysis,FALSE,Unsuitable outcomes,2002,"Klein A.-M., Steffan-Dewenter I., Buchori D., Tscharntke T.",Effects of land-use intensity in tropical agroforestry systems on coffee flower-visiting and trap-nesting bees and wasps,10.1046/j.1523-1739.2002.00499.x
512,Previous meta-analysis,FALSE,Unsuitable population,2002,"Steffan-Dewenter I., Münzenberg U., Bürger C., Thies C., Tscharntke T.",Scale-dependent effects of landscape context on three pollinator guilds,10.1890/0012-9658(2002)083[1421:SDEOLC]2.0.CO;2
513,Previous meta-analysis,FALSE,Unsuitable population,1999,"Steffan-Dewenter I., Tscharntke T.",Effects of habitat isolation on pollinator communities and seed set,10.1007/s004420050949
514,Previous meta-analysis,FALSE,Unsuitable population,2006,"Steffan-Dewenter,I. Klein,A.M. Alfert,T. Gaebele,V. et al.",Bee diversity and plant-pollinator interactions in fragmented landscapes,NA
515,Previous meta-analysis,FALSE,Unsuitable context,2016,"Dassou A.G., Tixier P.",Response of pest control by generalist predators to local-scale plant diversity: A meta-analysis,10.1002/ece3.1917
516,Previous meta-analysis,FALSE,Unsuitable outcomes,2014,"Fabian Y., Sandau N., Bruggisser O.T., Aebi A., Kehrli P., Rohr R.P., Naisbit R.E., Bersier L.-F.",Plant diversity in a nutshell: Testing for small-scale effects on trap nesting wild bees and wasps,10.1890/ES13-00375.1
517,Previous meta-analysis,FALSE,Unsuitable comparator,2014,"Nemec K.T., Allen C.R., Danielson S.D., Helzer C.J.",Responses of predatory invertebrates to seeding density and plant species richness in experimental tallgrass prairie restorations,10.1016/j.agee.2013.10.024
518,Previous meta-analysis,TRUE,NA,2014,"Straub C.S., Simasek N.P., Dohm R., Gapinski M.R., Aikens E.O., Nagy C.",Plant diversity increases herbivore movement and vulnerability to predation,10.1016/j.baae.2013.12.004
519,Previous meta-analysis,FALSE,Missing data,2013,"Noman M.S., Maleque M.A., Alam M.Z., Afroz S., Ishii H.T.","Intercropping mustard with four spice crops suppresses mustard aphid abundance, and increases both crop yield and farm profitability in central Bangladesh",10.1080/09670874.2013.863408
520,Previous meta-analysis,TRUE,NA,2013,"Zhou H., Chen L., Chen J., Francis F., Haubruge E., Liu Y., Bragard C., Cheng D.",Adaptation of wheat-pea intercropping pattern in china to reduce sitobion avenae (Hemiptera: Aphididae) occurrence by promoting natural enemies,10.1080/21683565.2013.763887
521,Previous meta-analysis,FALSE,Unsuitable outcomes,2013,"Diehl E., Mader V.L., Wolters V., Birkhofer K.",Management intensity and vegetation complexity affect web-building spiders and their prey,10.1007/s00442-013-2634-7
522,Previous meta-analysis,TRUE,NA,2013,"Straub C.S., Simasek N.P., Gapinski M.R., Dohm R., Aikens E.O., Muscella S.","Influence of nonhost plant diversity and natural enemies on the potato leafhopper, Empoasca fabae, and pea aphid, Acyrthosiphon pisum, in alfalfa",10.1007/s10340-012-0465-7
523,Previous meta-analysis,FALSE,Unsuitable comparator,2013,"Song B., Tang G., Sang X., Zhang J., Yao Y., Wiggins N.",Intercropping with aromatic plants hindered the occurrence of aphis citricola in an apple orchard system by shifting predator-prey abundances,10.1080/09583157.2013.763904
524,Previous meta-analysis,TRUE,NA,2013,"Fernandes F.S., Ramalho F.S., Godoy W.A.C., Pachu J.K.S., Nascimento R.B., Malaquias J.B., Zanuncio J.C.",Within plant distribution and dynamics of hyadaphis foeniculi (hemiptera: Aphididae) in field fennel intercropped with naturally colored cotton,10.1653/024.096.0112
525,Previous meta-analysis,TRUE,NA,2013,"Zhou H.-B., Chen J.-L., Liu Y., Francis F., Haubruge E., Bragard C., Sun J.-R., Cheng D.-F.",Influence of Garlic Intercropping or Active Emitted Volatiles in Releasers on Aphid and Related Beneficial in Wheat Fields in China,10.1016/S2095-3119(13)60247-6
526,Previous meta-analysis,FALSE,Unsuitable population,2013,"Cruz W.P., Sarmento R.A., Teodoro A.V., Neto M.P., Ignacio M.",Driving factors of the communities of phytophagous and predatory mites in a physic nut plantation and spontaneous plants associated,10.1007/s10493-013-9663-0
527,Previous meta-analysis,TRUE,NA,2013,"Tulli M.C., Carmona D.M., Vincini A.M.",Influence of plant diversity on the numerical response of Eriopis connexa (Coleoptera: Coccinellidae) to changes in cereal aphid density in wheat crops,10.1155/2013/789532
528,Previous meta-analysis,TRUE,NA,2012,"Nakahira K., Takada Y., Teramoto T., Kagoshima K., Takagi M.",Control of potato aphids by the addition of barley strips in potato fields: A successful example of vegetation management,10.1080/09583157.2012.715627
529,Previous meta-analysis,TRUE,NA,2012,"Bing Y., Ge F., Fang O., Parajulee M.",Intra-species mixture alters pest and disease severity in cotton,10.1603/EN11182
530,Previous meta-analysis,TRUE,NA,2012,"Bickerton M.W., Hamilton G.C.",Effects of intercropping with flowering plants on predation of ostrinia nubilalis (lepidoptera: Crambidae) eggs by generalist predators in bell peppers,10.1603/EN11249
531,Previous meta-analysis,TRUE,NA,2012,"Yao F.L., You M.S., Vasseur L., Yang G., Zheng Y.K.",Polycultural manipulation for better regulation of planthopper populations in irrigated rice-based ecosystems,10.1016/j.cropro.2011.12.003
532,Previous meta-analysis,FALSE,Unsuitable outcomes,2012,"Stenchly K., Clough Y., Tscharntke T.","Spider species richness in cocoa agroforestry systems, comparing vertical strata, local management and distance to forest",10.1016/j.agee.2011.03.021
533,Previous meta-analysis,TRUE,NA,2012,"Nyasani J.O., Meyhöfer R., Subramanian S., Poehling H.M.",Effect of intercrops on thrips species composition and population abundance on French beans in Kenya,10.1111/j.1570-7458.2011.01217.x
534,Previous meta-analysis,TRUE,NA,2012,"Ramalho F.S., Fernandes F.S., Nascimento A.R.B., Júnior J.L.N., Malaquias J.B., Silva C.A.D.",Assessment of fennel aphids (Hemiptera: Aphididae) and their predators in fennel intercropped with cotton with colored fibers,10.1603/EC11219
535,Previous meta-analysis,TRUE,NA,2012,"Hummel J.D., Dosdall L.M., Clayton G.W., Harker K.N., O'Donovan J.T.","Ground beetle (Coleoptera: Carabidae) diversity, activity density, and community structure in a diversified agroecosystem",10.1603/EN11072
536,Previous meta-analysis,TRUE,NA,2011,"Wang G., Cui L.L., Dong J., Francis F., Liu Y., Tooker J.",Combining intercropping with semiochemical releases: Optimization of alternative control of sitobion avenae in wheat crops in china,10.1111/j.1570-7458.2011.01150.x
537,Previous meta-analysis,TRUE,NA,2011,"Lin S., You M.S., Yang G., Chen L.L.",Can polycultural manipulation effectively control rice planthoppers in rice-based ecosystems?,10.1016/j.cropro.2010.11.013
538,Previous meta-analysis,FALSE,Missing data,2011,"Haddad N.M., Crutsinger G.M., Gross K., Haarstad J., Tilman D.",Plant diversity and the stability of foodwebs,10.1111/j.1461-0248.2010.01548.x
539,Previous meta-analysis,TRUE,NA,2010,"Hanspetersen H.N., McSorley R., Liburd O.E.",The impact of intercropping squash with non-crop vegetation borders on the above-ground arthropod community,10.1653/024.093.0418
540,Previous meta-analysis,FALSE,Unsuitable intervention,2010,"Gámez-Virués S., Gurr G.M., Raman A., Nicol H.I.","Plant diversity and habitat structure affect tree growth, herbivory and natural enemies in shelterbelts",10.1016/j.baae.2010.02.011
541,Previous meta-analysis,TRUE,NA,2009,"Haddad N.M., Crutsinger G.M., Gross K., Haarstad J., Knops J.M.H., Tilman D.",Plant species loss decreases arthropod diversity and shifts trophic structure,10.1111/j.1461-0248.2009.01356.x
542,Previous meta-analysis,FALSE,Unsuitable intervention,2009,"Sobek S., Tscharntke T., Scherber C., Schiele S., Steffan-Dewenter I.",Canopy vs. understory: Does tree diversity affect bee and wasp communities and their natural enemies across forest strata?,10.1016/j.foreco.2009.04.026
543,Previous meta-analysis,FALSE,Missing data,2003,"Lin R., Liang H., Zhang R., Tian C., Ma Y.",Impact of alfalfa/cotton intercropping and management on some aphid predators in China,10.1046/j.1439-0418.2003.00672.x
544,Previous meta-analysis,TRUE,NA,2003,Brose U.,Bottom-up control of carabid beetle communities in early successional wetlands: Mediated by vegetation structure or plant diversity?,10.1007/s00442-003-1222-7
545,Previous meta-analysis,FALSE,Missing data,2001,"Pitan O.O.R., Odebiyi J.A.",The effect of intercropping with maize on the level of infestation and damage by pod-sucking bugs in cowpea,10.1016/S0261-2194(00)00135-6
546,Previous meta-analysis,FALSE,Unsuitable context,2013,"De Beenhouwer M., Aerts R., Honnay O.",A global meta-analysis of the biodiversity and ecosystem service benefits of coffee and cacao agroforestry,10.1016/j.agee.2013.05.003
547,Previous meta-analysis,FALSE,Unsuitable outcomes,2011,"Cicuzza D., Kessler M., Clough Y., Pitopang R., Leitner D., Tjitrosoedirdjo S.S.","Conservation Value of Cacao Agroforestry Systems for Terrestrial Herbaceous Species in Central Sulawesi, Indonesia",10.1111/j.1744-7429.2010.00741.x
548,Previous meta-analysis,FALSE,Unsuitable intervention,2011,"Rocha M.F., Passamani M., Louzada J.","A small mammal community in a forest fragment, vegetation corridor and coffee matrix system in the brazilian atlantic forest",10.1371/journal.pone.0023312
549,Previous meta-analysis,TRUE,NA,2010,"Jha S., Dick C.W.",Native bees mediate long-distance pollen dispersal in a shade coffee landscape mosaic,10.1073/pnas.1002490107
550,Previous meta-analysis,TRUE,NA,2010,"Hoehn P., Steffan-Dewenter I., Tscharntke T.","Relative contribution of agroforestry, rainforest and openland to local and regional bee diversity",10.1007/s10531-010-9831-z
551,Previous meta-analysis,TRUE,NA,2010,"Moorhead L.C., Philpott S.M., Bichier P.",Epiphyte biodiversity in the coffee agricultural matrix: Canopy stratification and distance from forest fragments [Biodiversidad de epífitas en la matriz agrícola de café: Estratificación del dosel y distancia a los fragmentos de bosque],10.1111/j.1523-1739.2009.01430.x
552,Previous meta-analysis,TRUE,NA,2010,"Larsen A., Philpott S.M.","Twig-Nesting Ants: The Hidden Predators of the Coffee Berry Borer in Chiapas, Mexico",10.1111/j.1744-7429.2009.00603.x
553,Previous meta-analysis,FALSE,Unsuitable population,2010,Lin B.B.,The role of agroforestry in reducing water loss through soil evaporation and crop transpiration in coffee agroecosystems,10.1016/j.agrformet.2009.11.010
554,Previous meta-analysis,FALSE,Unsuitable population,2010,"Ponette-González A.G., Weathers K.C., Curran L.M.","Water inputs across a tropical montane landscape in Veracruz, Mexico: Synergistic effects of land cover, rain and fog seasonality, and interannual precipitation variability",10.1111/j.1365-2486.2009.01985.x
555,Previous meta-analysis,FALSE,Unsuitable population,2010,"Gama-Rodrigues E.F., Nair P.K.R., Nair V.D., Gama-Rodrigues A.C., Baligar V.C., Machado R.C.R.","Carbon storage in soil size fractions under Two cacao agroforestry systems in Bahia, Brazil",10.1007/s00267-009-9420-7
556,Previous meta-analysis,FALSE,Unsuitable population,2010,"Soto-Pinto L., Anzueto M., Mendoza J., Ferrer G.J., de Jong B.","Carbon sequestration through agroforestry in indigenous communities of Chiapas, Mexico",10.1007/s10457-009-9247-5
557,Previous meta-analysis,TRUE,NA,2009,"Kessler M., Abrahamczyk S., Bos M., Buchori D., Putra D.D., Gradstein S.R., Höhn P., Kluge J., Orend F., Pitopang R., Saleh S., Schulze C.H., Sporn S.G., Steffan-Dewenter I., Tjitrosoedirdjo S.S., Tscharntke T.",Alpha and beta diversity of plants and animals along a tropical land-use gradient,10.1890/08-1074.1
558,Previous meta-analysis,FALSE,Unsuitable intervention,2009,"Martínez M.L., Pérez-Maqueo O., Vázquez G., Castillo-Campos G., García-Franco J., Mehltreter K., Equihua M., Landgrave R.",Effects of land use change on biodiversity and ecosystem services in tropical montane cloud forests of Mexico,10.1016/j.foreco.2009.02.023
559,Previous meta-analysis,FALSE,Unsuitable outcomes,2009,"Bisseleua D.H.B., Missoup A.D., Vidal S.","Biodiversity conservation, ecosystem functioning, and economic incentives under cocoa agroforestry intensification",10.1111/j.1523-1739.2009.01220.x
560,Previous meta-analysis,FALSE,Unsuitable intervention,2009,"Rojas A.B., Castaño-Meneses G., Palacios-Vargas J.G., García-Calderón N.E.","Oribatid mites and springtails from a coffee plantation in Sierra Sur, Oaxaca, Mexico [Ácaros oribatídeos e colêmbolos de uma plantação de café em Sierra Sur, Oaxaca, México]",10.1590/S0100-204X2009000800030
561,Previous meta-analysis,TRUE,NA,2009,"Haro-Carrión X., Lozada T., Navarrete H., De Koning G.H.J.",Conservation of vascular epiphyte diversity in shade cacao plantations in the Chocó region of ecuador,10.1111/j.1744-7429.2009.00510.x
562,Previous meta-analysis,FALSE,Unsuitable outcomes,2009,"Méndez V.E., Shapiro E.N., Gilbert G.S.","Cooperative management and its effects on shade tree diversity, soil properties and ecosystem services of coffee plantations in western El Salvador",10.1007/s10457-009-9220-3
563,Previous meta-analysis,FALSE,Missing data,2009,"Johnson M.D., Levy N.J., Kellermann J.L., Robinson D.E.",Effects of shade and bird exclusion on arthropods and leaf damage on coffee farms in Jamaica's Blue Mountains,10.1007/s10457-008-9198-2
564,Previous meta-analysis,FALSE,Unsuitable population,2009,"Hertel D., Harteveld M.A., Leuschner C.",Conversion of a tropical forest into agroforest alters the fine root-related carbon flux to the soil,10.1016/j.soilbio.2008.11.020
565,Previous meta-analysis,FALSE,Unsuitable context,2008,"Philpott S.M., Arendt W.J., Armbrecht I., Bichier P., Diestch T.V., Gordon C., Greenberg R., Perfecto I., Reynoso-Santos R., Soto-Pinto L., Tejeda-Cruz C., Williams-Linera G., Valenzuela J., Zolotoff J.M.","Biodiversity loss in Latin American coffee landscapes: Review of the evidence on ants, birds, and trees",10.1111/j.1523-1739.2008.01029.x
566,Previous meta-analysis,FALSE,Unsuitable context,2008,"Kellermann J.L., Johnson M.D., Stercho A.M., Hackett S.C.",Ecological and economic services provided by birds on Jamaican Blue Mountain coffee farms,10.1111/j.1523-1739.2008.00968.x
567,Previous meta-analysis,FALSE,Missing data,2008,"Ariyanti N.S., Bos M.M., Kartawinata K., Tjitrosoedirdjo S.S., Guhardja E., Robbert Gradstein S.","Bryophytes on tree trunks in natural forests, selectively logged forests and cacao agroforests in Central Sulawesi, Indonesia",10.1016/j.biocon.2008.07.012
568,Previous meta-analysis,TRUE,NA,2008,"Philpott S.M., Bichier P., Rice R.A., Greenberg R.","Biodiversity conservation, yield, and alternative products in coffee agroecosystems in Sumatra, Indonesia",10.1007/s10531-007-9267-2
569,Previous meta-analysis,FALSE,Unsuitable comparator,2008,"Hervé B. B.D., Vidal S.",Plant biodiversity and vegetation structure in traditional cocoa forest gardens in southern Cameroon under different management,10.1007/s10531-007-9276-1
570,Previous meta-analysis,TRUE,NA,2008,"López-Gómez A.M., Williams-Linera G., Manson R.H.","Tree species diversity and vegetation structure in shade coffee farms in Veracruz, Mexico",10.1016/j.agee.2007.09.008
571,Previous meta-analysis,TRUE,NA,2008,Kapoor V.,"Effects of rainforest fragmentation and shade-coffee plantations on spider communities in the Western Ghats, India",10.1007/s10841-006-9062-5
572,Previous meta-analysis,TRUE,NA,2007,"Armbrecht I., Gallego M.C.",Testing ant predation on the coffee berry borer in shaded and sun coffee plantations in Colombia,10.1111/j.1570-7458.2007.00574.x
573,Previous meta-analysis,TRUE,NA,2007,"Faria D., Paciencia M.L.B., Dixo M., Laps R.R., Baumgarten J.","Ferns, frogs, lizards, birds and bats in forest fragments and shade cacao plantations in two contrasting landscapes in the Atlantic forest, Brazil",10.1007/s10531-007-9189-z
574,Previous meta-analysis,TRUE,NA,2007,"Van Bael S.A., Bichier P., Ochoa I., Greenberg R.",Bird diversity in cacao farms and forest fragments of western Panama,10.1007/s10531-007-9193-3
575,Previous meta-analysis,FALSE,Duplicate,2007,"Bos M.M., Steffan-Dewenter I., Tscharntke T.",The contribution of cacao agroforests to the conservation of lower canopy ant and beetle diversity in Indonesia,10.1007/s10531-007-9196-0
576,Previous meta-analysis,TRUE,NA,2007,"Harvey C.A., González Villalobos J.A.",Agroforestry systems conserve species-rich but modified assemblages of tropical birds and bats,10.1007/s10531-007-9194-2
577,Previous meta-analysis,FALSE,Unsuitable comparator,2007,"Sonwa D.J., Nkongmeneck B.A., Weise S.F., Tchatat M., Adesina A.A., Janssens M.J.J.",Diversity of plants in cocoa agroforests in the humid forest zone of Southern Cameroon,10.1007/s10531-007-9187-1
578,Previous meta-analysis,FALSE,Unsuitable outcomes,2007,"Steffan-Dewenter I., Kessler M., Barkmann J., Bos M.M., Buchori D., Erasmi S., Faust H., Gerold G., Glenk K., Gradstein S.R., Guhardja E., Harteveld M., Hertel D., Höhn P., Kappas M., Köhler S., Leuschner C., Maertens M., Marggraf R., Migge-Kleian S., Mogea J., Pitopang R., Schaefer M., Schwarze S., Sporn S.G., Steingrebe A., Tjitrosoedirdjo S.S., Tjitrosoemito S., Twele A., Weber R., Woltmann L., Zeller M., Tscharntke T.","Tradeoffs between income, biodiversity, and ecosystem functioning during tropical rainforest conversion and agroforestry intensification",10.1073/pnas.0608409104
579,Previous meta-analysis,FALSE,Duplicate,2007,"Gordon C., Manson R., Sundberg J., Cruz-Angón A.","Biodiversity, profitability, and vegetation structure in a Mexican coffee agroecosystem",10.1016/j.agee.2006.05.023
580,Previous meta-analysis,FALSE,Missing data,2006,"Senbeta F., Denich M.",Effects of wild coffee management on species diversity in the Afromontane rainforests of Ethiopia,10.1016/j.foreco.2006.05.064
581,Previous meta-analysis,TRUE,NA,2006,"Tylianakis J.M., Klein A.-M., Lozada T., Tscharntke T.","Spatial scale of observation affects a, ß and <U+03B3> diversity of cavity-nesting bees and wasps across a tropical land-use gradient",10.1111/j.1365-2699.2006.01493.x
582,Previous meta-analysis,TRUE,NA,2006,"Bobo K.S., Waltert M., Fermon H., Njokagbor J., Mühlenberg M.",From forest to farmland: Butterfly diversity and habitat associations along a gradient of forest conversion in Southwestern Cameroon,10.1007/s10841-005-8564-x
583,Previous meta-analysis,TRUE,NA,2006,"Faria D., Laps R.R., Baumgarten J., Cetra M.","Bat and bird assemblages from forests and shade cacao plantations in two contrasting landscapes in the Atlantic Forest of southern Bahia, Brazil",10.1007/s10531-005-2089-1
584,Previous meta-analysis,FALSE,Duplicate,2006,"Harvey C.A., Gonzalez J., Somarriba E.","Dung beetle and terrestrial mammal diversity in forests, indigenous agroforestry systems and plantain monocultures in Talamanca, Costa Rica",10.1007/s10531-005-2088-2
585,Previous meta-analysis,TRUE,NA,2006,"Philpott S.M., Perfecto I., Vandermeer J.",Effects of management intensity and season on arboreal ant diversity and abundance in coffee agroecosystems,10.1007/s10531-004-4247-2
586,Previous meta-analysis,TRUE,NA,2006,"Philpott S.M., Uno S., Maldonado J.","The importance of ants and high-shade management to coffee pollination and fruit weight in Chiapas, Mexico",10.1007/s10531-005-0602-1
587,Previous meta-analysis,TRUE,NA,2005,"Barradas Paciencia M.L., Prado J.",Effects of forest fragmentation on pteridophyte diversity in a tropical rain forest in Brazil,10.1007/s11258-005-3025-x
588,Previous meta-analysis,FALSE,Missing data,2005,"Armbrecht I., Rivera L., Perfecto I.",Reduced diversity and complexity in the leaf-litter ant assemblage of Colombian coffee plantations,10.1111/j.1523-1739.2005.00062.x
589,Previous meta-analysis,FALSE,Unsuitable outcomes,2005,"Andersson M.S., Gradstein S.R.",Impact of management intensity on non-vascular epiphyte diversity in cacao plantations in western Ecuador,10.1007/s10531-004-7840-5
590,Previous meta-analysis,TRUE,NA,2005,"Shahabuddin, Schulze C.H., Tscharntke T.",Changes of dung beetle communities from rainforests towards agroforestry systems and annual cultures in Sulawesi (Indonesia),10.1007/s10531-004-0654-7
591,Previous meta-analysis,FALSE,Missing data,2005,"Pineda E., Moreno C., Escobar F., Halffter G.","Frog, Bat, and Dung Beetle Diversity in the Cloud Forest and Coffee Agroecosystems of Veracruz, Mexico",10.1111/j.1523-1739.2005.00531.x
592,Previous meta-analysis,TRUE,NA,2005,Hietz P.,Conservation of vascular epiphyte diversity in Mexican coffee plantations,10.1111/j.1523-1739.2005.00145.x
593,Previous meta-analysis,FALSE,Unsuitable outcomes,2005,"Kessler M., Keßler P.J.A., Gradstein S.R., Bach K., Schmull M., Pitopang R.","Tree diversity in primary forest and different land use systems in Central Sulawesi, Indonesia",10.1007/s10531-004-3914-7
594,Previous meta-analysis,TRUE,NA,2004,Pardini R.,Effects of forest fragmentation on small mammals in an Atlantic Forest landscape,10.1023/B:BIOC.0000048452.18878.2d
595,Previous meta-analysis,FALSE,Unsuitable outcomes,2004,"Carlo T.A., Collazo J.A., Groom M.J.",Influences of fruit diversity and abundance on bird use of two shaded coffee plantations,NA
596,Previous meta-analysis,FALSE,Unsuitable population,2004,"Rolim S.G., Chiarello A.G.",Slow death of Atlantic forest trees in cocoa agroforestry in southeastern Brazil,10.1007/s10531-004-2142-5
597,Previous meta-analysis,TRUE,NA,2004,"Tejeda-Cruz C., Sutherland W.J.",Bird responses to shade coffee production,10.1017/S1367943004001258
598,Previous meta-analysis,FALSE,Unsuitable outcomes,2004,"Sperber C.F., Nakayama K., Valverde M.J., De Siqueira Neves F.",Tree species richness and density affect parasitoid diversity in cacao agroforestry,10.1016/j.baae.2004.04.001
599,Previous meta-analysis,FALSE,Unsuitable comparator,2003,"Daily G.C., Ceballos G., Pacheco J., Suzán G., Sánchez-Azofeifa A.",Countryside Biogeography of Neotropical Mammals: Conservation Opportunities in Agricultural Landscapes of Costa Rica,10.1111/j.1523-1739.2003.00298.x
600,Previous meta-analysis,FALSE,Duplicate,2003,"Perfecto I., Mas A., Dietsch T., Vandermeer J.",Conservation of biodiversity in coffee agroecosystems: A tri-taxa comparison in southern Mexico,10.1023/A:1023039921916
601,Previous meta-analysis,FALSE,Unsuitable outcomes,2003,"Peeters L.Y.K., Soto-Pinto L., Perales H., Montoya G., Ishiki M.","Coffee production, timber, and firewood in traditional and Inga-shaded plantations in Southern Mexico",10.1016/S0167-8809(02)00204-9
602,Previous meta-analysis,FALSE,Unsuitable outcomes,2003,"Mas A.H., Dietsch T.V.",An index of management intensity for coffee agroecosystems to evaluate butterfly species richness,10.1890/01-5229
603,Previous meta-analysis,TRUE,NA,2003,"Armbrecht I., Perfecto I.",Litter-twig dwelling ant species richness and predation potential within a forest fragment and neighboring coffee plantations of contrasting habitat quality in Mexico,10.1016/S0167-8809(03)00128-2
604,Previous meta-analysis,FALSE,Unsuitable outcomes,2002,"Soto-Pinto L., Perfecto I., Caballero-Nieto J.","Shade over coffee: Its effects on berry borer, leaf rust and spontaneous herbs in Chiapas, Mexico",10.1023/A:1020266709570
605,Previous meta-analysis,TRUE,NA,2002,"Romero-Alvarado Y., Soto-Pinto L., García-Barrios L., Barrera-Gaytán J.F.","Coffee yields and soil nutrients under the shades of Inga sp. vs. multiple species in Chiapas, Mexico",10.1023/A:1016013730154
606,Previous meta-analysis,TRUE,NA,2001,"Reitsma R., Parrish J.D., Mclarney W.",The role of cacao plantations in maintaining forest avian diversity in southeastern Costa Rica,10.1023/A:1013328621106
607,Previous meta-analysis,TRUE,NA,2001,"Ricketts T.H., Daily G.C., Ehrlich P.R., Fay J.P.",Countryside biogeography of moths in a fragmented landscape: Biodiversity in native and agricultural habitats,10.1046/j.1523-1739.2001.015002378.x
608,Previous meta-analysis,TRUE,NA,2001,"Glor R.E., Flecker A.S., Benard M.F., Power A.G.",Lizard diversity and agricultural disturbance in a Caribbean forest landscape,10.1023/A:1016665011087
609,Previous meta-analysis,TRUE,NA,1999,"Petit L.J., Petit D.R., Christian D.G., Powell H.D.W.",Bird communities of natural and modified habitats in Panama,10.1111/j.1600-0587.1999.tb00505.x
610,Previous meta-analysis,FALSE,Duplicate,1997,"Greenberg R., Bichier P., Angon A.C., Reitsma R.",Bird populations in shade and sun coffee plantations in central Guatemala,10.1046/j.1523-1739.1997.95464.x
611,Previous meta-analysis,TRUE,NA,1997,"Greenberg R., Bichier P., Sterling J.","Bird populations in rustic and planted shade coffee plantations of eastern Chiapas, México",10.1111/j.1744-7429.1997.tb00044.x
612,Previous meta-analysis,TRUE,NA,1994,"Roth D.S., Perfecto I., Rathcke B.",The effects of management systems on ground-foraging ant diversity in Costa Rica,10.2307/1941947
613,Previous meta-analysis,TRUE,NA,1994,"Estrada A., Coates-Estrada R., Meritt D., Jr.","Non flying mammals and landscape changes in the tropical rain forest region of Los Tuxtlas, Mexico",10.1111/j.1600-0587.1994.tb00098.x
614,Previous meta-analysis,FALSE,Unsuitable context,2011,"Garibaldi L.A., Steffan-Dewenter I., Kremen C., Morales J.M., Bommarco R., Cunningham S.A., Carvalheiro L.G., Chacoff N.P., Dudenhöffer J.H., Greenleaf S.S., Holzschuh A., Isaacs R., Krewenka K., Mandelik Y., Mayfield M.M., Morandin L.A., Potts S.G., Ricketts T.H., Szentgyörgyi H., Viana B.F., Westphal C., Winfree R., Klein A.M.",Stability of pollination services decreases with isolation from natural areas despite honey bee visits,10.1111/j.1461-0248.2011.01669.x
615,Previous meta-analysis,FALSE,Unsuitable outcomes,2011,"Carvalheiro L.G., Veldtman R., Shenkute A.G., Tesfay G.B., Pirk C.W.W., Donaldson J.S., Nicolson S.W.",Natural and within-farmland biodiversity enhances crop productivity,10.1111/j.1461-0248.2010.01579.x
616,Previous meta-analysis,FALSE,Unsuitable population,2010,"Arthur A.D., Li J., Henry S., Cunningham S.A.",Influence of woody vegetation on pollinator densities in oilseed Brassica fields in an Australian temperate landscape,10.1016/j.baae.2010.05.001
617,Previous meta-analysis,FALSE,Unsuitable intervention,2010,"Carvalheiro L.G., Seymour C.L., Veldtman R., Nicolson S.W.",Pollination services decline with distance from natural habitat even in biodiversity-rich areas,10.1111/j.1365-2664.2010.01829.x
618,Previous meta-analysis,FALSE,Unsuitable intervention,2010,"Isaacs R., Kirk A.K.",Pollination services provided to small and large highbush blueberry fields by wild and managed bees,10.1111/j.1365-2664.2010.01823.x
619,Previous meta-analysis,FALSE,Unsuitable outcomes,2009,Klein A.M.,Nearby rainforest promotes coffee pollination by increasing spatio-temporal stability in bee species richness,10.1016/j.foreco.2009.05.005
620,Previous meta-analysis,FALSE,Unsuitable population,2009,"Carré G., Roche P., Chifflet R., Morison N., Bommarco R., Harrison-Cripps J., Krewenka K., Potts S.G., Roberts S.P.M., Rodet G., Settele J., Steffan-Dewenter I., Szentgyörgyi H., Tscheulin T., Westphal C., Woyciechowski M., Vaissière B.E.",Landscape context and habitat type as drivers of bee diversity in European annual crops,10.1016/j.agee.2009.05.001
621,Previous meta-analysis,FALSE,Unsuitable intervention,2008,"Winfree R., Williams N.M., Gaines H., Ascher J.S., Kremen C.","Wild bee pollinators provide the majority of crop visitation across land-use gradients in New Jersey and Pennsylvania, USA",10.1111/j.1365-2664.2007.01418.x
622,Previous meta-analysis,FALSE,Unsuitable context,2008,"Ricketts T.H., Regetz J., Steffan-Dewenter I., Cunningham S.A., Kremen C., Bogdanski A., Gemmill-Herren B., Greenleaf S.S., Klein A.M., Mayfield M.M., Morandin L.A., Ochieng' A., Viana B.F.",Landscape effects on crop pollination services: Are there general patterns?,10.1111/j.1461-0248.2008.01157.x
623,Previous meta-analysis,FALSE,Unsuitable population,2008,"Chacoff N.P., Aizen M.A., Aschero V.",Proximity to forest edge does not affect crop production despite pollen limitation,10.1098/rspb.2007.1547
624,Previous meta-analysis,FALSE,Unsuitable population,2007,"Winfree R., Williams N.M., Dushoff J., Kremen C.",Native bees provide insurance against ongoing honey bee losses,10.1111/j.1461-0248.2007.01110.x
625,Previous meta-analysis,FALSE,Unsuitable population,2006,"Blanche K.R., Ludwig J.A., Cunningham S.A.",Proximity to rainforest enhances pollination and fruit set in orchards,10.1111/j.1365-2664.2006.01230.x
626,Previous meta-analysis,FALSE,Unsuitable population,2006,"Greenleaf S.S., Kremen C.",Wild bees enhance honey bees' pollination of hybrid sunflower,10.1073/pnas.0600929103
627,Previous meta-analysis,FALSE,Unsuitable population,2005,"Blanche R., Cunningham S.A.",Rain forest provides pollinating beetles for atemoya crops,10.1603/0022-0493-98.4.1193
628,Previous meta-analysis,FALSE,Unsuitable population,2005,Mayfield M.M.,The importance of nearby forest to known and potential pollinators of oil palm (Elaeis guineënsis Jacq.; Areceaceae) in Southern Costa Rica,10.1663/0013-0001(2005)059[0190:TIONFT]2.0.CO;2
629,Previous meta-analysis,FALSE,Unsuitable intervention,2005,"Morandin L.A., Winston M.L.","Wild bee abundance and seed production in conventional, organic, and genetically modified canola",10.1890/03-5271
630,Previous meta-analysis,FALSE,Unsuitable outcomes,2004,"Kremen C., Williams N.M., Bugg R.L., Fay J.P., Thorp R.W.",The area requirements of an ecosystem service: Crop pollination by native bee communities in California,10.1111/j.1461-0248.2004.00662.x
631,Previous meta-analysis,FALSE,Unsuitable population,2004,Ricketts T.H.,Tropical forest fragments enhance pollinator activity in nearby coffee crops,10.1111/j.1523-1739.2004.00227.x
632,Previous meta-analysis,FALSE,Unsuitable population,2004,"Ricketts T.H., Daily G.C., Ehrlich P.R., Michener C.D.",Economic value of tropical forest to coffee production,10.1073/pnas.0405147101
633,Previous meta-analysis,TRUE,NA,2002,"Kremen C., Williams N.M., Thorp R.W.",Crop pollination from native bees at risk from agricultural intensification,10.1073/pnas.262413599
634,Previous meta-analysis,FALSE,Unsuitable context,2014,"Iverson A.L., Marín L.E., Ennis K.K., Gonthier D.J., Connor-Barrie B.T., Remfert J.L., Cardinale B.J., Perfecto I.",Do polycultures promote win-wins or trade-offs in agricultural ecosystem services? A meta-analysis,10.1111/1365-2664.12334
635,Previous meta-analysis,TRUE,NA,2012,"Ramalho F.S., Fernandes F.S., Nascimento A.R.B., Nascimento Jr. J.L., Malaquias J.B., Silva C.A.D.","Feeding damage from cotton aphids, Aphis gossypii glover (Hemiptera: Heteroptera: Aphididae), in cotton with colored fiber intercropped with fennel",10.1603/AN11122
636,Previous meta-analysis,FALSE,Missing data,2011,"Lenardis A.E., Morvillo C.M., Gil A., de la Fuente E.B.",Arthropod communities related to different mixtures of oil (Glycine max L. Merr.) and essential oil (Artemisia annua L.) crops,10.1016/j.indcrop.2010.12.001
637,Previous meta-analysis,FALSE,Unsuitable outcomes,2009,"Hummel J.D., Dosdall L.M., Clayton G.W., Kelly Turkington T., Lupwayi N.Z., Neil Harker K., O'Donovan J.T.",Canola-wheat intercrops for improved agronomic performance and integrated pest management,10.2134/agronj2009.0032
638,Previous meta-analysis,TRUE,NA,2009,"Belay D., Schulthess F., Omwega C.",The profitability of maize-haricot bean intercropping techniques to control maize stem borers under low pest densities in Ethiopia,10.1007/s12600-008-0002-7
639,Previous meta-analysis,FALSE,Unavailable study,2007,"Srinivasa Rao M., Rama Rao C.A., Sree Vani G., Anjaiah E.",Impact of crop-crop diversity on pod-borer (Helicoverpa armigera) of pigeonpea (Cajanus cajan),NA
640,Previous meta-analysis,TRUE,NA,2006,"Gianoli E., Ramos I., Alfaro-Tapia A., Valdéz Y., Echegaray E.R., Yábar E.","Benefits of a maize-bean-weeds mixed cropping system in Urubamba Valley, Peruvian Andes",10.1080/09670870600796722
641,Previous meta-analysis,FALSE,Missing data,2006,"Arim O.J., Waceke J.W., Waudo S.W., Kimenju J.W.",Effects of Canavalia ensiformis and Mucuna pruriens intercrops on Pratylenchus zeae damage and yield of maize in subsistence agriculture,10.1007/s11104-006-0053-9
642,Previous meta-analysis,FALSE,Missing data,2005,"Chabi-Olaye A., Nolte C., Schulthess F., Borgemeister C.","Relationships of intercropped maize, stem borer damage to maize yield and land-use efficiency in the humid forest of Cameroon",10.1079/BER2005373
643,Previous meta-analysis,TRUE,NA,2005,"Skelton L.E., Barrett G.W.",A comparison of conventional and alternative agroecosystems using alfalfa (Medicago sativa) and winter wheat (Triticum aestivum),10.1079/RAF200478
644,Previous meta-analysis,TRUE,NA,2005,"Schader C., Zaller J.G., Köpke U.","Cotton-basil intercropping: Effects on pests, yields and economical parameters in an organic field in Fayoum, Egypt",10.1080/01448765.2005.9755308
645,Previous meta-analysis,TRUE,NA,2005,"Maluleke M.H., Addo-Bediako A., Ayisi K.K.",Influence of maize/lablab intercropping on lepidopterous stem borer infestation in maize,10.1093/jee/98.2.384
646,Previous meta-analysis,TRUE,NA,2004,"Hooks C.R.R., Johnson M.W.","Using undersown clovers as living mulches: Effects on yields, lepidopterous pest infestations, and spider densities in a Hawaiian broccoli agroecosystem",10.1080/09670870410001663462
647,Previous meta-analysis,FALSE,Missing data,2003,"Nabirye J., Nampala P., Ogenga-Latigo M.W., Kyamanywa S., Wilson H., Odeke V., Iceduna C., Adipala E.",Farmer-participatory evaluation of cowpea integrated pest management (IPM) technologies in Eastern Uganda,10.1016/S0261-2194(02)00094-7
648,Previous meta-analysis,FALSE,Unsuitable outcomes,2003,"Sekamatte B.M., Ogenga-Latigo M., Russell-Smith A.","Effects of maize-legume intercrops on termite damage to maize, activity of predatory ants and maize yields in Uganda",10.1016/S0261-2194(02)00115-1
649,Previous meta-analysis,TRUE,NA,2003,"Showler A.T., Greenberg S.M.","Effects of weeds on selected arthropod herbivore and natural enemy populations, and on cotton growth and yield",10.1603/0046-225X-32.1.39
650,Previous meta-analysis,TRUE,NA,1999,"Ogol C.K.P.O., Spence J.R., Keddie A.","Maize stem borer colonization, establishment and crop damage levels in a maize-leucaena agroforestry system in Kenya",10.1016/S0167-8809(99)00077-8
651,Previous meta-analysis,TRUE,NA,1998,"Hooks C.R.R., Valenzuela H.R., Defrank J.",Incidence of pests and arthropod natural enemies in zucchini grown with living mulches,10.1016/S0167-8809(98)00110-8
652,Previous meta-analysis,FALSE,Missing data,1997,"Schellhorn N.A., Sork V.L.","The impact of weed diversity on insect population dynamics and crop yield in collards, Brassica oleraceae (Brassicaceae)",10.1007/s004420050230
653,Previous meta-analysis,FALSE,Missing data,1995,"Williams C.E., Pavuk D.M., Taylor D.H., Martin T.H.",Parasitism and disease incidence in the green cloverworm (Lepidoptera: Noctuidae) in strip-intercropped soybean agroecosystems,10.1093/ee/24.2.253
654,Previous meta-analysis,TRUE,NA,1994,"Weiss M.J., Schatz B.G., Gardner J.C., Nead B.A.",Flea beetle (Coleoptera: Chrysomelidae) populations and crop yield in field pea and oilseed rape intercrops,10.1093/ee/23.3.654
655,Previous meta-analysis,TRUE,NA,1992,"Rodenhouse N.L., Barrett G.W., Zimmerman D.M., Kemp J.C.",Effects of uncultivated corridors on arthropod abundances and crop yields in soybean agroecosystems,10.1016/0167-8809(92)90143-Y
656,Previous meta-analysis,FALSE,Missing data,1984,"Nordlund D.A., Chalfant R.B., Lewis W.J.","Arthropod populations, yield and damage in monocultures and polycultures of corn, beans and tomatoes",10.1016/0167-8809(84)90007-0
657,Previous meta-analysis,TRUE,NA,1986,"Letourneau, D.",Associational resistance in squash monocultures and polycultures in tropical Mexico,10.1093/ee/15.2.285
658,Previous meta-analysis,FALSE,Unsuitable context,2013,"Kennedy C.M., Lonsdorf E., Neel M.C., Williams N.M., Ricketts T.H., Winfree R., Bommarco R., Brittain C., Burley A.L., Cariveau D., Carvalheiro L.G., Chacoff N.P., Cunningham S.A., Danforth B.N., Dudenhöffer J.-H., Elle E., Gaines H.R., Garibaldi L.A., Gratton C., Holzschuh A., Isaacs R., Javorek S.K., Jha S., Klein A.M., Krewenka K., Mandelik Y., Mayfield M.M., Morandin L., Neame L.A., Otieno M., Park M., Potts S.G., Rundlöf M., Saez A., Steffan-Dewenter I., Taki H., Viana B.F., Westphal C., Wilson J.K., Greenleaf S.S., Kremen C.",A global quantitative synthesis of local and landscape effects on wild bee pollinators in agroecosystems,10.1111/ele.12082
659,Previous meta-analysis,FALSE,Unsuitable population,2012,"Holzschuh A., Dudenhöffer J.-H., Tscharntke T.","Landscapes with wild bee habitats enhance pollination, fruit set and yield of sweet cherry",10.1016/j.biocon.2012.04.032
660,Previous meta-analysis,FALSE,Unsuitable intervention,2012,"Klein A.-M., Brittain C., Hendrix S.D., Thorp R., Williams N., Kremen C.",Wild pollination services to California almond rely on semi-natural habitat,10.1111/j.1365-2664.2012.02144.x
661,Previous meta-analysis,FALSE,Unsuitable population,2012,"Sáez A., Sabatino M., Aizen M.A.",Interactive effects of large- and small-scale sources of feral honey-bees for sunflower in the Argentine Pampas,10.1371/journal.pone.0030968
662,Previous meta-analysis,FALSE,Unsuitable context,2012,"Bommarco R., Lundin O., Smith H.G., Rundlöf M.",Drastic historic shifts in bumble-bee community composition in Sweden,10.1098/rspb.2011.0647
663,Previous meta-analysis,FALSE,Unsuitable population,2010,"Taki H., Okabe K., Yamaura Y., Matsuura T., Sueyoshi M., Makino S., Maeto K.",Effects of landscape metrics on Apis and non-Apis pollinators and seed set in common buckwheat,10.1016/j.baae.2010.08.004
664,Previous meta-analysis,FALSE,Unsuitable population,2009,"Taki H., Okabe K., Makino S., Yamaura Y., Sueyoshi M.","Contribution of small insects to pollination of common buckwheat, a distylous crop",10.1111/j.1744-7348.2009.00326.x
665,Previous meta-analysis,FALSE,Unsuitable population,2009,"Tuell J.K., Ascher J.S., Isaacs R.",Wild bees (Hymenoptera: Apoidea: Anthophila) of the Michigan Highbush blueberry agroecosystem,10.1603/008.102.0209
666,Previous meta-analysis,FALSE,Unsuitable population,2006,"Morandin L.A., Winston M.L.",Pollinators provide economic incentive to preserve natural land in agroecosystems,10.1016/j.agee.2006.02.012
667,Previous meta-analysis,FALSE,Unsuitable context,2018,"Koricheva J., Hayes D.",The relative importance of plant intraspecific diversity in structuring arthropod communities: A meta-analysis,10.1111/1365-2435.13062
668,Previous meta-analysis,FALSE,Unsuitable outcomes,2017,"Cook-Patton S.C., Hastings A.P., Agrawal A.A.",Genotypic diversity mitigates negative effects of density on plant performance: a field experiment and life cycle analysis of common evening primrose Oenothera biennis,10.1111/1365-2745.12717
669,Previous meta-analysis,FALSE,Unsuitable context,2017,"Grettenberger I.M., Tooker J.F.",Variety mixtures of wheat influence aphid populations and attract an aphid predator,10.1007/s11829-016-9477-1
670,Previous meta-analysis,FALSE,Unsuitable intervention,2017,"Fernandez-Conradi P., Jactel H., Hampe A., Leiva M.J., Castagneyrol B.",The effect of tree genetic diversity on insect herbivory varies with insect abundance,10.1002/ecs2.1637
671,Previous meta-analysis,TRUE,NA,2017,"Bustos-Segura C., Poelman E.H., Reichelt M., Gershenzon J., Gols R.",Intraspecific chemical diversity among neighbouring plants correlates positively with plant size and herbivore load but negatively with herbivore damage,10.1111/ele.12713
672,Previous meta-analysis,TRUE,NA,2016,"Abdala-Roberts L., Hernández-Cumplido J., Chel-Guerrero L., Betancur-Ancona D., Benrey B., Moreira X.",Effects of plant intraspecific diversity across three trophic levels: Underlying mechanisms and plant traits,10.3732/ajb.1600234
673,Previous meta-analysis,FALSE,Unsuitable outcomes,2016,"Moreno C.R., London M.S., Gliessman S.R.",Influence of a Native Solanum tuberosum ssp. andigenum Potato Variety on Management of the Guatemalan Potato Moth in the Venezuelan Andes,10.1007/s12230-016-9498-4
674,Previous meta-analysis,FALSE,Unsuitable outcomes,2016,"Ssekandi W., Mulumba J.W., Colangelo P., Nankya R., Fadda C., Karungi J., Otim M., De Santis P., Jarvis D.I.",The use of common bean (Phaseolus vulgaris) traditional varieties and their mixtures with commercial varieties to manage bean fly (Ophiomyia spp.) infestations in Uganda,10.1007/s10340-015-0678-7
675,Previous meta-analysis,FALSE,Unsuitable intervention,2016,"Abdala-Roberts L., González-Moreno A., Mooney K.A., Moreira X., González-Hernández A., Parra-Tabla V.",Effects of tree species diversity and genotypic diversity on leafminers and parasitoids in a tropical forest plantation,10.1111/afe.12132
676,Previous meta-analysis,FALSE,Unsuitable intervention,2015,"Abdala-Roberts L., Mooney K.A., Quijano-Medina T., Campos-Navarrete M.J., González-Moreno A., Parra-Tabla V.",Comparison of tree genotypic diversity and species diversity effects on different guilds of insect herbivores,10.1111/oik.02033
677,Previous meta-analysis,FALSE,Unsuitable intervention,2015,"Campos-Navarrete M.J., Munguía-Rosas M.A., Abdala-Roberts L., Quinto J., Parra-Tabla V.",Effects of Tree Genotypic Diversity and Species Diversity on the Arthropod Community Associated with Big-leaf Mahogany,10.1111/btp.12250
678,Previous meta-analysis,FALSE,Unsuitable intervention,2015,"Campos-Navarrete M.J., Abdala-Roberts L., Munguía-Rosas M.A., Parra-Tabla V.",Are tree species diversity and genotypic diversity effects on insect herbivores mediated by ants?,10.1371/journal.pone.0132671
679,Previous meta-analysis,FALSE,Unsuitable outcomes,2015,"Abdala-Roberts L., Berny-Mier y Terán J.C., Moreira X., Durán-Yáñez A., Tut-Pech F.",Effects of pepper (Capsicum chinense) genotypic diversity on insect herbivores,10.1111/afe.12125
680,Previous meta-analysis,FALSE,Unsuitable intervention,2015,"Barton K.E., Valkama E., Vehviläinen H., Ruohomäki K., Knight T.M., Koricheva J.",Additive and non-additive effects of birch genotypic diversity on arthropod herbivory in a long-term field experiment,10.1111/oik.01663
681,Previous meta-analysis,TRUE,NA,2014,"Pan P., Qin Y.",Genotypic diversity of soybean in mixed cropping can affect the populations of insect pests and their natural enemies,10.1080/09670874.2014.974725
682,Previous meta-analysis,FALSE,Unsuitable intervention,2014,"Abdala-Roberts L., Mooney K.A.",Ecological and evolutionary consequences of plant genotype diversity in a tri-trophic system,NA
683,Previous meta-analysis,FALSE,Unsuitable intervention,2014,"Moreira X., Abdala-Roberts L., Parra-Tabla V., Mooney K.A.",Positive effects of plant genotypic and species diversity on anti-herbivore defenses in a tropical tree species,10.1371/journal.pone.0105438
684,Previous meta-analysis,TRUE,NA,2014,"Parachnowitsch A.L., Cook-Patton S.C., McArt S.H.",Neighbours matter: natural selection on plant size depends on the identity and diversity of the surrounding community,10.1007/s10682-014-9727-6
685,Previous meta-analysis,TRUE,NA,2013,"McArt S.H., Thaler J.S.",Plant genotypic diversity reduces the rate of consumer resource utilization,10.1098/rspb.2013.0639
686,Previous meta-analysis,FALSE,Unsuitable intervention,2013,"Moreira X., Mooney K.A.",Influence of plant genetic diversity on interactions between higher trophic levels,10.1098/rsbl.2013.0133
687,Previous meta-analysis,FALSE,Unsuitable intervention,2013,"Crawford K.M., Rudgers J.A.",Genetic diversity within a dominant plant outweighs plant species diversity in structuring an arthropod community,10.1890/12-1468.1
688,Previous meta-analysis,FALSE,Unsuitable intervention,2012,"Castagneyrol B., Lagache L., Giffard B., Kremer A., Jactel H.",Genetic Diversity Increases Insect Herbivory on Oak Saplings,10.1371/journal.pone.0044247
689,Previous meta-analysis,FALSE,Unsuitable intervention,2012,"Ferrier S.M., Bangert R.K., Hersch-Green E.I., Bailey J.K., Allan G.J., Whitham T.G.",Unique arthropod communities on different host-plant genotypes results in greater arthropod diversity,10.1007/s11829-011-9177-9
690,Previous meta-analysis,TRUE,NA,2012,"McArt S.H., Cook-Patton S.C., Thaler J.S.","Relationships between arthropod richness, evenness, and diversity are altered by complementarity among plant genotypes",10.1007/s00442-011-2150-6
691,Previous meta-analysis,FALSE,Unsuitable context,2011,"Jones T.S., Allan E., Härri S.A., Krauss J., Müller C.B., Van Veen F.J.F.",Effects of genetic diversity of grass on insect species diversity at higher trophic levels are not due to cascading diversity effects,10.1111/j.1600-0706.2010.18957.x
692,Previous meta-analysis,FALSE,Missing data,2011,"Ninkovic V., Abassi S.A., Ahmed E., Glinwood R., Pettersson J.",Effect of within-species plant genotype mixing on habitat preference of a polyphagous insect predator,10.1007/s00442-010-1839-2
693,Previous meta-analysis,TRUE,NA,2011,"Cook-Patton S.C., Mcart S.H., Parachnowitsch A.L., Thaler J.S., Agrawal A.A.",A direct comparison of the consequences of plant genotypic and species diversity on communities and ecosystem function,10.1890/10-0999.1
694,Previous meta-analysis,FALSE,Unsuitable intervention,2011,"Utsumi S., Ando Y., Craig T.P., Ohgushi T.",Plant genotypic diversity increases population size of a herbivorous insect,10.1098/rspb.2011.0239
695,Previous meta-analysis,TRUE,NA,2010,"Hambäck P.A., Björkman M., Hopkins R.J.",Patch size effects are more important than genetic diversity for plant-herbivore interactions in Brassica crops,10.1111/j.1365-2311.2010.01186.x
696,Previous meta-analysis,FALSE,Unsuitable intervention,2010,"Hughes A.R., Best R.J., Stachowicz J.J.",Genotypic diversity and grazer identity interactively influence seagrass and grazer biomass,10.3354/meps08506
697,Previous meta-analysis,FALSE,Unsuitable intervention,2010,"Genung M.A., Lessard J.-P., Brown C.B., Bunn W.A., Cregger M.A., Reynolds Wm.N., Felker-Quinn E., Stevenson M.L., Hartley A.S., Crutsinger G.M., Schweitzer J.A., Bailey J.K.",Non-additive effects of genotypic diversity increase floral abundance and abundance of floral visitors,10.1371/journal.pone.0008711
698,Previous meta-analysis,FALSE,Unsuitable outcomes,2010,"Parker J.D., Salminen J.P., Agrawal A.A.",Herbivory enhances positive effects of plant genotypic diversity,10.1111/j.1461-0248.2010.01452.x
699,Previous meta-analysis,FALSE,Unsuitable outcomes,2010,"Kotowska A.M., Cahill Jr. J.F., Keddie B.A.",Plant genetic diversity yields increased plant productivity and herbivore performance,10.1111/j.1365-2745.2009.01606.x
700,Previous meta-analysis,FALSE,Unsuitable population,2009,"Gómez Jiménez M.I., Poveda K.",Synergistic effects of repellents and attractants in potato tuber moth control,10.1016/j.baae.2009.06.009
701,Previous meta-analysis,FALSE,Unsuitable intervention,2009,"Kanaga M.K., Latta L.C., Mock K.E., Ryel R.J., Lindroth R.L., Pfrender M.E.",Plant genotypic diversity and environmental stress interact to negatively affect arthropod community diversity,10.1007/s11829-009-9073-8
702,Previous meta-analysis,FALSE,Unsuitable intervention,2009,Underwood N.,Effect of genetic variance in plant quality on the population dynamics of a herbivorous insect,10.1111/j.1365-2656.2009.01540.x
703,Previous meta-analysis,FALSE,Unsuitable intervention,2008,"Crutsinger G.M., Collins M.D., Fordyce J.A., Sanders N.J.",Temporal dynamics in non-additive responses of arthropods to host-plant genotypic diversity,10.1111/j.2007.0030-1299.16276.x
704,Previous meta-analysis,FALSE,Unsuitable intervention,2007,"Crawford K.M., Crutsinger G.M., Sanders N.J.",Host-plant genotypic diversity mediates the distribution of an ecosystem engineer,10.1890/06-1441.1
705,Previous meta-analysis,TRUE,NA,2006,"Johnson M.T.J., Lajeunesse M.J., Agrawal A.A.",Additive and interactive effects of plant genotypic diversity on arthropod communities and plant fitness,10.1111/j.1461-0248.2005.00833.x
706,Previous meta-analysis,FALSE,Missing data,2001,"Sserubombwe W.S., Thresh J.M., Otim-Nape G.W., Osiru D.O.S.",Progress of cassava mosaic virus disease and whitefly vector populations in single and mixed stands of four cassava varieties grown under epidemic conditions in Uganda,10.1111/j.1744-7348.2001.tb00098.x
707,Previous meta-analysis,FALSE,Unsuitable intervention,2000,"Peacock L., Herrick S.",Responses of the willow beetle Phratora vulgatissima to genetically and spatially diverse Salix spp. plantations,10.1046/j.1365-2664.2000.00528.x
708,Previous meta-analysis,FALSE,Missing data,2000,"Mitchell E.R., Hu G., Johanowicz D.",Management of diamondback moth I (Lepidoptera: Plutellidae) in cabbage using collard as a trap crop,NA
709,Previous meta-analysis,FALSE,Missing data,1995,Letourneau D.K.,Associational susceptibility: Effects of cropping pattern and fertilizer on Malawian bean fly levels,10.2307/1941990
710,Previous meta-analysis,FALSE,Missing data,1991,"Midmore D.J., Alcazar J.","Mixed planting of potato cultivars: Growth, yield and leafminer damage in the cool tropics",10.1017/S0014479700019025
711,Previous meta-analysis,FALSE,Missing data,1991,Power A.G.,Virus spread and vector dynamics in genetically diverse plant populations,10.2307/1938917
712,Previous meta-analysis,FALSE,Missing data,1990,"Gold C.S., Altleri M.A., Bellotti A.C.","Effects of intercropping and varietal mixtures on the cassava hornworm, erinnyis ello l. (lepidoptera: Sphingidae), and the stemborer, chilomima clarkei (amsel) (lepidoptera: Pyralidae), in colombia",10.1080/09670879009371512
713,Previous meta-analysis,FALSE,Missing data,1989,"Gold C.S., Altieri M.A., Bellotti A.C.",Effects of cassava varietal mixtures on the whiteflies Aleurotrachelus socialis and Triateurodes variabilis in Colombia,10.1111/j.1570-7458.1989.tb03566.x
714,Previous meta-analysis,FALSE,Missing data,1989,"Gold C.S., Altieri M.A., Bellotti A.C.",The effects of intercropping and mixed varieties of predators and parasitoids of cassava whiteflies (Hemiptera: Aleyrodidae) in Colombia,10.1017/S0007485300018629
715,Previous meta-analysis,TRUE,NA,1988,Power A.G.,Leafhopper response to genetically diverse maize stands,10.1111/j.1570-7458.1988.tb01182.x
716,Previous meta-analysis,FALSE,Unsuitable outcomes,2008,"Gao F., Ge F., Liu X., Song Y.",Impact of insecticides on the structure and productivity of insect pest and natural enemy communities associated with intercropping in cotton agroecosystems,10.1080/09670870701621290
717,Previous meta-analysis,FALSE,Missing data,2008,"Kamunya S.M., Wachira F.N., Lang'at J., Otieno W., Sudoi V.",Integrated management of root knot nematode (Meloidogyne spp.) in tea (Camellia sinensis) in Kenya,10.1080/09670870701757896
718,Previous meta-analysis,TRUE,NA,2008,"Midega C.A.O., Khan Z.R., Van Den Berg J., Ogol C.K.P.O., Dippenaar-Schoeman A.S., Pickett J.A., Wadhams L.J.",Response of ground-dwelling arthropods to a 'push-pull' habitat management system: Spiders as an indicator group,10.1111/j.1439-0418.2007.01260.x
719,Previous meta-analysis,TRUE,NA,2008,"Khan Z.R., Midega C.A.O., Amudavi D.M., Hassanali A., Pickett J.A.",On-farm evaluation of the 'push-pull' technology for the control of stemborers and striga weed on maize in western Kenya,10.1016/j.fcr.2007.12.002
720,Previous meta-analysis,TRUE,NA,2007,"Björkman M., Hambäck P.A., Rämert B.",Neighbouring monocultures enhance the effect of intercropping on the turnip root fly (Delia floralis),10.1111/j.1570-7458.2007.00589.x
721,Previous meta-analysis,FALSE,Missing data,2007,"Cai H.J., Li Z.S., You M.S.","Impact of habitat diversification on arthropod communities: A study in the fields of Chinese cabbage, Brassica chinensis",10.1111/j.1744-7917.2007.00150.x
722,Previous meta-analysis,TRUE,NA,2007,"Wale M., Schulthess F., Kairu E.W., Omwega C.O.",Effect of cropping systems on cereal stemborers in the cool-wet and semi-arid ecozones of the Amhara region of Ethiopia,10.1111/j.1461-9563.2007.00324.x
723,Previous meta-analysis,FALSE,Missing data,2007,"Songa J.M., Jiang N., Schulthess F., Omwega C.",The role of intercropping different cereal species in controlling lepidopteran stemborers on maize in Kenya,10.1111/j.1439-0418.2006.01116.x
724,Previous meta-analysis,FALSE,Unsuitable outcomes,2006,"Bell V.A., Brightwell R.J., Lester P.J.",Increasing vineyard floral resources may not enhance localised biological control of the leafroller Epiphyas postvittana (Lepidoptera: Tortricidae) by Dolichogenidea spp. (Hymenoptera: Braconidae) parasitoids,10.1080/09583150600828502
725,Previous meta-analysis,FALSE,Unsuitable comparator,2006,"Jones G.A., Sieving K.E.",Intercropping sunflower in organic vegetables to augment bird predators of arthropods,10.1016/j.agee.2006.03.026
726,Previous meta-analysis,FALSE,Unsuitable outcomes,2006,"Guvenc I., Yildirim E.",Increasing productivity with intercropping systems in cabbage production,10.1300/J064v28n04_04
727,Previous meta-analysis,TRUE,NA,2006,"Khan Z.R., Midega C.A.O., Hassanali A., Pickett J.A., Wadhams L.J., Wanjoya A.","Management of witchweed, Striga hermonthica, and stemborers in sorghum, Sorghum bicolor, through intercropping with greenleaf desmodium, Desmodium intortum",10.1080/09670870600816991
728,Previous meta-analysis,TRUE,NA,2006,"Khan Z.R., Pickett J.A., Wadhams L.J., Hassanali A., Midega C.A.O.",Combined control of Striga hermonthica and stemborers by maize-Desmodium spp. intercrops,10.1016/j.cropro.2006.01.008
729,Previous meta-analysis,TRUE,NA,2006,"Hooks C.R.R., Johnson M.W.",Population densities of herbivorous lepidopterans in diverse cruciferous cropping habitats: Effects of mixed cropping and using a living mulch,10.1007/s10526-006-9009-5
730,Previous meta-analysis,FALSE,Missing data,2006,"Pitan O.O.R., Olatunde G.O.",Effects of intercropping tomato (Lycopersicon esculentum) at different times with cowpea (Vigna unguiculata) or okra (Abelmoschus esculentus) on crop damage by major insect pests,10.1017/S0021859606006277
731,Previous meta-analysis,FALSE,Unsuitable outcomes,2006,"Begum M., Gurr G.M., Wratten S.D., Hedberg P.R., Nicol H.I.",Using selective food plants to maximize biological control of vineyard pests,10.1111/j.1365-2664.2006.01168.x
732,Previous meta-analysis,FALSE,Missing data,2006,"Berndt L.A., Wratten S.D., Scarratt S.L.",The influence of floral resource subsidies on parasitism rates of leafrollers (Lepidoptera: Tortricidae) in New Zealand vineyards,10.1016/j.biocontrol.2005.12.005
733,Previous meta-analysis,TRUE,NA,2006,"Pontin D.R., Wade M.R., Kehrli P., Wratten S.D.",Attractiveness of single and multiple species flower patches to beneficial insects in agroecosystems,10.1111/j.1744-7348.2005.00037.x
734,Previous meta-analysis,TRUE,NA,2006,"Midega C.A.O., Khan Z.R., Van Den Berg J., Ogol C.K.P.O., Pickett J.A., Wadhams L.J.",Maize stemborer predator activity under ‘push – pull’ system and Bt-maize: A potential component in managing Bt resistance,10.1080/09670870600558650
735,Previous meta-analysis,FALSE,Missing data,2005,"Chabi-Olaye A., Nolte C., Schulthess F., Borgemeister C.","Abundance, dispersion and parasitism of the stem borer Busseola fusca (Lepidoptera: Noctuidae) in maize in the humid forest zone of southern Cameroon",10.1079/BER2004347
736,Previous meta-analysis,FALSE,Unsuitable outcomes,2005,"Lee J.C., Heimpel G.E.",Impact of flowering buckwheat on Lepidopteran cabbage pests and their parasitoids at two spatial scales,10.1016/j.biocontrol.2005.06.002
737,Previous meta-analysis,TRUE,NA,2005,"Badenes-Perez F.R., Shelton A.M., Nault B.A.",Using yellow rocket as a trap crop for diamondback moth (Lepidoptera: Plutellidae),10.1603/0022-0493-98.3.884
738,Previous meta-analysis,FALSE,Missing data,2005,"Bullas-Appleton E.S., Gillard C., Schaafsma A.W.","Aggregation of potato leafhoppers, Empoasca fabae (Harris) (Homoptera: Cicadellidae), on a trap crop in an edible bean, Phaseolus vulgaris L., intercropping system",NA
739,Previous meta-analysis,FALSE,Unsuitable population,2005,"Jones G.A., Gillett J.L.",Intercropping with sunflowers to attract beneficial insects in organic agriculture,10.1653/0015-4040(2005)088[0091:IWSTAB]2.0.CO;2
740,Previous meta-analysis,TRUE,NA,2004,"Schulthess F., Chabi-Olaye A., Gounou S.",Multi-trophic level interactions in a cassava-maize mixed cropping system in the humid tropics of West Africa,10.1079/BER2004296
741,Previous meta-analysis,FALSE,Missing data,2004,"Fitzgerald J.D., Solomon M.G.",Can flowering plants enhance numbers of beneficial arthropods in UK apple and pear orchards?,10.1080/09583150410001665178
742,Previous meta-analysis,TRUE,NA,2004,"Bukovinszky T., Tréfás H., Van Lenteren J.C., Vet L.E.M., Fremont J.",Plant competition in pest-suppressive intercropping systems complicates evaluation of herbivore responses,10.1016/j.agee.2003.08.008
743,Previous meta-analysis,TRUE,NA,2004,"Perfecto I., Vandermeer J.H., Bautista G.L., Nuñez G.I., Greenberg R., Bichier P., Langridge S.",Greater predation in shaded coffee farms: The role of resident neotropical birds,10.1890/03-3145
744,Previous meta-analysis,TRUE,NA,2004,"Harvey C.T., Eubanks M.D.",Effect of habitat complexity on biological control by the red imported fire ant (Hymenoptera: Formicidae) in collards,10.1016/j.biocontrol.2003.08.006
745,Previous meta-analysis,FALSE,Missing data,2004,"Sastawa B.M., Lawan M., Maina Y.T.",Management of insect pests of soybean: Effects of sowing date and intercropping on damage and grain yield in the Nigerian Sudan savanna,10.1016/j.cropro.2003.07.007
746,Previous meta-analysis,FALSE,Missing data,2003,Ngeve J.M.,The cassava root mealybug (Stictococcus vayssierei Richard) (Homoptera: Stictococcidae): A threat to cassava production and utilization in Cameroon,10.1080/09670870310001603900
747,Previous meta-analysis,TRUE,NA,2003,"Butts R.A., Floate K.D., David M., Blackshaw R.E., Burnett P.A.",Influence of intercropping canola or pea with barley on assemblages of ground beetles (Coleoptera: Carabidae),10.1603/0046-225X-32.3.535
748,Previous meta-analysis,FALSE,Unsuitable population,2003,"Ndemah R., Schulthess F., Korie S., Borgemeister C., Poehling H.-M., Cardwell K.",Factors affecting infestations of the stalk borer Busseola fusca (Lepitoptera: Noctuidae) on maize in the forest zone of Cameroon with special reference to scelionid egg parasitoids,10.1603/0046-225X-32.1.51
749,Previous meta-analysis,FALSE,Unsuitable outcomes,2002,"LaMondia J.A., Elmer W.H., Mervosh T.L., Cowles R.S.",Integrated management of strawberry pests by rotation and intercropping,10.1016/S0261-2194(02)00050-9
750,Previous meta-analysis,FALSE,Not English,2002,"Cividanes F.J., Yamamoto F.T.",Pests and their natural enemies on soybean and corn grown in diversified systems [Pragas e inimigos naturais na soja e no milho cultivados em sistemas diversificados],10.1590/S0103-90162002000400010
751,Previous meta-analysis,FALSE,Missing data,2002,"Rukazambuga N.D.T.M., Gold C.S., Gowen S.R., Ragama P.","The influence of crop management on banana weevil, Cosmopolites sordidus (Coleoptera: Curculionidae) populations and yield of highland cooking banana (cv. Atwalira) in Uganda",10.1079/BER2002182
752,Previous meta-analysis,FALSE,Missing data,2001,"McIntyre B., Gold C., Kashaija I., Ssali H., Night G., Bwamiki D.","Effects of legume intercrops on soil-borne pests, biomass, nutrients and soil water in banana",10.1007/s003740100417
753,Previous meta-analysis,FALSE,Unsuitable outcomes,2001,Adeniyi O.R.,An economic evaluation of intercropping with tomato and okra in a rain forest zone of nigeria,10.1080/14620316.2001.11511375
754,Previous meta-analysis,TRUE,NA,2001,"Smith H.A., McSorley R., Izaguirre J.A.S.","Effect of intercropping common bean with poor hosts and nonhosts on numbers of immature whiteflies (Homoptera: Aleyrodidae) in the Salamá Valley, Guatemala",10.1603/0046-225X-30.1.89
755,Previous meta-analysis,FALSE,Missing data,2000,"Girma H., Rao M.R., Sithanantham S.",Insect pests and beneficial arthropod populations under different hedgerow intercropping systems in semiarid Kenya,10.1023/A:1006447813882
756,Previous meta-analysis,FALSE,Unsuitable outcomes,2000,"Smith H.A., Koenig R.L., McAuslane H.J., McSorley R.",Effect of silver reflective mulch and a summer squash trap crop on densities of immature Bemisia argentifolii (Homoptera: Aleyrodidae) on organic bean,NA
757,Previous meta-analysis,FALSE,Unsuitable outcomes,2000,"Rao M.R., Mathuva M.N.",Legumes for improving maize yields and income in semi-arid Kenya,10.1016/S0167-8809(99)00125-5
758,Previous meta-analysis,TRUE,NA,2000,"Smith H.A., Mcsorley R.",Potential of field corn as a barrier crop and eggplant as a trap crop for management of Bemisia argentifolii (Homoptera: Aleyrodidae) on common bean in North Florida,10.2307/3496150
759,Previous meta-analysis,FALSE,Missing data,2000,"Lale N.E.S., Sastawa B.M.","Evaluation of host plant resistance, sowing date modification and intercropping as methods for the control of Mylabris and Coryna species (Coleoptera: Meloidae) infesting pearl millet in the Nigerian Sudan savanna",10.1006/jare.2000.0690
760,Previous meta-analysis,TRUE,NA,2000,"Den Belder E., Elderson J., Vereijken P.F.G.",Effects of undersown clover on host-plant selection by Thrips tabaci adults in leek,10.1023/A:1003960032109
761,Previous meta-analysis,FALSE,Unsuitable population,2000,"Colley M.R., Luna J.M.",Relative attractiveness of potential beneficial insectary plants to aphidophagous hoverflies (Diptera: Syrphidae),10.1603/0046-225X-29.5.1054
762,Previous meta-analysis,TRUE,NA,1999,"Parajulee M.N., Slosser J.E.",Evaluation of potential relay strip crops for predator enhancement in Texas cotton,10.1080/096708799227680
763,Previous meta-analysis,TRUE,NA,1999,"Bender D.A., Morrison W.P., Frisbie R.E.",Intercropping cabbage and Indian mustard for potential control of lepidopterous and other insects,NA
764,Previous meta-analysis,FALSE,Unsuitable population,1999,"Duale A.H., Nwanze K.F.",Incidence and distribution in sorghum of the spotted stem borer Chilo partellus and associated natural enemies in farmers' fields in Andhra Pradesh and Maharashtra states,10.1080/096708799227978
765,Previous meta-analysis,TRUE,NA,1987,"Altieri, M. A. & Schmidt, L. L.",Mixing broccoli cultivars reduces cabbage aphid numbers,NA
766,Previous meta-analysis,FALSE,Missing data,1994,"Gold, C. S.",The effects of cropping systems on cassava whiteflies in Colombia: implications for control of African cassava mosaic virus disease,NA
767,Previous meta-analysis,FALSE,Missing data,1984,"Maguire, L. A.","Influence of surrounding plants on densities of Pieris rapae (L) eggs and larvae (Lepidoptera, Pieridae) on collards",10.1093/ee/13.2.464
768,Previous meta-analysis,FALSE,Missing data,1984,"Cantelo, W. W., Sanford, L. L.",Insect population response to mixed and uniform planting of resistant and susceptible plant material,10.1093/ee/13.5.1443
769,Previous meta-analysis,FALSE,Unsuitable context,2013,"Shoffner, A. V., Tooker, J. F.",The potential of genotypically diverse cultivar mixtures to moderate aphid populations in wheat (Triticum aestivum L.),10.1007/s11829-012-9226-z
770,Previous meta-analysis,FALSE,Unsuitable population,2016,"Mills N.J., Jones V.P., Baker C.C., Melton T.D., Steffan S.A., Unruh T.R., Horton D.R., Shearer P.W., Amarasekare K.G., Milickzy E.",Using plant volatile traps to estimate the diversity of natural enemy communities in orchard ecosystems,10.1016/j.biocontrol.2016.05.001
771,Previous meta-analysis,FALSE,Unsuitable population,2016,"Jones V.P., Horton D.R., Mills N.J., Unruh T.R., Baker C.C., Melton T.D., Milickzy E., Steffan S.A., Shearer P.W., Amarasekare K.G.","Evaluating plant volatiles for monitoring natural enemies in apple, pear and walnut orchards",10.1016/j.biocontrol.2015.03.009
772,Previous meta-analysis,FALSE,Unsuitable population,2016,"Jones V.P., Horton D.R., Mills N.J., Unruh T.R., Miliczky E., Shearer P.W., Amarasekare K.G., Baker C.C., Melton T.D.",Using plant volatile traps to develop phenology models for natural enemies: An example using Chrysopa nigricornis (Burmeister) (Neuroptera: Chrysopidae),10.1016/j.biocontrol.2014.12.012
773,Previous meta-analysis,FALSE,Unsuitable outcomes,2016,"Martin E.A., Seo B., Park C.-R., Reineking B., Steffan-Dewenter I.","Scale-dependent effects of landscape composition and configuration on natural enemy diversity, crop herbivory, and yields",10.1890/15-0856
774,Previous meta-analysis,FALSE,Unsuitable population,2015,"Mallinger R.E., Werts P., Gratton C.","Pesticide use within a pollinator-dependent crop has negative effects on the abundance and species richness of sweat bees, Lasioglossum spp., and on bumble bee colony growth",10.1007/s10841-015-9816-z
775,Previous meta-analysis,TRUE,NA,2015,"Sardiñas H.S., Kremen C.",Pollination services from field-scale agricultural diversification may be context-dependent,10.1016/j.agee.2015.03.020
776,Previous meta-analysis,FALSE,Unsuitable intervention,2015,"Letourneau D.K., Allen S.G.B., Kula R.R., Sharkey M.J., Stireman J.O.",Habitat eradication and cropland intensification may reduce parasitoid diversity and natural pest control services in annual crop fields,10.12952/journal.elementa.000069
777,Previous meta-analysis,FALSE,Unsuitable population,2015,"Russo L., Park M., Gibbs J., Danforth B.",The challenge of accurately documenting bee species richness in agroecosystems: Bee diversity in eastern apple orchards,10.1002/ece3.1582
778,Previous meta-analysis,FALSE,Unsuitable population,2013,"Chaplin-Kramer R., de Valpine P., Mills N.J., Kremen C.",Detecting pest control services across spatial and temporal scales,10.1016/j.agee.2013.10.007
779,Previous meta-analysis,FALSE,Unsuitable population,2013,"Rader R., Reilly J., Bartomeus I., Winfree R.",Native bees buffer the negative impact of climate warming on honey bee pollination of watermelon crops,10.1111/gcb.12264
780,Previous meta-analysis,FALSE,Missing data,2013,"Saunders M.E., Luck G.W.",Pan trap catches of pollinator insects vary with habitat,10.1111/aen.12008
781,Previous meta-analysis,FALSE,Unsuitable population,2013,"Cariveau D.P., Williams N.M., Benjamin F.E., Winfree R.",Response diversity to land use occurs but does not consistently stabilise ecosystem services provided by native pollinators,10.1111/ele.12126
782,Previous meta-analysis,FALSE,Unsuitable population,2012,"Letourneau D.K., Bothwell Allen S.G., Stireman J.O.","Perennial habitat fragments, parasitoid diversity and parasitism in ephemeral crops",10.1111/1365-2664.12001
783,Previous meta-analysis,FALSE,Unsuitable population,2012,"Carvalheiro L.G., Seymour C.L., Nicolson S.W., Veldtman R.",Creating patches of native flowers facilitates crop pollination in large agricultural fields: Mango as a case study,10.1111/j.1365-2664.2012.02217.x
784,Previous meta-analysis,FALSE,Unsuitable population,2012,"Batáry P., Holzschuh A., Orci K.M., Samu F., Tscharntke T.","Responses of plant, insect and spider biodiversity to local and landscape scale management intensity in cereal crops and grasslands",10.1016/j.agee.2011.10.018
785,Previous meta-analysis,FALSE,Unsuitable population,2011,"Fukuda Y., Moller H., Burns B.","Effects of organic farming, fencing and vegetation origin on spiders and beetles within shelterbelts on dairy farms",10.1080/00288233.2011.591402
786,Previous meta-analysis,FALSE,Unsuitable population,2011,"Winqvist C., Bengtsson J., Aavik T., Berendse F., Clement L.W., Eggers S., Fischer C., Flohre A., Geiger F., Liira J., Pärt T., Thies C., Tscharntke T., Weisser W.W., Bommarco R.",Mixed effects of organic farming and landscape complexity on farmland biodiversity and biological control potential across Europe,10.1111/j.1365-2664.2010.01950.x
787,Previous meta-analysis,FALSE,Unsuitable population,2011,"Ponce C., Bravo C., de León D.G., Magaña M., Alonso J.C.",Effects of organic farming on plant and arthropod communities: A case study in Mediterranean dryland cereal,10.1016/j.agee.2011.02.030
788,Previous meta-analysis,FALSE,Unsuitable population,2011,"MacFadyen S., Gibson R.H., Symondson W.O.C., Memmott J.",Landscape structure influences modularity patterns in farm food webs: Consequences for pest control,10.1890/09-2111.1
789,Previous meta-analysis,FALSE,Unsuitable population,2011,"Macfadyen S., Craze P.G., Polaszek A., van Achterberg K., Memmott J.",Parasitoid diversity reduces the variability in pest control services across time on farms,10.1098/rspb.2010.2673
790,Previous meta-analysis,FALSE,Unsuitable population,2011,"Krauss J., Gallenberger I., Steffan-Dewenter I.",Decreased functional diversity and biological pest control in conventional compared to organic crop fields,10.1371/journal.pone.0019502
791,Previous meta-analysis,FALSE,Unsuitable population,2011,"Schon N.L., Mackay A.D., Minor M.A.",Soil fauna in sheep-grazed hill pastures under organic and conventional livestock management and in an adjacent ungrazed pasture,10.1016/j.pedobi.2011.01.001
792,Previous meta-analysis,FALSE,Unsuitable population,2010,"Diekötter T., Wamser S., Wolters V., Birkhofer K.",Landscape and management effects on structure and function of soil arthropod communities in winter wheat,10.1016/j.agee.2010.01.008
793,Previous meta-analysis,FALSE,Unsuitable population,2009,"Macfadyen S., Gibson R., Raso L., Sint D., Traugott M., Memmott J.",Parasitoid control of aphids in organic and conventional farming systems,10.1016/j.agee.2009.04.012
794,Previous meta-analysis,FALSE,Unsuitable population,2009,"Lonsdorf E., Kremen C., Ricketts T., Winfree R., Williams N., Greenleaf S.",Modelling pollination services across agricultural landscapes,10.1093/aob/mcp069
795,Previous meta-analysis,FALSE,Unsuitable population,2009,"MacFadyen S., Gibson R., Polaszek A., Morris R.J., Craze P.G., Planqué R., Symondson W.O.C., Memmott J.",Do differences in food web structure between organic and conventional farms affect the ecosystem service of pest control?,10.1111/j.1461-0248.2008.01279.x
796,Previous meta-analysis,FALSE,Unsuitable population,2008,"Letourneau D.K., Bothwell S.G.",Comparison of organic and conventional farms: Challenging ecologists to make biodiversity functional,10.1890/070081
797,Previous meta-analysis,FALSE,Unsuitable population,2008,"De Valpine P., Rosenheim J.A.","Field-scale roles of density, temperature, nitrogen, and predation on aphid population dynamics",10.1890/06-1996.1
798,Previous meta-analysis,FALSE,Unsuitable population,2008,"Pocock M.J.O., Jennings N.",Testing biotic indicator taxa: The sensitivity of insectivorous mammals and their prey to the intensification of lowland agriculture,10.1111/j.1365-2664.2007.01361.x
799,Previous meta-analysis,FALSE,Unsuitable population,2008,"Veselý M., Šarapatka B.",Effects of conversion to organic farming on carabid beetles (carabidae) in experimental fields in the Czech Republic,10.1080/01448765.2008.9755057
800,Previous meta-analysis,FALSE,Unsuitable population,2007,"Öberg S., Ekbom B., Bommarco R.",Influence of habitat type and surrounding landscape on spider diversity in Swedish agroecosystems,10.1016/j.agee.2006.12.034
801,Previous meta-analysis,FALSE,Unsuitable intervention,2007,Öberg S.,Diversity of spiders after spring sowing - Influence of farming system and habitat type,10.1111/j.1439-0418.2007.01173.x
802,Previous meta-analysis,FALSE,Unsuitable intervention,2007,"Clough Y., Holzschuh A., Gabriel D., Purtauf T., Kleijn D., Kruess A., Steffan-Dewenter I., Tscharntke T.",Alpha and beta diversity of arthropods and plants in organically and conventionally managed wheat fields,10.1111/j.1365-2664.2007.01294.x
803,Previous meta-analysis,FALSE,Missing data,2007,"Gibson R.H., Pearce S., Morris R.J., Symondson W.O.C., Memmott J.",Plant diversity and land use under organic and conventional agriculture: A whole-farm approach,10.1111/j.1365-2664.2007.01292.x
804,Previous meta-analysis,FALSE,Unsuitable intervention,2007,"Holzschuh A., Steffan-Dewenter I., Kleijn D., Tscharntke T.","Diversity of flower-visiting bees in cereal fields: Effects of farming system, landscape composition and regional context",10.1111/j.1365-2664.2006.01259.x
805,Previous meta-analysis,FALSE,Unsuitable intervention,2007,"Clough Y., Kruess A., Tscharntke T.",Organic versus conventional arable farming systems: Functional grouping helps understand staphylinid response,10.1016/j.agee.2006.05.028
806,Previous meta-analysis,FALSE,Unsuitable intervention,2003,"Pfiffner L., Luka H.",Effects of low-input farming systems on carabids and epigeal spiders - A paired farm approach,10.1078/1439-1791-00121
807,Previous meta-analysis,FALSE,Unsuitable population,2000,"Weibull A.C., Bengtsson J., Nohlgren E.",Diversity of butterflies in the agricultural landscape: Role of farming system and landscape heterogeneity,10.1111/j.1600-0587.2000.tb00317.x
808,Previous meta-analysis,FALSE,Unsuitable intervention,1998,"Feber R.E., Bell J., Johnson P.J., Firbank L.G., Macdonald D.W.","The effects of organic farming on surface-active spider (Araneae) assemblages in wheat in Southern England, UK",NA
809,Previous meta-analysis,FALSE,Unsuitable intervention,1995,"Drinkwater L.E., Letourneau D.K., Workneh F., Van Bruggen A.H., Shennan C.",Fundamental differences between conventional and organic tomato agroecosystems in California,10.2307/2269357
810,Previous meta-analysis,FALSE,Unavailable study,1995,Armstrong G.,Carabid beetle (Coleoptera: Carabidae) diversity and abundance in organic potatoes and conventionally grown seed potatoes in the north of Scotland,NA
811,Previous meta-analysis,FALSE,Unsuitable intervention,1986,Hokkanen H.,Carabid species and activity densities in biologically and conventionally managed cabbage fields,10.1111/j.1439-0418.1986.tb00933.x
812,Previous meta-analysis,FALSE,Unsuitable intervention,1982,"Dritschilo W., Erwin T.L.",Responses in abundance and diversity of cornfield carabid communities to differences in farm practices.,10.2307/1937229
813,Previous meta-analysis,FALSE,Unsuitable intervention,1993,"Hesler L.S., Grigarick A.A., Oraze M.J., Palrang A.T.",Arthropod fauna of conventional and organic rice fields in California,10.1093/jee/86.1.149
814,Previous meta-analysis,FALSE,Unsuitable context,2017,"Lori M., Symnaczik S., Mäder P., De Deyn G., Gattinger A.",Organic farming enhances soil microbial abundance and activity—A meta-analysis and meta-Regression,10.1371/journal.pone.0180442
815,Previous meta-analysis,FALSE,Unsuitable population,2014,"Larsen E., Grossman J., Edgell J., Hoyt G., Osmond D., Hu S.","Soil biological properties, soil losses and corn yield in long-term organic and conventional farming systems",10.1016/j.still.2014.02.002
816,Previous meta-analysis,FALSE,Unsuitable population,2007,"Esperschütz J., Gattinger A., Mäder P., Schloter M., Fließbach A.",Response of soil microbial biomass and community structures to conventional and organic farming systems under identical crop rotations,10.1111/j.1574-6941.2007.00318.x
817,Previous meta-analysis,FALSE,Unsuitable outcomes,2011,Padmavathy A. and Poyyamoli G.,"Effects of conventional and organic management strategies on soil quality and biodiversity in agricultural fields of bahour, Puducherry, India",NA
818,Previous meta-analysis,FALSE,Unsuitable context,2014,"McDaniel M.D., Tiemann L.K., Grandy A.S.",Does agricultural crop diversity enhance soil microbial biomass and organic matter dynamics? A meta-analysis,10.1890/13-0616.1
819,Previous meta-analysis,FALSE,Unsuitable population,2012,"Barbera V., Poma I., Gristina L., Novara A., Egli M.",Long-term cropping systems and tillage management effects on soil organic carbon stock and steady state level of C sequestration rates in a semiarid environment,10.1002/ldr.1055
820,Previous meta-analysis,FALSE,Unsuitable population,2012,"Kou T.J., Zhu P., Huang S., Peng X.X., Song Z.W., Deng A.X., Gao H.J., Peng C., Zhang W.J.",Effects of long-term cropping regimes on soil carbon sequestration and aggregate composition in rainfed farmland of Northeast China,10.1016/j.still.2011.10.018
821,Previous meta-analysis,FALSE,Unsuitable comparator,2011,"Murphy D.V., Cookson W.R., Braimbridge M., Marschner P., Jones D.L., Stockdale E.A., Abbott L.K.","Relationships between soil organic matter and the soil microbial biomass (size, functional diversity, and community structure) in crop and pasture systems in a semi-arid environment",10.1071/SR11203
822,Previous meta-analysis,FALSE,Unsuitable population,2011,"Guo X., Drury C.F., Yang X., Reynolds W.D., Zhang R.",Influence of current and previous crops on soil basal and potential denitrification rates,10.1007/s00374-011-0588-7
823,Previous meta-analysis,FALSE,Missing data,2011,"Jokela W., Posner J., Hedtcke J., Balser T., Read H.",Midwest cropping system effects on soil properties and on a soil quality index,10.2134/agronj2010.0454
824,Previous meta-analysis,FALSE,Unsuitable population,2011,"Acosta-Martínez V., Lascano R., Calderón F., Booker J.D., Zobeck T.M., Upchurch D.R.",Dryland cropping systems influence the microbial biomass and enzyme activities in a semiarid sandy soil,10.1007/s00374-011-0565-1
825,Previous meta-analysis,FALSE,Unsuitable population,2011,"Melero S., López-Bellido R.J., López-Bellido L., Muñoz-Romero V., Moreno F., Murillo J.M.","Long-term effect of tillage, rotation and nitrogen fertiliser on soil quality in a Mediterranean Vertisol",10.1016/j.still.2011.04.007
826,Previous meta-analysis,FALSE,Unsuitable population,2011,"Sainju U.M., Lenssen A.W.",Dryland soil carbon dynamics under alfalfa and durum-forage cropping sequences,10.1016/j.still.2011.02.002
827,Previous meta-analysis,FALSE,Unsuitable population,2011,"Aziz I., Ashraf M., Mahmood T., Islam K.R.",Crop rotation impact on soil quality,NA
828,Previous meta-analysis,FALSE,Unsuitable population,2011,"Soler C.M.T., Bado V.B., Traore K., Bostick W.M., Jones J.W., Hoogenboom G.",Soil organic carbon dynamics and crop yield for different crop rotations in a degraded ferruginous tropical soil in a semi-arid region: A simulation approach,10.1017/S0021859611000050
829,Previous meta-analysis,FALSE,Missing data,2011,"Caesar-TonThat T., Sainju U.M., Wright S.F., Shelver W.L., Kolberg R.L., West M.",Long-term tillage and cropping effects on microbiological properties associated with aggregation in a semi-arid soil,10.1007/s00374-010-0508-2
830,Previous meta-analysis,FALSE,Unsuitable population,2011,"Arshad M.A., Soon Y.K., Ripmeester J.A.","Quality of soil organic matter and C storage as influenced by cropping systems in northwestern Alberta, Canada",10.1007/s10705-010-9377-1
831,Previous meta-analysis,FALSE,Unsuitable population,2010,"Thierfelder C., Wall P.C.",Rotation in conservation agriculture systems of Zambia: Effects on soil quality and water relations,10.1017/S001447971000030X
832,Previous meta-analysis,FALSE,Missing data,2010,"Acosta-Martínez V., Burow G., Zobeck T.M., Allen V.G.",Soil microbial communities and function in alternative systems to continuous cotton,10.2136/sssaj2008.0065
833,Previous meta-analysis,FALSE,Unsuitable population,2010,"Varvel G.E., Wilhelm W.W.",Long-term soil organic carbon as affected by tillage and cropping systems,10.2136/sssaj2009.0362
834,Previous meta-analysis,FALSE,Unsuitable population,2010,"Benjamin J.G., Halvorson A.D., Nielsen D.C., Mikha M.M.",Crop management effects on crop residue production and changes in soil organic carbon in the central great plains,10.2134/agronj2009.0483
835,Previous meta-analysis,FALSE,Unsuitable population,2010,"González-Chávez Ma.d.C.A., Aitkenhead-Peterson J.A., Gentry T.J., Zuberer D., Hons F., Loeppert R.","Soil microbial community, C, N, and P responses to long-term tillage and crop rotation",10.1016/j.still.2009.11.008
836,Previous meta-analysis,FALSE,Unsuitable population,2009,"Nayyar A., Hamel C., Lafond G., Gossen B.D., Hanson K., Germida J.",Soil microbial quality associated with yield reduction in continuous-pea,10.1016/j.apsoil.2009.06.008
837,Previous meta-analysis,FALSE,Unsuitable population,2009,"Vargas Gil S., Becker A., Oddino C., Zuza M., Marinelli A., March G.","Field trial assessment of biological, chemical, and physical responses of soil to tillage intensity, fertilization, and grazing",10.1007/s00267-009-9319-3
838,Previous meta-analysis,FALSE,Unsuitable population,2009,"Riedell W.E., Pikul Jr. J.L., Jaradat A.A., Schumacher T.E.","Crop rotation and nitrogen input effects on soil fertility, maize mineral nutrition, yield, and seed composition",10.2134/agronj2008.0186x
839,Previous meta-analysis,FALSE,Unsuitable population,2009,"Coulter J.A., Nafziger E.D., Wander M.M.",Soil organic matter response to cropping system and nitrogen fertilization,10.2134/agronj2008.0152x
840,Previous meta-analysis,FALSE,Unsuitable population,2009,"Meriles J.M., Vargas Gil S., Conforto C., Figoni G., Lovera E., March G.J., Guzmán C.A.","Soil microbial communities under different soybean cropping systems: Characterization of microbial population dynamics, soil microbial activity, microbial biomass, and fatty acid profiles",10.1016/j.still.2008.10.008
841,Previous meta-analysis,FALSE,Unsuitable population,2009,"Ryan J., Masri S., Pala M., Singh M.",Nutrient dynamics in a long-term cereal-based rotation trial in a Mediterranean environment: Nitrogen forms,10.1080/00103620802695149
842,Previous meta-analysis,FALSE,Unsuitable population,2009,"Ryan J., Masri S., Singh M.",Seasonal changes in soil organic matter and biomass and labile forms of carbon as influenced by crop rotations,10.1080/00103620802625617
843,Previous meta-analysis,FALSE,Unsuitable population,2009,"Hernandez-Ramirez G., Brouder S.M., Smith D.R., Van Scoyoc G.E.",Carbon and nitrogen dynamics in an eastern corn belt soil: Nitrogen source and rotation,10.2136/sssaj2007.0381
844,Previous meta-analysis,FALSE,Unsuitable population,2009,"Yusuf A.A., Abaidoo R.C., Iwuafor E.N.O., Olufajo O.O., Sanginga N.","Rotation effects of grain legumes and fallow on maize yield, microbial biomass and chemical properties of an Alfisol in the Nigerian savanna",10.1016/j.agee.2008.10.007
845,Previous meta-analysis,FALSE,Unsuitable population,2008,"Pikul Jr. J.L., Johnson J.M.F., Schumacher T.E., Vigil M., Riedell W.E.",Change in surface soil carbon under rotated corn in eastern South Dakota,10.2136/sssaj2008.0020
846,Previous meta-analysis,FALSE,Unsuitable population,2008,"Manojlovic M., Acìn V., Šeremešic S.",Long-term effects of agronomic practices on the soil organic carbon sequestration in Chernozem,10.1080/03650340802022845
847,Previous meta-analysis,FALSE,Unsuitable population,2008,"Fortuna A., Blevins R.L., Frye W.W., Grove J., Cornelius P.",Sustaining soil quality with legumes in no-tillage systems,10.1080/00103620802073628
848,Previous meta-analysis,FALSE,Unsuitable population,2008,"Acosta-Martínez V., Rowland D., Sorensen R.B., Yeater K.M.",Microbial community structure and functionality under peanut-based cropping systems in a sandy soil,10.1007/s00374-007-0251-5
849,Previous meta-analysis,FALSE,Unsuitable population,2008,"Dou F., Wright A.L., Hons F.M.",Dissolved and soil organic carbon after long-term conventional and no-tillage sorghum cropping,10.1080/00103620701879117
850,Previous meta-analysis,FALSE,Unsuitable outcomes,2008,"Wright A.L., Hons F.M., Lemon R.G., McFarland M.L., Nichols R.L.",Microbial activity and soil C sequestration for reduced and conventional tillage cotton,10.1016/j.apsoil.2007.10.006
851,Previous meta-analysis,FALSE,Missing data,2007,"Sainju U.M., Caesar-TonThat T., Lenssen A.W., Evans R.G., Kolberg R.",Long-term tillage and cropping sequence effects on dryland residue and soil carbon fractions,10.2136/sssaj2006.0433
852,Previous meta-analysis,FALSE,Missing data,2007,"Govaerts B., Mezzalama M., Unno Y., Sayre K.D., Luna-Guido M., Vanherck K., Dendooven L., Deckers J.","Influence of tillage, residue management, and crop rotation on soil microbial biomass and catabolic diversity",10.1016/j.apsoil.2007.03.006
853,Previous meta-analysis,FALSE,Missing data,2007,"Acosta-Martínez V., Mikha M.M., Vigil M.F.",Microbial communities and enzyme activities in soils under alternative crop rotations compared to wheat-fallow for the Central Great Plains,10.1016/j.apsoil.2007.03.009
854,Previous meta-analysis,FALSE,Missing data,2007,"Soon Y.K., Arshad M.A., Haq A., Lupwayi N.",The influence of 12 years of tillage and crop rotation on total and labile organic carbon in a sandy loam soil,10.1016/j.still.2006.10.009
855,Previous meta-analysis,FALSE,Missing data,2007,"Dou F., Wright A.L., Hons F.M.",Depth distribution of soil organic C and N after long-term soybean cropping in Texas,10.1016/j.still.2006.10.001
856,Previous meta-analysis,FALSE,Unsuitable population,2007,"Godsey C.B., Pierzynski G.M., Mengel D.B., Lamond R.E.","Changes in soil pH, organic carbon, and extractable aluminum from crop rotation and tillage",10.2136/sssaj2006.0170
857,Previous meta-analysis,FALSE,Missing data,2007,"Sainju U.M., Lenssen A., Caesar-Thonthat T., Waddell J.",Dryland plant biomass and soil carbon and nitrogen fractions on transient land as influenced by tillage and crop rotation,10.1016/j.still.2006.06.003
858,Previous meta-analysis,FALSE,Missing data,2007,"Huggins D.R., Allmaras R.R., Clapp C.E., Lamb J.A., Randall G.W.",Corn-soybean sequence and tillage effects on soil carbon dynamics and storage,10.2136/sssaj2006.0137
859,Previous meta-analysis,FALSE,Unsuitable population,2006,"Meyer-Aurich A., Weersink A., Janovicek K., Deen B.",Cost efficient rotation and tillage options to sequester carbon and mitigate GHG emissions from agriculture in Eastern Canada,10.1016/j.agee.2006.03.023
860,Previous meta-analysis,FALSE,Unsuitable outcomes,2006,"Dou F., Hons F.M.",Tillage and nitrogen effects on soil organic matter fractions in wheat-based systems,10.2136/sssaj2005.0229
861,Previous meta-analysis,FALSE,Unsuitable population,2006,"Hulugalle N.R., Weaver T.B., Finlay L.A.",Residual effects of cotton-based crop rotations on soil properties of irrigated Vertosols in central-western and north-western New South Wales,10.1071/SR05141
862,Previous meta-analysis,FALSE,Missing data,2006,"Yao H., Jiao X., Wu F.",Effects of continuous cucumber cropping and alternative rotations under protected cultivation on soil microbial community diversity,10.1007/s11104-006-0023-2
863,Previous meta-analysis,FALSE,Unsuitable population,2006,"Wang J., Li F.-M., Jia Y.","Responses of soil water, nitrogen and organic matter to the alfalfa crop rotation in semiarid loess area of China",10.1300/J064v28n01_10
864,Previous meta-analysis,FALSE,Missing data,2006,"Karlen D.L., Hurley E.G., Andrews S.S., Cambardella C.A., Meek D.W., Duffy M.D., Mallarino A.P.",Crop rotation effects on soil quality at three northern corn/soybean belt locations,10.2134/agronj2005.0098
865,Previous meta-analysis,FALSE,Unsuitable population,2006,Varvel G.E.,Soil organic carbon changes in diversified rotations of the Western Corn Belt,10.2136/sssaj2005.0100
866,Previous meta-analysis,FALSE,Unsuitable population,2006,"Sainju U.M., Lenssen A., Caesar-Tonthat T., Waddell J.",Tillage and crop rotation effects on dryland soil and residue carbon and nitrogen,10.2136/sssaj2005.0089
867,Previous meta-analysis,FALSE,Unsuitable population,2006,"Omonode R.A., Gal A., Stott D.E., Abney T.S., Vyn T.J.",Short-term versus continuous chisel and no-till effects on soil carbon and nitrogen,10.2136/sssaj2005.0083
868,Previous meta-analysis,FALSE,Unsuitable population,2006,"Russell A.E., Laird D.A., Mallarino A.P.",Nitrogen fertilization and cropping system impacts on soil quality in midwestern mollisols,10.2136/sssaj2005.0058
869,Previous meta-analysis,FALSE,Unsuitable population,2005,"Sahrawat K.L., Bhattacharyya T., Wani S.P., Chandran P., Ray S.K., Pal D.K., Padmaja K.V.",Long-term lowland rice and arable cropping effects on carbon and nitrogen status of some semi-arid tropical soils,NA
870,Previous meta-analysis,FALSE,Unsuitable population,2005,"Wright A.L., Hons F.M.",Tillage impacts on soil aggregation and carbon and nitrogen sequestration under wheat cropping sequences,10.1016/j.still.2004.09.017
871,Previous meta-analysis,FALSE,Unsuitable population,2005,"Liu X., Liu J., Xing B., Herbert S.J., Meng K., Han X., Zhang X.","Effects of long-term continuous cropping, tillage, and fertilization on soil organic carbon and nitrogen of black soils in China",10.1081/CSS-200056917
872,Previous meta-analysis,FALSE,Unsuitable population,2005,"Zotarelli L., Alves B.J.R., Urquiaga S., Torres E., Dos Santos H.P., Paustian K., Boddey R.M., Six J.",Impact of tillage and crop rotation on aggregate-associated carbon in two oxisols,NA
873,Previous meta-analysis,FALSE,Unsuitable population,2005,"Bronick C.J., Lal R.","Manuring and rotation effects on soil organic carbon concentration for different aggregate size fractions on two soils in northeastern Ohio, USA",10.1016/j.still.2004.09.011
874,Previous meta-analysis,FALSE,Unsuitable population,2005,"Jarecki M.K., Lal R., James R.",Crop management effects on soil carbon sequestration on selected farmers' fields in northeastern Ohio,10.1016/j.still.2004.09.013
875,Previous meta-analysis,FALSE,Unsuitable population,2004,"Bünemann E.K., Smithson P.C., Jama B., Frossard E., Oberson A.",Maize productivity and nutrient dynamics in maize-fallow rotations in western Kenya,10.1023/B:PLSO.0000047749.43017.fd
876,Previous meta-analysis,FALSE,Unsuitable population,2004,"Doyle G.L., Rice C.W., Peterson D.E., Steichen J.",Biologically defined soil organic matter pools as affected by rotation and tillage,10.1007/s00267-003-9160-z
877,Previous meta-analysis,FALSE,Unsuitable population,2004,"Holeplass H., Singh B.R., Lal R.",Carbon sequestration in soil aggregates under different crop rotations and nitrogen fertilization in an inceptisol in southeastern Norway,10.1023/B:FRES.0000048483.94397.b6
878,Previous meta-analysis,FALSE,Missing data,2004,"Marschner P., Joergensen R.G., Piepho H.P., Buerkert A.",Legume rotation effects on early growth and rhizosphere microbiology of sorghum in West African soils,10.1023/B:PLSO.0000047767.62179.25
879,Previous meta-analysis,FALSE,Unsuitable population,2004,"Liebig M.A., Tanaka D.L., Wienhold B.J.",Tillage and cropping effects on soil quality indicators in the northern Great Plains,10.1016/j.still.2004.02.002
880,Previous meta-analysis,FALSE,Unsuitable population,2004,"Heenan D.P., Chan K.Y., Knight P.G.","Long-term impact of rotation, tillage and stubble management on the loss of soil organic carbon and nitrogen from a Chromic Luvisol",10.1016/j.still.2003.08.005
881,Previous meta-analysis,FALSE,Unsuitable population,2003,"Wu T., Schoenau J.J., Li F., Qian P., Malhi S.S., Shi Y.",Effect of tillage and rotation on organic carbon forms of chernozemic soils in Saskatchewan,10.1002/jpln.200390051
882,Previous meta-analysis,FALSE,Unsuitable population,2003,"Armstrong R.D., Millar G., Halpin N.V., Reid D.J., Standley J.","Using zero tillage, fertilisers and legume rotations to maintain productivity and soil fertility in opportunity cropping systems on a shallow Vertosol",10.1071/EA01175
883,Previous meta-analysis,FALSE,Unsuitable population,2003,"Bell J.M., Smith J.L., Bailey V.L., Bolton H.",Priming effect and C storage in semi-arid no-till spring crop rotations,NA
884,Previous meta-analysis,FALSE,Unsuitable population,2003,"Liebig M.A., Varvel G.E.",Effects of western Corn Belt cropping systems on agroecosystem functions,NA
885,Previous meta-analysis,FALSE,Unsuitable population,2002,"Ekenler M., Tabatabai M.A.",ß-glucosaminidase activity of soils: Effect of cropping systems and its relationship to nitrogen mineralization,10.1007/s00374-002-0541-x
886,Previous meta-analysis,FALSE,Unsuitable population,2002,Hickman M.V.,Long-term tillage and crop rotation effects on soil chemical and mineral properties,10.1081/PLN-120005402
887,Previous meta-analysis,FALSE,Missing data,2002,"Schutter M.E., Dick R.P.",Microbial community profiles and activities among aggregates of winter fallow and cover-cropped soil,NA
888,Previous meta-analysis,FALSE,Unsuitable population,2002,"Bremer E., Janzen H.H., McKenzie R.H.",Short-term impact of fallow frequency and perennial grass on soil organic carbon in a Brown Chernozem in southern Alberta,10.4141/S02-007
889,Previous meta-analysis,FALSE,Missing data,2002,"Carter M.R., Sanderson J.B., Ivany J.A., White R.P.","Influence of rotation and tillage on forage maize productivity, weed species, and soil quality of a fine sandy loam in the cool-humid climate of Atlantic Canada",10.1016/S0167-1987(02)00043-0
890,Previous meta-analysis,FALSE,Unsuitable population,2002,"Kanda K., Miranda C.H.B., Macedo M.C.M.",Carbon and nitrogen mineralization in soils under agro-pastoral systems in subtropical central brazil,10.1080/00380768.2002.10409189
891,Previous meta-analysis,FALSE,Unsuitable population,2001,"Yang X.M., Kay B.D.",Rotation and tillage effects on soil organic carbon sequestration in a typic Hapludalf in southern Ontario,10.1016/S0167-1987(01)00162-3
892,Previous meta-analysis,FALSE,Unsuitable population,2001,"Gregorich E.G., Drury C.F., Baldock J.A.",Changes in soil carbon under long-term maize in monoculture and legume-based rotation,10.4141/S00-041
893,Previous meta-analysis,FALSE,Unsuitable population,2001,"Campbell C.A., Selles F., Lafond G.P., Zentner R.P.",Adopting zero tillage management: Impact on soil C and N under long-term crop rotations in a thin Black Chernozem,10.4141/S00-035
894,Previous meta-analysis,FALSE,Unsuitable population,2001,"Mrabet R., Saber N., El-Brahli A., Lahlou S., Bessam F.","Total, particulate organic matter and structural stability of a Calcixeroll soil under different wheat rotations and tillage systems in a semiarid area of Morocco",10.1016/S0167-1987(00)00180-X
895,Previous meta-analysis,FALSE,Unsuitable population,2000,"Witt C., Cassman K.G., Olk D.C., Biker U., Liboon S.P., Samson M.I., Ottow J.C.G.","Crop rotation and residue management effects on carbon sequestration, nitrogen cycling and productivity of irrigated rice systems",10.1023/A:1026594118145
896,Previous meta-analysis,FALSE,Unsuitable population,2000,"Studdert G.A., Echeverria H.E.",Crop rotations and nitrogen fertilization to manage soil organic carbon dynamics,NA
897,Previous meta-analysis,FALSE,Unsuitable population,2000,"Bationo A., Ntare B.R.","Rotation and nitrogen fertilizer effects on pearl millet, cowpea and groundnut yield and soil chemical properties in a sandy soil in the semi-arid tropics, West Africa",10.1017/S0021859699007650
898,Previous meta-analysis,FALSE,Unsuitable population,2000,"Bayer C., Mielniczuk J., Amado T.J.C., Martin-Neto L., Fernandes S.V.",Organic matter storage in a sandy clay loam acrisol affected by tillage and cropping systems in southern Brazil,10.1016/S0167-1987(00)00090-8
899,Previous meta-analysis,FALSE,Unsuitable population,2000,"Blair N., Crocker G.J.",Crop rotation effects on soil carbon and physical fertility of two Australian soils,10.1071/SR99064
900,Previous meta-analysis,FALSE,Unsuitable population,2000,"Miglierina A.M., Iglesias J.O., Landriscini M.R., Galantini J.A., Rosell R.A.",The effects of crop rotation and fertilization on wheat productivity in the Pampean semiarid region of Argentina. 1. Soil physical and chemical properties,10.1016/S0167-1987(99)00096-3
901,Previous meta-analysis,FALSE,Unsuitable population,1999,Haynes R.J.,"Labile organic matter fractions and aggregate stability under short-term, grass-based leys",10.1016/S0038-0717(99)00102-9
902,Previous meta-analysis,FALSE,Unsuitable population,1999,"Demaria I.C., Nnabude P.C., De Castro O.M.",Long-term tillage and crop rotation effects on soil chemical properties of a Rhodic Ferralsol in southern Brazil,10.1016/S0167-1987(99)00025-2
903,Previous meta-analysis,FALSE,Missing data,1999,"Campbell C.A., Biederbeck V.O., Wen G., Zentner R.P., Schoenau J., Hahn D.",Seasonal trends in selected soil biochemical attributes: Effects of crop rotation in the semiarid prairie,10.4141/S98-008
904,Previous meta-analysis,FALSE,Unsuitable population,1999,"Bowman R.A., Vigil M.F., Nielsen D.C., Anderson R.L.",Soil organic matter changes in intensively cropped dryland systems,10.2136/sssaj1999.03615995006300010026x
905,Previous meta-analysis,FALSE,Missing data,1999,"Angers D.A., Edwards L.M., Sanderson J.B., Bissonnette N.",Soil organic matter quality and aggregate stability under eight potato cropping sequences in a fine sandy loam of Prince Edward Island,10.4141/S98-033
906,Previous meta-analysis,FALSE,Missing data,1998,"Conti M.E., Palma R.M., Arrigo N.M., Zourarakis D.P., Cappelletti C.A.",Long-term rotation effect of soybean with no-till maize on soil N availability indices and microbial activity in the Argentine Pampa,10.1016/S0167-1987(98)00178-0
907,Previous meta-analysis,FALSE,Unsuitable outcomes,1998,"Mitchell C.C., Entry J.A.","Soil C, N and crop yields in Alabama's long-term 'Old Rotation' cotton experiment",10.1016/S0167-1987(98)00121-4
908,Previous meta-analysis,FALSE,Missing data,1998,"Campbell C.A., McConkey B.G., Biederbeck V.O., Zentner R.P., Curtin D., Peru M.R.",Long-term effects of tillage and fallow-frequency on soil quality attributes in a clay soil in semiarid southwestern Saskatchewan,10.1016/S0167-1987(98)00027-0
909,Previous meta-analysis,FALSE,Missing data,1998,"Soon Y.K., Darwent A.L.",Effect of integrated management of couch grass (Elytrigia repens) on soil quality and crop nutrition,10.1017/S0021859697005157
910,Previous meta-analysis,FALSE,Missing data,1998,"Campbell C.A., Biederbeck V.O., McConkey B.G., Curtin D., Zentner R.P.",Soil quality - Effect of tillage and fallow frequency. Soil organic matter quality as influenced by tillage and fallow frequency in a silt loam in southwestern Saskatchewan,10.1016/S0038-0717(97)00212-5
911,Previous meta-analysis,FALSE,Unsuitable outcomes,1998,"Drury C.F., Oloya T.O., McKenney D.J., Gregorich E.G., Tan C.S., VanLuyk C.L.",Long-term effects of fertilization and rotation on denitrification and soil carbon,10.2136/sssaj1998.03615995006200060014x
912,Previous meta-analysis,FALSE,Unsuitable outcomes,1998,"Riedell W.E., Schumacher T.E., Clay S.A., Ellsbury M.M., Pravecek M., Evenson P.D.","Corn and soil fertility responses to crop rotation with low, medium, or high inputs",10.2135/cropsci1998.0011183X003800020026x
913,Previous meta-analysis,FALSE,Missing data,1997,"Gijsman A.J., Oberson A., Friesen D.K., Sanz J.I., Thomas R.J.",Nutrient cycling through microbial biomass under rice-pasture rotations replacing native savanna,10.1016/S0038-0717(97)00045-X
914,Previous meta-analysis,FALSE,Missing data,1997,"Perucci P., Bonciarelli U., Santilocchi R., Bianchi A.A.","Effect of rotation, nitrogen fertilization and management of crop residues on some chemical, microbiological and biochemical properties of soil",10.1007/s003740050249
915,Previous meta-analysis,FALSE,Missing data,1997,"Omay A.B., Rice C.W., Maddux L.D., Gordon W.B.",Changes in soil microbial and chemical properties under long-term crop rotation and fertilization,10.2136/sssaj1997.03615995006100060019x
916,Previous meta-analysis,FALSE,Unsuitable population,1996,"Soon Y.K., Arshad M.A.","Effects of cropping systems on nitrogen, phosphorus and potassium forms and soil organic carbon in a Gray Luvisol",10.1007/BF00384453
917,Previous meta-analysis,FALSE,Missing data,1996,"Chang X.C., Juma N.G.","Impact of crop rotations on microbial biomass, faunal populations, and plant C and N in a Gray Luvisol (Typic Cryoboralf)",10.1007/BF00384429
918,Previous meta-analysis,FALSE,Missing data,1996,"Entry J.A., Mitchell C.C., Backman C.B.","Influence of management practices on soil organic matter, microbial biomass and cotton yield in Alabama's ""Old Rotation""",10.1007/BF00335906
919,Previous meta-analysis,FALSE,Unsuitable population,1996,"Hossain S.A., Dalal R.C., Waring S.A., Strong W.M., Weston E.J.","Comparison of legume-based cropping systems at Warra, Queensland. I. Soil nitrogen and organic carbon accretion and potentially mineralisable nitrogen",10.1071/SR9960273
920,Previous meta-analysis,FALSE,Unsuitable population,1996,"Robinson C.A., Cruse R.M., Ghaffarzadeh M.",Cropping system and nitrogen effects on mollisol organic carbon,10.2136/sssaj1996.03615995006000010040x
921,Previous meta-analysis,FALSE,Unsuitable population,1995,"Honeycutt C.W., Clapham W.M., Leach S.S.",Influence of crop rotation on selected chemical and physical soil properties in potato cropping systems,10.1007/BF02849157
922,Previous meta-analysis,FALSE,Unsuitable population,1995,"Gasser M.O., N'dayegamiye A., Laverdiere M.R.",Short-term effects of crop rotations and wood-residue amendments on potato yields and soil properties of a sandy loam soil,10.4141/cjss95-055
923,Previous meta-analysis,FALSE,Unsuitable population,1995,"Bremer E., Ellert B.H., Janzen H.H.",Total and light-fraction carbon dynamics during four decades after cropping changes,10.2136/sssaj1995.03615995005900050028x
924,Previous meta-analysis,FALSE,Unsuitable population,1994,"Lal R., Mahboubi A.A., Fausey N.R.",Long-term tillage and rotation effects on properties of a central Ohio soil,10.2136/sssaj1994.03615995005800020038x
925,Previous meta-analysis,FALSE,Missing data,1994,"Franzluebbers A.J., Hons F.M., Zuberer D.A.",Seasonal changes in soil microbial biomass and mineralizable c and n in wheat management systems,10.1016/0038-0717(94)90086-8
926,Previous meta-analysis,FALSE,Missing data,1994,"Ladd J.N., Amato M., Zhou L.-K., Schultz J.E.","Differential effects of rotation, plant residue and nitrogen fertilizer on microbial biomass and organic matter in an Australian alfisol",10.1016/0038-0717(94)90298-4
927,Previous meta-analysis,FALSE,Unsuitable population,1994,"Eghball B., Mielke L.N., McCallister D.L., Doran J.W.",Distribution of organic carbon and inorganic nitrogen in a soil under various tillage and crop sequences,NA
928,Previous meta-analysis,FALSE,Missing data,1994,"Wani S.P., McGill W.B., Haugen-Kozyra K.L., Robertson J.A., Thurston J.J.","Improved soil quality and barley yields with fababeans, manure, forages and crop rotation on a Gray Luvisol",10.4141/cjss94-010
929,Previous meta-analysis,FALSE,Unsuitable population,1994,"Wani S.P., McGill W.B., Haugen-Kozyra K.L., Juma N.G.",Increased proportion of active soil N in Breton loam under cropping systems with forages and green manures,10.4141/cjss94-009
930,Previous meta-analysis,FALSE,Unsuitable population,1994,Varvel G.E.,Rotation and nitrogen fertilization effects on changes in soil carbon and nitrogen,10.2134/agronj1994.00021962008600020021x
931,Previous meta-analysis,FALSE,Missing data,1993,"Angers D.A., Bissonnette N., Legere A., Samson N.",Microbial and biochemical changes induced by rotation and tillage in a soil under barley production,10.4141/cjss93-004
932,Previous meta-analysis,FALSE,Unsuitable population,1992,"Smettem K.R.J., Rovira A.D., Wace S.A., Wilson B.R., Simon A.",Effect of tillage and crop rotation on the surface stability and chemical properties of a red-brown earth (Alfisol) under wheat,10.1016/0167-1987(92)90020-C
933,Previous meta-analysis,FALSE,Missing data,1992,"Collins H.P., Rasmussen P.E., Douglas Jr C.L.",Crop rotation and residue management effects on soil carbon and microbial dynamics,10.2136/sssaj1992.03615995005600030018x
934,Previous meta-analysis,FALSE,Unsuitable outcomes,1992,"Edwards J.H., Wood C.W., Thurlow D.L., Ruf M.E.",Tillage and crop rotation effects on fertility status of a Hapludult soil,10.2136/sssaj1992.03615995005600050040x
935,Previous meta-analysis,FALSE,Unsuitable outcomes,1992,"Wood C.W., Edwards J.H.",Agroecosystem management effects on soil carbon and nitrogen,10.1016/0167-8809(92)90048-G
936,Previous meta-analysis,FALSE,Unsuitable outcomes,1990,Holford I.C.R.,"Effects of 8-year rotations of grain sorghum with lucerne, annual legume, wheat and long fallow on nitrogen and organic carbon in two contrasting soils",10.1071/SR9900277
937,Previous meta-analysis,FALSE,Unsuitable outcomes,1990,"Havlin J.L., Kissel D.E., Maddux L.D., Claassen M.M., Long J.H.",Crop rotation and tillage effects on soil organic carbon and nitrogen,10.2136/sssaj1990.03615995005400020026x
938,Previous meta-analysis,FALSE,Unsuitable outcomes,1989,"Anderson T.H., Domsch K.H.",Ratios of microbial biomass carbon to total organic carbon in arable soils,10.1016/0038-0717(89)90117-X
939,Previous meta-analysis,FALSE,Missing data,1988,"Fraser D.G., Doran J.W., Sahs W.W., Lesoing G.W.",Soil microbial populations and activities under conventional and organic management,10.2134/jeq1988.00472425001700040011x
940,Previous meta-analysis,FALSE,Unsuitable population,1977,"Juo A.S.R., Lal R.",The effect of fallow and continuous cultivation on the chemical and physical properties of an alfisol in western Nigeria,10.1007/BF00011027
941,Previous meta-analysis,FALSE,Unsuitable population,2001,"Pikul Jr, J.L., T.E. Schumacher, and M. Vigil.","Nitrogen use and carbon sequestered by corn rotations in the northern corn belt, US. In Optimizing Nitrogen Management in Food and Energy Production and Environmental Protection: Proceedings of the 2 nd International Nitrogen Conference on Science and Policy",10.1100/tsw.2001.90
942,Previous meta-analysis,FALSE,Unsuitable context,2018,"Prevedello J.A., Almeida-Gomes M., Lindenmayer D.B.",The importance of scattered trees for biodiversity conservation: A global meta-analysis,10.1111/1365-2664.12943
943,Previous meta-analysis,FALSE,Unsuitable population,2015,"Le Roux D.S., Ikin K., Lindenmayer D.B., Manning A.D., Gibbons P.",Single large or several small? Applying biogeographic principles to tree-level conservation and biodiversity offsets,10.1016/j.biocon.2015.08.011
944,Previous meta-analysis,FALSE,Unsuitable population,2015,"Rossetti I., Bagella S., Cappai C., Caria M.C., Lai R., Roggero P.P., Martins da Silva P., Sousa J.P., Querner P., Seddaiu G.",Isolated cork oak trees affect soil properties and biodiversity in a Mediterranean wooded grassland,10.1016/j.agee.2015.01.008
945,Previous meta-analysis,FALSE,Unsuitable population,2015,"Maldonado-López Y., Cuevas-Reyes P., Stone G.N., Nieves-Aldrey J.L., Oyama K.",Gall wasp community response to fragmentation of oak tree species: Importance of fragment size and isolated trees,10.1890/ES14-00355.1
946,Previous meta-analysis,FALSE,Unsuitable population,2015,"Rolo V., Rivest D., López-Díaz M.L., Moreno G.",Microhabitat effects on herbaceous nutrient concentrations at the community and species level in Mediterranean open woodlands: The role of species composition,10.1111/gfs.12110
947,Previous meta-analysis,FALSE,Unsuitable population,2015,"Martínez D., García D.",Changes in the fruiting landscape relax restrictions on endozoochorous tree dispersal into deforested lands,10.1111/avsc.12135
948,Previous meta-analysis,FALSE,Unsuitable comparator,2014,"Fontana V., Radtke A., Walde J., Tasser E., Wilhalm T., Zerbe S., Tappeiner U.",What plant traits tell us: Consequences of land-use change of a traditional agro-forest system on biodiversity and ecosystem service provision,10.1016/j.agee.2014.01.006
949,Previous meta-analysis,FALSE,Missing data,2014,"Francaviglia R., Benedetti A., Doro L., Madrau S., Ledda L.",Influence of land use on soil quality and stratification ratios under agro-silvo-pastoral Mediterranean management systems,10.1016/j.agee.2013.10.026
950,Previous meta-analysis,FALSE,Unsuitable population,2014,"Sandor M.E., Chazdon R.L.",Remnant trees affect species composition but not structure of tropical second-growth forest,10.1371/journal.pone.0083284
951,Previous meta-analysis,FALSE,Unsuitable population,2014,"Peterson C.J., Dosch J.J., Carson W.P.",Pasture succession in the Neotropics: Extending the nucleation hypothesis into a matrix discontinuity hypothesis,10.1007/s00442-014-2986-7
952,Previous meta-analysis,FALSE,Unsuitable population,2013,"Upson M.A., Burgess P.J.",Soil organic carbon and root distribution in a temperate arable agroforestry system,10.1007/s11104-013-1733-x
953,Previous meta-analysis,FALSE,Unsuitable population,2013,"Azihou A.F., Glèlè Kakaï R., Sinsin B.",Do isolated gallery-forest trees facilitate recruitment of forest seedlings and saplings in savannna?,10.1016/j.actao.2013.08.001
954,Previous meta-analysis,FALSE,Unsuitable population,2013,"Lozano-García B., Parras-Alcántara L.",Land use and management effects on carbon and nitrogen in Mediterranean Cambisols,10.1016/j.agee.2013.07.009
955,Previous meta-analysis,FALSE,Missing data,2013,"Rollin O., Bretagnolle V., Decourtye A., Aptel J., Michel N., Vaissière B.E., Henry M.",Differences Of floral resource use between honey bees and wild bees in an intensive farming system,10.1016/j.agee.2013.07.007
956,Previous meta-analysis,FALSE,Unsuitable comparator,2013,"Frizzo T.L.M., Vasconcelos H.L.",The potential role of scattered trees for ant conservation in an agriculturally dominated neotropical landscape,10.1111/btp.12045
957,Previous meta-analysis,FALSE,Unsuitable population,2013,"Robinson D., Warmsley A., Nowakowski A.J., Reider K.E., Donnelly M.A.",The value of remnant trees in pastures for a neotropical poison frog,10.1017/S0266467413000382
958,Previous meta-analysis,FALSE,Unsuitable population,2013,"Nieto O.M., Castro J., Fernández-Ondoño E.",Conventional tillage versus cover crops in relation to carbon fixation in Mediterranean olive cultivation,10.1007/s11104-012-1395-0
959,Previous meta-analysis,FALSE,Unsuitable population,2012,"Nieto O.M., Castro J., Guzmán G., Foraster L., Fernández E.",Soil-management systems in the olive orchard and influence on the organic-matter and nutrient contents,10.17660/ActaHortic.2012.937.12
960,Previous meta-analysis,FALSE,Missing data,2012,"Crdenas M., Castro J., Campos M.",Short-term response of soil spiders to cover-crop removal in an organic olive orchard in a mediterranean setting,10.1673/031.012.6101
961,Previous meta-analysis,FALSE,Unsuitable population,2012,"Hanspach J., Fischer J., Ikin K., Stott J., Law B.S.",Using trait-based filtering as a predictive framework for conservation: A case study of bats on farms in southeastern Australia,10.1111/j.1365-2664.2012.02159.x
962,Previous meta-analysis,FALSE,Unsuitable population,2012,"Ruiz-Mirazo J., Robles A.B.",Impact of targeted sheep grazing on herbage and holm oak saplings in a silvopastoral wildfire prevention system in south-eastern Spain,10.1007/s10457-012-9510-z
963,Previous meta-analysis,FALSE,Unsuitable intervention,2012,"Solomou A.D., Sfougaris A.I., Vavoulidou E.M., Csuzdi C.",The effects of farming practices on earthworm dynamics in olive groves of central Greece,10.1080/09397140.2012.10648993
964,Previous meta-analysis,FALSE,Unsuitable population,2011,"Rivest D., Rolo V., López-Díaz L., Moreno G.",Shrub encroachment in Mediterranean silvopastoral systems: Retama sphaerocarpa and Cistus ladanifer induce contrasting effects on pasture and Quercus ilex production,10.1016/j.agee.2011.04.018
965,Previous meta-analysis,FALSE,Unsuitable population,2011,"Pizo M.A., dos Santos B.T.P.","Frugivory, post-feeding flights of frugivorous birds and the movement of seeds in a Brazilian fragmented landscape",10.1111/j.1744-7429.2010.00695.x
966,Previous meta-analysis,FALSE,Unsuitable population,2011,"Poltz K., Zotz G.",Vascular Epiphytes on Isolated Pasture Trees Along a Rainfall Gradient in the Lowlands of Panama,10.1111/j.1744-7429.2010.00669.x
967,Previous meta-analysis,FALSE,Unsuitable population,2011,"Ramos M.E., Robles A.B., Sánchez-Navarro A., González-Rebollar J.L.",Soil responses to different management practices in rainfed orchards in semiarid environments,10.1016/j.still.2010.11.007
968,Previous meta-analysis,FALSE,Unsuitable population,2011,"Rodrigues M.A., Lopes J.I., Pavão F.M., Cabanas J.E., Arrobas M.",Effect of soil management on olive yield and nutritional status of trees in rainfed orchards,10.1080/00103624.2011.562582
969,Previous meta-analysis,TRUE,NA,2011,"Martins A., Marques G., Borges O., Portela E., Lousada J., Raimundo F., Madeira M.",Management of chestnut plantations for a multifunctional land use under Mediterranean conditions: Effects on productivity and sustainability,10.1007/s10457-010-9355-2
970,Previous meta-analysis,FALSE,Unsuitable population,2010,"DeMars C.A., Rosenberg D.K., Fontaine J.B.",Multi-scale factors affecting bird use of isolated remnant oak trees in agro-ecosystems,10.1016/j.biocon.2010.03.029
971,Previous meta-analysis,FALSE,Unsuitable population,2010,"Fischer J., Stott J., Law B.S.",The disproportionate value of scattered trees,10.1016/j.biocon.2010.03.030
972,Previous meta-analysis,FALSE,Unsuitable population,2010,"Sánchez-Jardón L., Acosta B., del Pozo A., Casado M.A., Ovalle C., Elizalde H.F., Hepp C., de Miguel J.M.",Grassland productivity and diversity on a tree cover gradient in Nothofagus pumilio in NW Patagonia,10.1016/j.agee.2010.02.006
973,Previous meta-analysis,FALSE,Unsuitable intervention,2010,"Cotes B., Campos M., Pascual F., García P.A., Ruano F.",Comparing taxonomic levels of epigeal insects under different farming systems in Andalusian olive agroecosystems,10.1016/j.apsoil.2009.12.011
974,Previous meta-analysis,FALSE,Unsuitable outcomes,2010,"Ramos M.E., Benítez E., García P.A., Robles A.B.",Cover crops under different managements vs. frequent tillage in almond orchards in semiarid conditions: Effects on soil quality,10.1016/j.apsoil.2009.08.005
975,Previous meta-analysis,FALSE,Unsuitable population,2009,"Barnes P., Wilson B.R., Nadolny C., Growns I.","The influence of individual native trees and grazing regime on soil properties and groundcover patterns in a temperate landscape of New South Wales, Australia",10.1071/RJ09017
976,Previous meta-analysis,FALSE,Unsuitable population,2009,"Riginos C., Grace J.B., Augustine D.J., Young T.P.",Local versus landscape-scale effects of savanna trees on grasses,10.1111/j.1365-2745.2009.01563.x
977,Previous meta-analysis,FALSE,Unsuitable population,2009,"Nadkarni N.M., Haber W.A.",Canopy seed banks as time capsules of biodiversity in pasture-remnant tree crowns,10.1111/j.1523-1739.2009.01235.x
978,Previous meta-analysis,FALSE,Unsuitable population,2009,"Martin E.A., Ratsimisetra L., Laloë F., Carrière S.M.",Conservation value for birds of traditionally managed isolated trees in an agricultural landscape of Madagascar,10.1007/s10531-009-9671-x
979,Previous meta-analysis,FALSE,Unsuitable population,2009,"Hussain M.Z., Otieno D.O., Mirzae H., Li Y.L., Schmidt M.W.T., Siebke L., Foken T., Ribeiro N.A., Pereira J.S., Tenhunen J.D.",CO2 exchange and biomass development of the herbaceous vegetation in the Portuguese montado ecosystem during spring,10.1016/j.agee.2009.03.008
980,Previous meta-analysis,FALSE,Unsuitable population,2009,"Gea-Izquierdo G., Montero G., Cañellas I.",Changes in limiting resources determine spatio-temporal variability in tree-grass interactions,10.1007/s10457-009-9211-4
981,Previous meta-analysis,FALSE,Unsuitable population,2009,"Cubera E., Moreno G., Solla A.",Quercus ilex root growth in response to heterogeneous conditions of soil bulk density and soil NH4-N content,10.1016/j.still.2008.09.002
982,Previous meta-analysis,FALSE,Unsuitable outcomes,2009,"Gómez J.A., Guzmán M.G., Giráldez J.V., Fereres E.","The influence of cover crops and tillage on water and sediment yield, and on nutrient, and organic matter losses in an olive orchard on a sandy loam soil",10.1016/j.still.2009.04.008
983,Previous meta-analysis,FALSE,Unsuitable population,2009,"Zuazo V.H.D., Pleguezuelo C.R.R., Panadero L.A., Raya A.M., Martinez J.R.F., Rodriguez B.C.",Soil Conservation Measures in Rainfed Olive Orchards in South-Eastern Spain: Impacts of Plant Strips on Soil Water Dynamics,10.1016/S1002-0160(09)60138-7
984,Previous meta-analysis,FALSE,Unsuitable population,2009,"Herrera J.M., García D.",The role of remnant trees in seed dispersal through the matrix: Being alone is not always so sad,10.1016/j.biocon.2008.10.008
985,Previous meta-analysis,FALSE,Unsuitable population,2008,"Ahnström J., Berg Å., Söderlund H.",Birds on farmsteads - Effects of landscape and farming characteristics,NA
986,Previous meta-analysis,FALSE,Unsuitable population,2008,"Werner F.A., Gradstein S.R.","Seedling establishment of vascular epiphytes on isolated and enclosed forest trees in an Andean landscape, Ecuador",10.1007/s10531-008-9421-5
987,Previous meta-analysis,FALSE,Unsuitable population,2008,"Schlawin J.R., Zahawi R.A.",Nucleating' succession in recovering neotropical wet forests: The legacy of remnant trees,10.3170/2008-8-18387
988,Previous meta-analysis,FALSE,Unsuitable population,2008,"Brooker R.W., Osler G.H.R., Gollisch J.",Association of vegetation and soil mite assemblages with isolated Scots pine trees on a Scottish wet heath,10.1007/s10980-008-9242-7
989,Previous meta-analysis,FALSE,Unsuitable population,2008,"Flores-Palacios A., García-Franco J.G.","Habitat isolation changes the beta diversity of the vascular epiphyte community in lower montane forest, Veracruz, Mexico",10.1007/s10531-007-9239-6
990,Previous meta-analysis,FALSE,Unsuitable population,2008,Moreno G.,Response of understorey forage to multiple tree effects in Iberian dehesas,10.1016/j.agee.2007.04.006
991,Previous meta-analysis,FALSE,Unsuitable population,2007,Ohsawa M.,The role of isolated old oak trees in maintaining beetle diversity within larch plantations in the central mountainous region of Japan,10.1016/j.foreco.2007.05.017
992,Previous meta-analysis,FALSE,Unsuitable population,2007,"Michel N., Burel F., Legendre P., Butet A.","Role of habitat and landscape in structuring small mammal assemblages in hedgerow networks of contrasted farming landscapes in Brittany, France",10.1007/s10980-007-9103-9
993,Previous meta-analysis,FALSE,Unsuitable population,2007,"Treydte A.C., Heitkönig I.M.A., Prins H.H.T., Ludwig F.",Trees improve grass quality for herbivores in African savannas,10.1016/j.ppees.2007.03.001
994,Previous meta-analysis,FALSE,Unsuitable population,2006,"Gove A.D., Majer J.D.","Do isolated trees encourage arboreal ant foraging at ground-level? Quantification of ant activity and the influence of season, in Veracruz, Mexico",10.1016/j.agee.2005.09.019
995,Previous meta-analysis,FALSE,Unsuitable population,2006,"Chifflot V., Bertoni G., Cabanettes A., Gavaland A.",Beneficial effects of intercropping on the growth and nitrogen status of young wild cherry and hybrid walnut trees,10.1007/s10457-005-3650-3
996,Previous meta-analysis,FALSE,Unsuitable population,2005,"Hooper E., Legendre P., Condit R.",Barriers to forest regeneration of deforested and abandoned land in Panama,10.1111/j.1365-2664.2005.01106.x
997,Previous meta-analysis,FALSE,Unsuitable population,2005,"Gove A.D., Majer J.D., Rico-Gray V.","Methods for conservation outside of formal reserve systems: The case of ants in the seasonally dry tropics of Veracruz, Mexico",10.1016/j.biocon.2005.06.008
998,Previous meta-analysis,FALSE,Unsuitable population,2005,"Hernández A.J., Lacasta C., Pastor J.",Effects of different management practices on soil conservation and soil water in a rainfed olive orchard,10.1016/j.agwat.2004.09.030
999,Previous meta-analysis,FALSE,Unsuitable population,2005,"Burgess P.J., Incoll L.D., Corry D.T., Beaton A., Hart B.J.",Poplar (Populus spp) growth and crop yields in a silvoarable experiment at three lowland sites in England,10.1007/s10457-004-7169-9
1000,Previous meta-analysis,FALSE,Unsuitable population,2005,"Lumsden L.F., Bennett A.F.",Scattered trees in rural landscapes: Foraging habitat for insectivorous bats in south-eastern Australia,10.1016/j.biocon.2004.07.006
1001,Previous meta-analysis,FALSE,Unsuitable population,2003,"Galindo-González J., Sosa V.J.",Frugivorous bats in isolated trees and riparian vegetation associated with human-made pastures in a fragmented tropical landscape,10.1894/0038-4909(2003)048<0579:FBIITA>2.0.CO;2
1002,Previous meta-analysis,FALSE,Unsuitable outcomes,2003,"Reyes-López J., Ruiz N., Fernández-Haeger J.",Community structure of ground-ants: The role of single trees in a Mediterranean pastureland,10.1016/S1146-609X(03)00086-9
1003,Previous meta-analysis,FALSE,Unsuitable population,2002,"Durr P.A., Rangel J.",Enhanced forage production under Samanea saman in a subhumid tropical grassland,10.1023/A:1015070203455
1004,Previous meta-analysis,FALSE,Unsuitable population,2002,"Carrière S.M., Letourmy P., McKey D.B.",Effects of remnant trees in fallows on diversity and structure of forest regrowth in a slash-and-burn agricultural system in southern Cameroon,10.1017/S0266467402002262
1005,Previous meta-analysis,FALSE,Unsuitable population,2001,"Anderson L.J., Brumbaugh M.S., Jackson R.B.",Water and tree-understory interactions: A natural experiment in a savanna with oak wilt,10.1890/0012-9658(2001)082[0033:WATUIA]2.0.CO;2
1006,Previous meta-analysis,FALSE,Unsuitable population,2001,Slocum M.G.,How tree species differ as recruitment foci in a tropical pasture,10.1890/0012-9658(2001)082[2547:HTSDAR]2.0.CO;2
1007,Previous meta-analysis,FALSE,Unsuitable outcomes,2001,"Ludwig F., De Kroon H., Prins H.H.T., Berendse F.",Effects of nutrients and shade on tree-grass interactions in an East African savanna,10.2307/3237009
1008,Previous meta-analysis,FALSE,Unsuitable population,2000,"Ozanne C.M.P., Speight M.R., Hambler C., Evans H.F.",Isolated trees and forest patches: Patterns in canopy arthropod abundance and diversity in Pinus sylvestris (Scots Pine),10.1016/S0378-1127(99)00317-5
1009,Previous meta-analysis,FALSE,Unsuitable population,2000,Dunn R.R.,Isolated trees as foci of diversity in active and fallow fields,10.1016/S0006-3207(00)00025-2
1010,Previous meta-analysis,FALSE,Unsuitable intervention,1999,"Toh I., Gillespie M., Lamb D.",The role of isolated trees in facilitating tree seedling recruitment at a degraded sub-tropical rainforest site,10.1046/j.1526-100X.1999.72022.x
1011,Previous meta-analysis,FALSE,Unsuitable outcomes,1999,"Majer J.D., Delabie J.H.C.","Impact of tree isolation on arboreal and ground ant communities in cleared pasture in the Atlantic rain forest region of Bahia, Brazil",10.1007/s000400050147
1012,Previous meta-analysis,FALSE,Unsuitable population,1998,"Balandier P., Dupraz C.",Growth of widely spaced trees. A case study from young agroforestry plantations in france,NA
1013,Previous meta-analysis,FALSE,Unsuitable population,1998,Ash A.J.,"Tree-grass relationships in open eucalypt woodlands of northeastern Australia: Influence of trees on pasture productivity, forage quality and species distribution",10.1023/A:1006067110870
1014,Previous meta-analysis,FALSE,Unsuitable population,1998,"Williams-Linera G., Domínguez-Gastelú V., García-Zurita M.E.",Microenvironment and floristics of different edges in a fragmented tropical rainforest,10.1046/j.1523-1739.1998.97262.x
1015,Previous meta-analysis,FALSE,Unsuitable outcomes,1996,"Hietz-Seifert U., Hietz P., Guevara S.","Epiphyte vegetation and diversity on remnant trees after forest clearance in Southern Veracruz, Mexico",10.1016/0006-3207(95)00071-2
1016,Previous meta-analysis,FALSE,Unsuitable intervention,1994,"Haworth K., McPherson G.R.",Effects of Quercus emoryi on herbaceous vegetation in a semi-arid savanna,10.1007/BF00044689
1017,Previous meta-analysis,FALSE,Unsuitable intervention,1994,Belsky A.J.,"Influences of trees on savanna productivity: Tests of shade, nutrients, and tree-grass competition",10.2307/1939416
1018,Previous meta-analysis,FALSE,Unsuitable population,1993,"Belsky A.J., Mwonga S.M., Amundson R.G., Duxbury J.M., Ali A.R.",Comparative effects of isolated trees on their undercanopy environments in high- and low-rainfall savannas,10.2307/2404278
1019,Previous meta-analysis,FALSE,Unsuitable population,1992,"Guevara S., Meave J., Moreno-Casasola P., Laborde J.",Floristic composition and structure of vegetation under isolated trees in neotropical pastures,10.2307/3235833
1020,Previous meta-analysis,FALSE,Unsuitable population,1990,"Weltzin J.F., Coughenour M.B.",Savanna tree influence on understory vegetation and soil nutrients in northwestern Kenya,10.2307/3235707
1021,Previous meta-analysis,FALSE,Unsuitable population,1990,"Jackson L.E., Strauss R.B., Firestone M.K., Bartolome J.W.",Influence of tree canopies on grassland productivity and nitrogen dynamics in deciduous oak savanna,10.1016/0167-8809(90)90126-X
1022,Previous meta-analysis,FALSE,Unsuitable population,1990,"Harrington G.N., Johns G.G.",Herbaceous biomass in a Eucalyptus savanna woodland after removing trees and/or shrubs,10.2307/2404376
1023,Previous meta-analysis,FALSE,Unsuitable population,1989,"Frost W.E., McDougald N.K.",Tree canopy effects on herbaceous production of annual rangeland during drought,10.2307/3899494
1024,Previous meta-analysis,FALSE,Unsuitable population,1981,"LEGG J.T., LOCKWOOD G.",Resistance of cocoa to swollen-shoot virus in Ghana. I. Field trials,10.1111/j.1744-7348.1981.tb02996.x
1025,Previous meta-analysis,FALSE,Unsuitable population,1993,"Ko L.J., Reich P.B.",Oak Tree Effects on Soil and Herbaceous Vegetation in Savannas and Pastures in Wisconsin,10.2307/2426272
1026,Previous meta-analysis,FALSE,Unsuitable intervention,1994,"Marañón T., Bartolome J.W.",COAST LIVE OAK (QUERCUS AGRIFOLIA) EFFECTS ON GRASSLAND BIOMASS AND DIVERSITY,NA
1027,Previous meta-analysis,FALSE,Duplicate,2010,"Giordani P., Incerti G., Rizzi G., Ginaldi F., Viglione S., Rellini I., Brunialti G., Malapina P., Modenesi P.,",Land use intensity drives the local variation of lichen diversity in Mediterranean ecosystems sensitive to desertification,NA
1028,Previous meta-analysis,FALSE,Unsuitable outcomes,2005,"Werner, F. A., Homeier, J., Gradstein, S. R.",Diversity of vascular epiphytes on isolated remnant trees in the montane forest belt of Southern Ecuador,NA
1029,Previous meta-analysis,FALSE,Unsuitable population,2004,"Gul A., Avciouglu R.",Effects of some agroforestry applications on the rate of erosion and some other crop performances in marginal lands of the Aegean Region,NA
1030,Previous meta-analysis,FALSE,Unsuitable context,2015,"Pumariño L., Sileshi G.W., Gripenberg S., Kaartinen R., Barrios E., Muchane M.N., Midega C., Jonsson M.","Effects of agroforestry on pest, disease and weed control: A meta-analysis",10.1016/j.baae.2015.08.006
1031,Previous meta-analysis,FALSE,Unsuitable population,2015,"Karungi J., Nambi N., Ijala A.R., Jonsson M., Kyamanywa S., Ekbom B.",Relating shading levels and distance from natural vegetation with hemipteran pests and predators occurrence on coffee,10.1111/jen.12203
1032,Previous meta-analysis,FALSE,Unsuitable intervention,2015,"Jonsson M., Raphael I.A., Ekbom B., Kyamanywa S., Karungi J.",Contrasting effects of shade level and altitude on two important coffee pests,10.1007/s10340-014-0615-1
1033,Previous meta-analysis,TRUE,NA,2013,"de la Mora A., Murnen C.J., Philpott S.M.",Local and landscape drivers of biodiversity of four groups of ants in coffee landscapes,10.1007/s10531-013-0454-z
1034,Previous meta-analysis,FALSE,Unsuitable intervention,2013,"Riedel J., Dorn S., Plath M., Mody K.","Growth, herbivore distribution, and herbivore damage of timber trees in a tropical silvopastoral reforestation system",10.1007/s13595-012-0239-7
1035,Previous meta-analysis,TRUE,NA,2012,"Ichinose K., Hoa N.V., Bang D.V., Tuan D.H., Dien L.Q.",Limited efficacy of guava interplanting on citrus greening disease: Effectiveness of protection against disease invasion breaks down after one year,10.1016/j.cropro.2011.11.023
1036,Previous meta-analysis,TRUE,NA,2010,"Sjögren H., Shepherd K.D., Karlsson A.",Effects of improved fallow with Sesbania sesban on maize productivity and Striga hermonthica infestation in Western Kenya,10.1007/s11676-010-0085-0
1037,Previous meta-analysis,FALSE,Not English,2010,"Velasco Y.A.M., Ropero M.C.G., Armbrecht I.","Interactions between ants and insects in foliage of sun and shade coffee plantations, Cauca-Colombia [Interacciones entre hormigas e insectos en follaje de cafetales de sol y sombra, Cauca-Colombia]",NA
1038,Previous meta-analysis,TRUE,NA,2009,"Teodoro A.V., Klein A.M., Tscharntke T.",Temporally mediated responses of the diversity of coffee mites to agroforestry management,10.1111/j.1439-0418.2009.01422.x
1039,Previous meta-analysis,FALSE,Missing data,2009,"Kiwia A., Imo M., Jama B., Okalebo J.R.",Coppicing improved fallows are profitable for maize production in striga infested soils of western Kenya,10.1007/s10457-009-9221-2
1040,Previous meta-analysis,TRUE,NA,2009,"Hoehn P., Steffan-Dewenter I., Buchori D., Tscharntke T.",Spatiotemporal density patterns of the pest predator Rhynchium haemorrhoidale (F.) along a land-use gradient in cacao agroforestry systems,10.1007/s10457-008-9154-1
1041,Previous meta-analysis,FALSE,Unsuitable outcomes,2009,"Stamps W.T., McGraw R.L., Godsey L., Woods T.L.",The ecology and economics of insect pest management in nut tree alley cropping systems in the Midwestern United States,10.1016/j.agee.2008.06.012
1042,Previous meta-analysis,TRUE,NA,2008,"Sileshi G., Mafongoya P.L., Chintu R., Akinnifesi F.K.",Mixed-species legume fallows affect faunal abundance and richness and N cycling compared to single species in maize-fallow rotations,10.1016/j.soilbio.2008.09.007
1043,Previous meta-analysis,FALSE,Not English,2008,"Ricci M.D.S.F., Filho E.D.M.V., Costa J.R.","Diversity of weed community in agroforestry systems with coffee in Turrialba, Costa Rica [Diversidade da comunidade de plantas invasoras em sistemas agroflorestais com café em Turrialba, Costa Rica]",NA
1044,Previous meta-analysis,TRUE,NA,2008,"Teodoro A., Klein A.M., Tscharntke T.","Environmentally mediated coffee pest densities in relation to agroforestry management, using hierarchical partitioning analyses",10.1016/j.agee.2007.12.004
1045,Previous meta-analysis,FALSE,Unsuitable population,2008,"Opuni-Frimpong E., Karnosky D.F., Storer A.J., Cobbinah J.R.",Silvicultural systems for plantation mahogany in Africa: Influences of canopy shade on tree growth and pest damage,10.1016/j.foreco.2007.09.078
1046,Previous meta-analysis,FALSE,Missing data,2007,"Varón E.H., Eigenbrode S.D., Bosque-Pérez N.A., Hilje L.",Effect of farm diversity on harvesting of coffee leaves by the leaf-cutting ant Atta cephalotes,10.1111/j.1461-9563.2006.00320.x
1047,Previous meta-analysis,FALSE,Unsuitable comparator,2007,"Sileshi G., Mafongoya P.L.",Quantity and quality of organic inputs from coppicing leguminous trees influence abundance of soil macrofauna in maize crops in eastern Zambia,10.1007/s00374-006-0111-8
1048,Previous meta-analysis,FALSE,Missing data,2006,"Sileshi G., Mafongoya P.L.",Variation in macrofaunal communities under contrasting land use systems in eastern Zambia,10.1016/j.apsoil.2005.09.003
1049,Previous meta-analysis,FALSE,Missing data,2006,"Sileshi G., Mafongoya P.L.",Long-term effects of improved legume fallows on soil invertebrate macrofauna and maize yield in eastern Zambia,10.1016/j.agee.2005.12.010
1050,Previous meta-analysis,FALSE,Unsuitable outcomes,2006,"Koech E.K., Whitbread R.",Incidence and severity of bean rust (Uromyces appendiculatus) in alleys between Leucaena hedgerows in Kenya,10.1007/s11056-005-8680-1
1051,Previous meta-analysis,FALSE,Missing data,2005,"Gacheru E., Rao M.R.",The potential of planted shrub fallows to combat Striga infestation on maize,10.1080/09670870400028292
1052,Previous meta-analysis,TRUE,NA,2005,"Reda F., Verkleij J.A.C., Ernst W.H.O.",Relay cropping of sorghum and legume shrubs for crop yield improvement and Striga control in the subsistence agriculture region of Tigray (northern Ethiopia),10.1111/j.1439-037X.2004.00126.x
1053,Previous meta-analysis,FALSE,Missing data,2005,"Sileshi G., Mafongoya P.L., Kwesiga F., Nkunika P.","Termite damage to maize grown in agroforestry systems, traditional fallows and monoculture on nitrogen-limited soils in eastern Zambia",10.1111/j.1461-9555.2005.00242.x
1054,Previous meta-analysis,FALSE,Unsuitable outcomes,2004,"Midega C.A.O., Ogol C.K.P.O., Overholt W.A.",Effect of agroecosystem diversity on natural enemies of maize stemborers in coastal Kenya,10.1079/IJT200441
1055,Previous meta-analysis,FALSE,Missing data,2004,"Ekeleme F., Chikoye D., Akobundu I.O.",Changes in size and composition of weed communities during planted and natural fallows,10.1078/1439-1791-00186
1056,Previous meta-analysis,FALSE,Missing data,2003,"MacLean R.H., Litsinger J.A., Moody K., Watson A.K., Libetario E.M.",Impact of Gliricidia sepium and Cassia spectabilis hedgerows on weeds and insect pests of upland rice,10.1016/S0167-8809(02)00033-6
1057,Previous meta-analysis,FALSE,Missing data,2003,"Sileshi G., Mafongoya P.L.",Effect of rotational fallows on abundance of soil insects and weeds in maize crops in eastern Zambia,10.1016/S0929-1393(03)00049-0
1058,Previous meta-analysis,FALSE,Missing data,2002,"Kandji S.T., Ogol C.K.P.O., Albrecht A.",Influence of some agroforestry practices on the temporal structures of nematodes in western Kenya,10.1016/S1164-5563(02)01144-5
1059,Previous meta-analysis,FALSE,Missing data,2000,"Banful B., Dzietror A., Ofori I., Hemeng O.B.","Yield of plantain alley cropped with Leucaena leucocephala and Flemingia macrophylla in Kumasi, Ghana",10.1023/A:1006335710243
1060,Previous meta-analysis,FALSE,Unsuitable population,1998,"Egbe E.A., Ladipo D.O., Nwoboshi L.C., Swift M.J.",Potentials of Millettia thonningii and Pterocarpus santalinoides for alley cropping in humid lowlands of West Africa,10.1023/A:1006058427012
1061,Previous meta-analysis,TRUE,NA,1998,"Ogol C.K.P.O., Spence J.R., Keddie A.",Natural Enemy Abundance and Activity in a Maize-Leucaena Agroforestry System in Kenya,10.1093/ee/27.6.1444
1062,Previous meta-analysis,FALSE,Unsuitable population,1992,"Rosecrance R.C., Rogers S., Tofinga M.","Effects of alley cropped Calliandra calothyrsus and Cliricidia sipium hedges on weed growth, soil properties, and taro yields in Western Samoa",10.1007/BF00130094
1063,Previous meta-analysis,FALSE,Not English,1992,"Nestel D., Altieri M.A.",The weed community of Mexican coffee agroecosystems: effect of management upon plant biomass and species composition,NA
1064,Previous meta-analysis,FALSE,Unsuitable population,1991,"Jama B., Getahun A.","Intercropping Acacia albida with maize (Zea mays) and green gram (Phaseolus aureus) at Mtwapa, Coast Province, Kenya",10.1007/BF00115735
1065,Previous meta-analysis,FALSE,Unavailable study,1997,"Naeem, M., Compton, S. G., Incoll, L. D., Wright, C., & Corry, D. T.",Responses of aphids to a silvoarable agroforestry landscape,NA
1066,Previous meta-analysis,FALSE,Missing data,2005,"Ekeleme, F., Chikoye, D., Akobundu, I. O.",Weed seed- bank response to planted fallow and tillage in southwest Nigeria,NA
1067,Previous meta-analysis,FALSE,Missing data,2011,"Matata, P. Z., Gama, B. M., Mbwaga, A., Mpanda, M., Byamungu, D. A.",Effect of Sesbania sesban fallows on Striga infestation and maize yield in Tabora Region of Western Tanzania,NA
1068,Previous meta-analysis,FALSE,Unsuitable population,1994,"Heard T.A., Exley E.M.","Diversity, abundance, and distribution of insect visitors to macadamia flowers",10.1093/ee/23.1.91
1069,Previous meta-analysis,FALSE,Unsuitable context,2006,"Ricketts, Taylor H., Williams, Neal M. and Mayfield, Margaret M.",Connectivity and ecosystem services: Crop pollination in agricultural landscapes,NA
1070,Previous meta-analysis,FALSE,Unsuitable context,2013,"Scheper J., Holzschuh A., Kuussaari M., Potts S.G., Rundlöf M., Smith H.G., Kleijn D.",Environmental factors driving the effectiveness of European agri-environmental measures in mitigating pollinator loss - a meta-analysis,10.1111/ele.12128
1071,Previous meta-analysis,FALSE,Unsuitable comparator,2011,"Alanen E.-L., Hyvönen T., Lindgren S., Härmä O., Kuussaari M.",Differential responses of bumblebees and diurnal Lepidoptera to vegetation succession in long-term set-aside,10.1111/j.1365-2664.2011.02012.x
1072,Previous meta-analysis,FALSE,Unsuitable comparator,2011,"Kuussaari M., Hyvönen T., Härmä O.",Pollinator insects benefit from rotational fallows,10.1016/j.agee.2011.03.006
1073,Previous meta-analysis,FALSE,Unsuitable population,2011,"Aviron S., Herzog F., Klaus I., Schüpbach B., Jeanneret P.","Effects of Wildflower Strip Quality, Quantity, and Connectivity on Butterfly Diversity in a Swiss Arable Landscape",10.1111/j.1526-100X.2010.00649.x
1074,Previous meta-analysis,FALSE,Unsuitable population,2011,"Fuentes-Montemayor E., Goulson D., Park K.J.",The effectiveness of agri-environment schemes for the conservation of farmland moths: Assessing the importance of a landscape-scale management approach,10.1111/j.1365-2664.2010.01927.x
1075,Previous meta-analysis,FALSE,Unsuitable intervention,2011,"Jonason D., Andersson G.K.S., Öckinger E., Rundlöf M., Smith H.G., Bengtsson J.",Assessing the effect of the time since transition to organic farming on plants and butterflies,10.1111/j.1365-2664.2011.01989.x
1076,Previous meta-analysis,FALSE,Unsuitable population,2011,"Kovács-Hostyánszki A., Korösi Á., Orci K.M., Batáry P., Báldi A.",Set-aside promotes insect and plant diversity in a Central European country,10.1016/j.agee.2011.03.004
1077,Previous meta-analysis,FALSE,Unsuitable intervention,2011,"Weiner C.N., Werner M., Linsenmair K.E., Blüthgen N.","Land use intensity in grasslands: Changes in biodiversity, species composition and specialisation in flower visitor networks",10.1016/j.baae.2010.08.006
1078,Previous meta-analysis,FALSE,Unsuitable comparator,2011,"Blake R.J., Woodcock B.A., Westbury D.B., Sutton P., Potts S.G.",New tools to boost butterfly habitat quality in existing grass buffer strips,10.1007/s10841-010-9339-6
1079,Previous meta-analysis,FALSE,Unsuitable intervention,2010,"Brittain C.A., Vighi M., Bommarco R., Settele J., Potts S.G.",Impacts of a pesticide on pollinator species richness at different spatial scales,10.1016/j.baae.2009.11.007
1080,Previous meta-analysis,FALSE,Unsuitable population,2010,"Albrecht M., Schmid B., Obrist M.K., Schüpbach B., Kleijn D., Duelli P.",Effects of ecological compensation meadows on arthropod diversity in adjacent intensively managed grassland,10.1016/j.biocon.2009.11.029
1081,Previous meta-analysis,FALSE,Unsuitable population,2010,"Batáry P., Báldi A., Sárospataki M., Kohler F., Verhulst J., Knop E., Herzog F., Kleijn D.",Effect of conservation management on bees and insect-pollinated grassland plant communities in three European countries,10.1016/j.agee.2009.11.004
1082,Previous meta-analysis,FALSE,Unsuitable population,2010,"Hodgson J.A., Kunin W.E., Thomas C.D., Benton T.G., Gabriel D.",Comparing organic farming and land sparing: Optimizing yield and butterfly populations at a landscape scale,10.1111/j.1461-0248.2010.01528.x
1083,Previous meta-analysis,FALSE,Unsuitable population,2009,"Aviron S., Nitsch H., Jeanneret P., Buholzer S., Luka H., Pfiffner L., Pozzi S., Schüpbach B., Walter T., Herzog F.",Ecological cross compliance promotes farmland biodiversity in Switzerland,10.1890/070197
1084,Previous meta-analysis,FALSE,Unsuitable comparator,2009,"Potts S.G., Woodcock B.A., Roberts S.P.M., Tscheulin T., Pilgrim E.S., Brown V.K., Tallowin J.R.",Enhancing pollinator biodiversity in intensive grasslands,10.1111/j.1365-2664.2009.01609.x
1085,Previous meta-analysis,FALSE,Unsuitable comparator,2009,"Merckx T., Feber R.E., Riordan P., Townsend M.C., Bourn N.A.D., Parsons M.S., Macdonald D.W.",Optimizing the biodiversity gain from agri-environment schemes,10.1016/j.agee.2009.01.006
1086,Previous meta-analysis,FALSE,Unsuitable intervention,2008,"Rundlöf M., Bengtsson J., Smith H.G.",Local and landscape effects of organic farming on butterfly species richness and abundance,10.1111/j.1365-2664.2007.01448.x
1087,Previous meta-analysis,FALSE,Unsuitable population,2008,"Kohler F., Verhulst J., Van Klink R., Kleijn D.",At what spatial scale do high-quality habitats enhance the diversity of forbs and pollinators in intensively farmed landscapes?,10.1111/j.1365-2664.2007.01394.x
1088,Previous meta-analysis,FALSE,Unsuitable intervention,2008,"Sjödin N.E., Bengtsson J., Ekbom B.",The influence of grazing intensity and landscape composition on the diversity and abundance of flower-visiting insects,10.1111/j.1365-2664.2007.01443.x
1089,Previous meta-analysis,FALSE,Unsuitable intervention,2008,"Ekroos J., Piha M., Tiainen J.",Role of organic and conventional field boundaries on boreal bumblebees and butterflies,10.1016/j.agee.2007.09.003
1090,Previous meta-analysis,FALSE,Unsuitable population,2008,"Rundlöf M., Nilsson H., Smith H.G.",Interacting effects of farming practice and landscape context on bumble bees,10.1016/j.biocon.2007.10.011
1091,Previous meta-analysis,FALSE,Unsuitable population,2008,"Concepción E.D., Díaz M., Baquero R.A.",Effects of landscape complexity on the ecological effectiveness of agri-environment schemes,10.1007/s10980-007-9150-2
1092,Previous meta-analysis,FALSE,Missing data,2007,"Feber R.E., Johnson P.J., Firbank L.G., Hopkins A., Macdonald D.W.",A comparison of butterfly populations on organically and conventionally managed farmland,10.1111/j.1469-7998.2007.00296.x
1093,Previous meta-analysis,FALSE,Unsuitable population,2007,"Albrecht M., Duelli P., Schmid B., Müller C.B.",Interaction diversity within quantified insect food webs in restored and adjacent intensively managed meadows,10.1111/j.1365-2656.2007.01264.x
1094,Previous meta-analysis,FALSE,Unsuitable population,2007,"Carvell C., Meek W.R., Pywell R.F., Goulson D., Nowakowski M.",Comparing the efficacy of agri-environment schemes to enhance bumble bee abundance and diversity on arable field margins,10.1111/j.1365-2664.2006.01249.x
1095,Previous meta-analysis,FALSE,Unsuitable population,2006,"Rundlöf M., Smith H.G.",The effect of organic farming on butterfly diversity depends on landscape context,10.1111/j.1365-2664.2006.01233.x
1096,Previous meta-analysis,FALSE,Missing data,2006,"Marshall E.J.P., West T.M., Kleijn D.",Impacts of an agri-environment field margin prescription on the flora and fauna of arable farmland in different landscapes,10.1016/j.agee.2005.08.036
1097,Previous meta-analysis,TRUE,NA,2006,"Pywell R.F., Warman E.A., Hulmes L., Hulmes S., Nuttall P., Sparks T.H., Critchley C.N.R., Sherwood A.",Effectiveness of new agri-environment schemes in providing foraging resources for bumblebees in intensively farmed landscapes,10.1016/j.biocon.2005.10.034
1098,Previous meta-analysis,TRUE,NA,2006,"Kleijn D., Baquero R.A., Clough Y., Díaz M., De Esteban J., Fernández F., Gabriel D., Herzog F., Holzschuh A., Jöhl R., Knop E., Kruess A., Marshall E.J.P., Steffan-Dewenter I., Tscharntke T., Verhulst J., West T.M., Yela J.L.",Mixed biodiversity benefits of agri-environment schemes in five European countries,10.1111/j.1461-0248.2005.00869.x
1099,Previous meta-analysis,FALSE,Unsuitable population,2006,"Knop E., Kleijn D., Herzog F., Schmid B.",Effectiveness of the Swiss agri-environment scheme in promoting biodiversity,10.1111/j.1365-2664.2005.01113.x
1100,Previous meta-analysis,TRUE,NA,2005,"Pywell R.F., Warman E.A., Carvell C., Sparks T.H., Dicks L.V., Bennett D., Wright A., Critchley C.N.R., Sherwood A.",Providing foraging resources for bumblebees in intensively farmed landscapes,10.1016/j.biocon.2004.05.020
1101,Previous meta-analysis,FALSE,Missing data,2004,"Kleijn D., Berendse F., Smit R., Gilissen N., Smit J., Brak B., Groeneveld R.",Ecological effectiveness of agri-environment schemes in different agricultural landscapes in The Netherlands,10.1111/j.1523-1739.2004.00550.x
1102,Previous meta-analysis,FALSE,Unsuitable population,2002,"Kruess A., Tscharntke T.","Grazing intensity and the diversity of grasshoppers, butterflies, and trap-nesting bees and wasps",10.1046/j.1523-1739.2002.01334.x
1103,Previous meta-analysis,FALSE,Missing data,2002,"Meek B., Loxton D., Sparks T., Pywell R., Pickett H., Nowakowski M.",The effect of arable field margin composition on invertebrate biodiversity,10.1016/S0006-3207(01)00252-X
1104,Previous meta-analysis,FALSE,Missing data,2002,Saarinen K.,A comparison of butterfly communities along field margins under traditional and intensive management in SE Finland,10.1016/S0167-8809(01)00168-2
1105,Previous meta-analysis,FALSE,Unsuitable population,2001,"Steffan-Dewenter I., Tscharntke T.",Succession of bee communities on fallows,10.1034/j.1600-0587.2001.240110.x
1106,Previous meta-analysis,FALSE,Unsuitable population,2000,"Dover J., Sparks T., Clarke S., Gobbett K., Glossop S.",Linear features and butterflies: The importance of green lanes,10.1016/S0167-8809(00)00149-3
1107,Previous meta-analysis,FALSE,Unsuitable intervention,1998,"De Snoo G.R., Van Der Poll R.J., Bertels J.",Buttedlies in sprayed and unsprayed field margins,NA
1108,Previous meta-analysis,FALSE,Missing data,1997,"Steffan-Dewenter I., Tscharntke T.",Early succession of butterfly and plant communities on set-aside fields,10.1007/s004420050087
1109,Previous meta-analysis,FALSE,Unsuitable population,1996,"Feber R.E., Smith H., Macdonald D.W.",The effects on butterfly abundance of the management of uncropped edges of arable fields,10.2307/2404698
1110,Previous meta-analysis,FALSE,Missing data,1994,"Gathmann A., Greiler H.J., Tscharntke T.","Trap-nesting bees and wasps colonizing set-aside fields: succession and body size, management by cutting and sowing",10.1007/BF00326084
1111,Previous meta-analysis,FALSE,Unsuitable intervention,2008,Littlewood N.A.,Grazing impacts on moth diversity and abundance on a Scottish upland estate,10.1111/j.1752-4598.2008.00021.x
1112,Previous meta-analysis,FALSE,Unsuitable context,2013,"Shackelford G., Steward P.R., Benton T.G., Kunin W.E., Potts S.G., Biesmeijer J.C., Sait S.M.",Comparison of pollinators and natural enemies: A meta-analysis of landscape and local effects on abundance and richness in crops,10.1111/brv.12040
1113,Previous meta-analysis,FALSE,Unsuitable population,2010,"Pease C.G., Zalom F.G.",Influence of non-crop plants on stink bug (Hemiptera: Pentatomidae) and natural enemy abundance in tomatoes,10.1111/j.1439-0418.2009.01452.x
1114,Previous meta-analysis,FALSE,Unsuitable population,2010,"Thomson L.J., McKenzie J., Sharley D.J., Nash M.A., Tsitsilas A., Hoffmann A.A.",Effect of woody vegetation at the landscape scale on the abundance of natural enemies in Australian vineyards,10.1016/j.biocontrol.2010.05.018
1115,Previous meta-analysis,FALSE,Unsuitable population,2010,"Anjum-Zubair M., Schmidt-Entling M.H., Querner P., Frank T.",Influence of within-field position and adjoining habitat on carabid beetle assemblages in winter wheat,10.1111/j.1461-9563.2010.00479.x
1116,Previous meta-analysis,FALSE,Unsuitable population,2010,"Thomson L.J., Hoffmann A.A.",Natural enemy responses and pest control: Importance of local vegetation,10.1016/j.biocontrol.2009.10.008
1117,Previous meta-analysis,FALSE,Unsuitable population,2009,"Schmidt-Entling M.H., Döbeli J.",Sown wildflower areas to enhance spiders in arable fields,10.1016/j.agee.2009.04.015
1118,Previous meta-analysis,FALSE,Unsuitable intervention,2009,"Julier H.E., Roulston T.H.","Wild bee abundance and pollination service in cultivated pumpkins: Farm management, nesting behavior and landscape effects",10.1603/029.102.0214
1119,Previous meta-analysis,FALSE,Unsuitable population,2008,"Nash M.A., Thomson L.J., Hoffmann A.A.","Effect of remnant vegetation, pesticides, and farm management on abundance of the beneficial predator Notonomus gravis (Chaudoir) (Coleoptera: Carabidae)",10.1016/j.biocontrol.2008.03.018
1120,Previous meta-analysis,FALSE,Unsuitable intervention,2008,"Ameixa O., Kindlmann P.",Agricultural policy-induced landscape changes: Effects on carabid abundance and their biocontrol potential,10.14411/eje.2008.060
1121,Previous meta-analysis,FALSE,Unsuitable population,2007,"Saska P., Vodde M., Heijerman T., Westerman P., van der Werf W.",The significance of a grassy field boundary for the spatial distribution of carabids within two cereal fields,10.1016/j.agee.2007.02.013
1122,Previous meta-analysis,FALSE,Unsuitable population,2007,"Hajek A.E., Hannam J.J., Nielsen C., Bell A.J., Liebhe J.K.",Distribution and abundance of Carabidae (Coleoptera) associated with soybean aphid (Hemiptera: Aphididae) populations in central New York,10.1603/0013-8746(2007)100[876:DAAOCC]2.0.CO;2
1123,Previous meta-analysis,FALSE,Unsuitable population,2007,"Wyckhuys K., O'Neil R.",Influence of extra-field characteristics to abundance of key natural enemies of Spodoptera frugiperda Smith (Lepidoptera: Noctuidae) in subsistence maize production,10.1080/09670870701245207
1124,Previous meta-analysis,FALSE,Unsuitable population,2007,"Morandin L.A., Winston M.L., Abbott V.A., Franklin M.T.",Can pastureland increase wild bee abundance in agriculturally intense areas?,10.1016/j.baae.2006.06.003
1125,Previous meta-analysis,FALSE,Unsuitable population,2005,"Miliczky E.R., Horton D.R.",Densities of beneficial arthropods within pear and apple orchards affected by distance from adjacent native habitat and association of natural enemies with extra-orchard host plants,10.1016/j.biocontrol.2005.03.002
1126,Previous meta-analysis,FALSE,Unsuitable population,2003,Steffan-Dewenter I.,Importance of Habitat Area and Landscape Context for Species Richness of Bees and Wasps in Fragmented Orchard Meadows,10.1046/j.1523-1739.2003.01575.x
1127,Previous meta-analysis,FALSE,Unsuitable population,2002,Büchi R.,Mortality of pollen beetle (Meligethes spp.) larvae due to predators and parasitoids in rape fields and the effect of conservation strips,10.1016/S0167-8809(01)00213-4
1128,Previous meta-analysis,FALSE,Unsuitable population,2001,"Varchola J.M., Dunn J.P.",Influence of hedgerow and grassy field borders on ground beetle (Coleoptera: Carabidae) activity in fields of corn,10.1016/S0167-8809(00)00249-8
1129,Previous meta-analysis,FALSE,Unsuitable population,2006,"L. M. Forehand, D. B. Orr, H. M. Linker",Evaluation of a Commercially Available Beneficial Insect Habitat for Management of Lepidoptera Pests,10.1603/0022-0493-99.3.641
1130,Previous meta-analysis,FALSE,Unsuitable context,2016,"Venter Z.S., Jacobs K., Hawkins H.J.",The impact of crop rotation on soil microbial diversity: A meta-analysis,10.1016/j.pedobi.2016.04.001
1131,Previous meta-analysis,FALSE,Missing data,2015,"Marinari S., Mancinelli R., Brunetti P., Campiglia E.","Soil quality, microbial functions and tomato yield under cover crop mulching in the Mediterranean environment",10.1016/j.still.2014.08.002
1132,Previous meta-analysis,FALSE,Unsuitable comparator,2014,"Reardon C.L., Gollany H.T., Wuest S.B.",Diazotroph community structure and abundance in wheat-fallow and wheat-pea crop rotations,10.1016/j.soilbio.2013.10.038
1133,Previous meta-analysis,FALSE,Unsuitable outcomes,2013,"Davinic M., Moore-Kucera J., Acosta-Martínez V., Zak J., Allen V.",Soil fungal distribution and functionality as affected by grazing and vegetation components of integrated crop-livestock agroecosystems,10.1016/j.apsoil.2013.01.013
1134,Previous meta-analysis,FALSE,Missing data,2012,"Marais A., Hardy M., Booyse M., Botha A.","Effects of monoculture, crop rotation, and soil moisture content on selected soil physicochemical and microbial parameters in wheat fields",10.1155/2012/593623
1135,Previous meta-analysis,TRUE,NA,2012,"Azziz G., Bajsa N., Haghjou T., Taulé C., Valverde Á., Igual J.M., Arias A.","Abundance, diversity and prospecting of culturable phosphate solubilizing bacteria on soils under crop-pasture rotations in a no-tillage regime in Uruguay",10.1016/j.apsoil.2011.10.004
1136,Previous meta-analysis,FALSE,Unsuitable comparator,2012,"Nair A., Ngouajio M.","Soil microbial biomass, functional microbial diversity, and nematode community structure as affected by cover crops and compost in an organic vegetable production system",10.1016/j.apsoil.2012.03.008
1137,Previous meta-analysis,TRUE,NA,2012,"Xuan D.T., Guong V.T., Rosling A., Alström S., Chai B., Högberg N.","Different crop rotation systems as drivers of change in soil bacterial community structure and yield of rice, Oryza sativa",10.1007/s00374-011-0618-5
1138,Previous meta-analysis,FALSE,Missing data,2012,"Bernard E., Larkin R.P., Tavantzis S., Erich M.S., Alyokhin A., Sewell G., Lannan A., Gross S.D.","Compost, rapeseed rotation, and biocontrol agents significantly impact soil microbial communities in organic and conventional potato production systems",10.1016/j.apsoil.2011.10.002
1139,Previous meta-analysis,FALSE,Unsuitable population,2011,"Wu F., Yu H., Yu G., Pan K., Bao J.",Improved bacterial community diversity and cucumber yields in a rotation with kidney bean-celery-cucumber,10.1080/09064710903555322
1140,Previous meta-analysis,FALSE,Missing data,2010,"Yin C., Jones K.L., Peterson D.E., Garrett K.A., Hulbert S.H., Paulitz T.C.",Members of soil bacterial communities sensitive to tillage and crop rotation,10.1016/j.soilbio.2010.08.006
1141,Previous meta-analysis,FALSE,Unsuitable outcomes,2007,"Mathimaran N., Ruh R., Jama B., Verchot L., Frossard E., Jansa J.",Impact of agricultural management on arbuscular mycorrhizal fungal communities in Kenyan ferralsol,10.1016/j.agee.2006.06.004
1142,Previous meta-analysis,TRUE,NA,2005,"Bossio D.A., Girvan M.S., Verchot L., Bullimore J., Borelli T., Albrecht A., Scow K.M., Ball A.S., Pretty J.N., Osborn A.M.",Soil microbial community response to land use change in an agricultural landscape of western Kenya,10.1007/s00248-003-0209-6
1143,Previous meta-analysis,FALSE,Unsuitable outcomes,2005,"Bucher A.E., Lanyon L.E.",Evaluating soil management with microbial community-level physiological profiles,10.1016/j.apsoil.2004.09.007
1144,Previous meta-analysis,FALSE,Unsuitable outcomes,2003,"Alvey S., Yang C.H., Buerkert A., Crowley D.E.",Cereal/legume rotation effects on rhizosphere bacterial community structure in west african soils,NA
1145,Previous meta-analysis,FALSE,Missing data,2002,"Van Elsas J.D., Garbeva P., Salles J.",Effects of agronomical measures on the microbial diversity of soils as related to the suppression of soil-borne plant pathogens,10.1023/A:1016393915414
1146,Previous meta-analysis,FALSE,Missing data,1998,"Lupwayi N.Z., Rice W.A., Clayton G.W.",Soil microbial diversity and community structure under wheat as influenced by tillage and crop rotation,10.1016/S0038-0717(98)00025-X
1149,Scopus or WoS,FALSE,Unsuitable context,2009,"Cassano C.R., Schroth G., Faria D., Delabie J.H.C., Bede L.","Landscape and farm scale management to enhance biodiversity conservation in the cocoa producing region of southern Bahia, Brazil",10.1007/s10531-008-9526-x
1150,Scopus or WoS,TRUE,NA,2012,"Cassano C.R., Barlow J., Pardini R.",Large Mammals in an Agroforestry Mosaic in the Brazilian Atlantic Forest,10.1111/j.1744-7429.2012.00870.x
1151,Scopus or WoS,FALSE,Missing data,2007,"Faria D., Baumgarten J.","Shade cacao plantations (Theobroma cacao) and bat conservation in southern Bahia, Brazil",10.1007/s10531-005-8346-5
1152,Scopus or WoS,FALSE,Missing data,2015,Flesher K.M.,"The Distribution, Habitat Use, and Conservation Status of Three Atlantic Forest Monkeys (Sapajus xanthosternos, Callicebus melanochir, Callithrix sp.) in an Agroforestry/Forest Mosaic in Southern Bahia, Brazil",10.1007/s10764-015-9884-7
1153,Scopus or WoS,TRUE,NA,2017,"Novais S.M.A., Macedo-Reis L.E., Neves F.S.",Predatory beetles in cacao agroforestry systems in Brazilian Atlantic forest: a test of the natural enemy hypothesis,10.1007/s10457-016-9917-z
1154,Scopus or WoS,FALSE,Unsuitable population,2009,"Römbke J., Schmidt P., Höfer H.",The earthworm fauna of regenerating forests and anthropogenic habitats in the coastal region of Paraná,10.1590/S0100-204X2009000800037
1155,Scopus or WoS,FALSE,Missing data,2012,"Souza H.N.D., de Goede R.G.M., Brussaard L., Cardoso I.M., Duarte E.M.G., Fernandes R.B.A., Gomes L.C., Pulleman M.M.","Protective shade, tree diversity and soil properties in coffee agroforestry systems in the Atlantic Rainforest biome",10.1016/j.agee.2011.11.007
1156,Scopus or WoS,FALSE,Unsuitable population,2008,"Uezu A., Beyer D.D., Metzger J.P.",Can agroforest woodlots work as stepping stones for birds in the Atlantic forest region?,10.1007/s10531-008-9329-0
1157,Scopus or WoS,FALSE,Missing data,2012,"Costa P.M.O., Souza-Motta C.M., Malosso E.",Diversity of filamentous fungi in different systems of land use,10.1007/s10457-011-9446-8
1158,Scopus or WoS,FALSE,Unsuitable population,2003,"Cardoso I.M., Boddington C., Janssen B.H., Oenema O., Kuyper T.W.",Distribution of mycorrhizal fungal spores in soils under agroforestry and monocultural coffee systems in Brazil Agroforestry systems,10.1023/A:1025479017393
1159,Scopus or WoS,FALSE,Missing data,2015,"Cezar R.M., Vezzani F.M., Schwiderke D.K., Gaiad S., Brown G.G., Seoane C.E.S., Froufe L.C.M.",Soil biological properties in multistrata successional agroforestry systems and in natural regeneration,10.1007/s10457-015-9833-7
1160,Scopus or WoS,FALSE,Missing data,2016,"DaRocha W.D., Neves F.S., Dáttilo W., Delabie J.H.C.",Epiphytic bromeliads as key components for maintenance of ant diversity and ant–bromeliad interactions in agroforestry system canopies,10.1016/j.foreco.2016.04.011
1161,Scopus or WoS,FALSE,Unsuitable outcomes,2013,"Francesconi W., Nair P.K.R., Levey D.J., Daniels J., Cullen Jr. L.",Butterfly distribution in fragmented landscapes containing agroforestry practices in Southeastern Brazil,10.1007/s10457-013-9640-y
1162,Scopus or WoS,FALSE,Missing data,2009,"Da Silva Moço M.K., Da Gama-Rodrigues E.F., Da Gama-Rodrigues A.C., MacHado R.C.R., Baligar V.C.","Soil and litter fauna of cacao agroforestry systems in Bahia, Brazil",10.1007/s10457-008-9178-6
1163,Scopus or WoS,FALSE,Missing data,2015,"Pereira A.G., Silva R.B., Dias M.M., Penteado-Dias A.M.","Study on the Hymenoptera parasitoid associated with Lepidoptera larvae in reforestation and agrosilvopastoral systems at Fazenda Canchim (Embrapa Pecuária Sudeste) São Carlos, SP, Brazil",10.1590/1519-6984.21913
1164,Scopus or WoS,FALSE,Unsuitable population,2011,"Rita J.C.O., Gama-Rodrigues E.F., Gama-Rodrigues A.C., Polidoro J.C., MacHado R.C.R., Baligar V.C.","C and N content in density fractions of whole soil and soil size fraction under cacao agroforestry systems and natural forest in Bahia, Brazil",10.1007/s00267-011-9642-3
1165,Scopus or WoS,FALSE,Unsuitable population,2015,"Schroth G., Bede L.C., Paiva A.O., Cassano C.R., Amorim A.M., Faria D., Mariano-Neto E., Martini A.M.Z., Sambuichi R.H.R., Lôbo R.N.",Contribution of agroforests to landscape carbon storage,10.1007/s11027-013-9530-7
1166,Scopus or WoS,FALSE,Unsuitable population,2010,"Souza H.N., Cardoso I.M., Fernandes J.M., Garcia F.C.P., Bonfim V.R., Santos A.C., Carvalho A.F., Mendonça E.S.",Selection of native trees for intercropping with coffee in the Atlantic Rainforest biome,10.1007/s10457-010-9340-9
1167,Scopus or WoS,FALSE,Unsuitable population,2012,"de Souza H.N., de Graaff J., Pulleman M.M.",Strategies and economics of farming systems with coffee in the Atlantic Rainforest Biome,10.1007/s10457-011-9452-x
1168,Scopus or WoS,TRUE,NA,2015,"De Fernandes Souza V., De Assis Bomfim J., Fontoura T., Cazetta E.","Richness and abundance of Aechmea and Hohenbergia (Bromeliaceae) in forest fragments and shade cocoa plantations in two contrasting landscapes in southern Bahia, Brazil",10.1177/194008291500800108
1169,Scopus or WoS,FALSE,Unsuitable population,2010,"Favreto R., Mello R.S.P., de Moura Baptista L.R.",Growth of Euterpe edulis Mart. (Arecaceae) under forest and agroforestry in southern Brazil,10.1007/s10457-010-9321-z
1170,Scopus or WoS,TRUE,NA,2015,"Ramos N.C., Gastauer M., de Almeida Campos Cordeiro A., Meira-Neto J.A.A.",Environmental filtering of agroforestry systems reduces the risk of biological invasion,10.1007/s10457-014-9765-7
1171,Scopus or WoS,FALSE,Unsuitable outcomes,2016,"Navas R., Silva R.J.",Ecological restoration indicators in agroforestry systems in the Atlantic forest,10.5902/2179460X19666
1172,Scopus or WoS,FALSE,Unsuitable population,2000,"Weibull A.C, Bengtsson J., Nohlgren, E.",Diversity of butterflies in the agricultural landscape: the role of farming system and landscape heterogeneity,10.1034/j.1600-0587.2000.230611.x
1173,Scopus or WoS,FALSE,Unsuitable population,2005,"Roschewitz I., Gabriel D., Tscharntke T., Thies C.",The effects of landscape complexity on arable weed species diversity in organic and conventional farming,10.1111/j.1365-2664.2005.01072.x
1174,Scopus or WoS,FALSE,Unsuitable intervention,2006,"Gabriel D., Roschewitz I., Tscharntke T., Thies C.",Beta diversity at different spatial scales: Plant communities in organic and conventional agriculture,10.1890/1051-0761(2006)016[2011:BDADSS]2.0.CO;2
1175,Scopus or WoS,FALSE,Unsuitable population,2007,"Batary P., Baldi A., Erdos S.","Grassland versus non-grassland bird abundance and diversity in managed grasslands: local, landscape and regional scale effects",10.1007/s10531-006-9135-5
1176,Scopus or WoS,FALSE,Unsuitable intervention,2008,"Marini L., Fontana P., Scotton M., Klimek S.",Vascular plant and Orthoptera diversity in relation to grassland management and landscape composition in the European Alps,10.1111/j.1365-2664.2007.01402.x
1177,Scopus or WoS,FALSE,Missing data,2008,"Boutin C., Baril A., Martin P. A.",Plant diversity in crop fields and woody hedgerows of organic and conventional farms in contrasting landscapes,10.1016/j.agee.2007.05.010
1178,Scopus or WoS,FALSE,Unsuitable population,2010,"Gabriel D., Sait S.M., Hodgson J.A., Schmutz U., Kunin W.E., Benton T.G.",Scale matters: the impact of organic farming on biodiversity at different spatial scales,10.1111/j.1461-0248.2010.01481.x
1179,Scopus or WoS,FALSE,Unsuitable intervention,2007,"Aviron S., Jeanneret P., Schuepbach B., Herzog F.","Effects of agri-environmental measures, site and landscape conditions on butterfly diversity of Swiss grassland",10.1016/j.agee.2006.12.035
1180,Scopus or WoS,FALSE,Unsuitable intervention,2008,"Batary P., Baldi A., Samu F., Szuts T., Erdos S.",Are spiders reacting to local or landscape scale effects in Hungarian pastures?,10.1016/j.biocon.2008.06.002
1181,Scopus or WoS,FALSE,Unsuitable intervention,2010,"Batary P., Matthiesen T., Tscharntke T.",Landscape-moderated importance of hedges in conserving farmland bird diversity of organic vs. conventional croplands and grasslands,10.1016/j.biocon.2010.05.005
1182,Scopus or WoS,FALSE,Unsuitable intervention,2010,"Danhardt J., Green M., Lindstrom A., Rundlof M., Smith H.G.",Farmland as stopover habitat for migrating birds - effects of organic farming and landscape structure,10.1111/j.1600-0706.2009.18106.x
1183,Scopus or WoS,FALSE,Unsuitable intervention,2005,"Aviron S., Berner D., Bosshart S., Buholzer S., Herzog F., Jeanneret P., Klaus I., Pozzi S., Schneider K., Schupbach B., Walter T.","Butterfly diversity in Swiss grasslands: respective impacts of low-input management, landscape features and region",NA
1184,Scopus or WoS,FALSE,Unsuitable population,2010,"Culman S.W., Young-Mathews A., Hollander A.D., Ferris H., Sanchez-Moreno S., O'Geen A.T., Jackson L.E.",Biodiversity is associated with indicators of soil ecosystem functions over a landscape gradient of agricultural intensification,10.1007/s10980-010-9511-0
1185,Scopus or WoS,FALSE,Unsuitable intervention,2011,"Fischer C., Thies C., Tscharntke T.",Small mammals in agricultural landscapes: Opposing responses to farming practices and landscape complexity,10.1016/j.biocon.2010.12.032
1186,Scopus or WoS,FALSE,Unsuitable intervention,2011,"Flohre A., Rudnick M., Traser G., Tscharntke T., Eggers T.",Does soil biota benefit from organic farming in complex vs. simple landscapes?,10.1016/j.agee.2011.02.032
1187,Scopus or WoS,FALSE,Unsuitable population,2011,"Flohre A., Fischer C., Aavik T., Bengtsson J., Berendse F., Bommarco R., Ceryngier P., Clement L.W., Dennis C., Eggers S., Emmerson M., Geiger F., Guerrero I., Hawro V., Inchausti P., Liira J., Morales M.B., Onate J.J., Part T., Weisser W.W., Winqvist C., Thies C., Tscharntke T.,","Agricultural intensification and biodiversity partitioning in European landscapes comparing plants, carabids, and birds",NA
1188,Scopus or WoS,FALSE,Unsuitable population,2011,"Concepcion, E.D., Diaz M.","Field, landscape and regional effects of farmland management on specialist open-land birds: Does body size matter?",10.1016/j.agee.2011.05.028
1189,Scopus or WoS,FALSE,Unsuitable intervention,2007,"Batáry P., Báldi A., Szél G., Podlussány A., Rozner I., Erdos S.",Responses of grassland specialist and generalist beetles to management and landscape complexity,10.1111/j.1472-4642.2006.00309.x
1190,Scopus or WoS,FALSE,Unsuitable intervention,2010,"Geiger F., de Snoo G., Berendse F., Guerrero I., Morale M.B., Oñate J.J., Eggers S., Pärt T., Bommarco R., Bengtsson J.",Landscape composition influences farm management effects on farmland birds in winter: A pan-European approach,10.1016/j.agee.2010.09.018
1191,Scopus or WoS,FALSE,Unsuitable intervention,2010,"Smith D., Lindstrom R.",Consequences of organic farming and landscape heterogeneity for species richness and abundance of farmland birds,10.1007/s00442-010-1588-2
1192,Scopus or WoS,FALSE,Unsuitable intervention,2011,"Fischer C., Flohre A., Clement L.W., Batary P., Weisser W.W., Tscharntke T., Thies C.",Mixed effects of landscape structure and farming practice on bird diversity,10.1016/j.agee.2011.02.021
1193,Scopus or WoS,FALSE,Unsuitable intervention,1995,"McGarigal K., McComb W.C.",Relationships Between Landscape Structure and Breeding Birds in the Oregon Coast Range,10.2307/2937059
1194,Scopus or WoS,FALSE,Unsuitable intervention,1997,"Schmiegelow F.K.A., Machtans C.S., Hannon S.J.",Are boreal birds resilient to forest fragmentation? An experimental study of short-term community responses,10.1890/0012-9658(1997)078[1914:ABBRTF]2.0.CO;2
1195,Scopus or WoS,FALSE,Unsuitable population,1996,"Settle W.H., Ariawan H., Astuti E.T., Cahyana W., Hakim A.L., Hindayana D., Lestari A.S., Pajarningsih S.",Managing tropical rice pests through conservation of generalist natural enemies and alternative prey,10.2307/2265694
1196,Scopus or WoS,FALSE,Unsuitable intervention,2001,"Daily G.C., Ehrlich P.R., Sanchez-Azofeifa G.A.",Countryside biogeography: Use of human-dominated habitats by the avifauna of southern Costa Rica,10.2307/3061051
1197,Scopus or WoS,FALSE,Unsuitable population,1994,"McIntyre S., Lavorel S.","Predicting Richness of Native, Rare, and Exotic Plants in Response to Habitat and Disturbance Variables Across a Variegated Landscape",10.1046/j.1523-1739.1994.08020521.x
1198,Scopus or WoS,FALSE,Unsuitable context,2004,"Langellotto G.A., Denno R.F.",Responses of invertebrate natural enemies to complex-structured habitats: a meta-analytical synthesis,10.1007/s00442-004-1497-3
1199,Scopus or WoS,FALSE,Unsuitable intervention,1996,"Bestelmeyer B.T., Wiens J.A.",The effects of land use on the structure of ground-foraging ant communities in the Argentine Chaco,10.2307/2269603
1200,Scopus or WoS,FALSE,Unsuitable population,2001,"Robinson R.A., Wilson J.D., Crick H.Q.P.",The importance of arable habitat for farmland birds in grassland landscapes,10.1046/j.1365-2664.2001.00654.x
1201,Scopus or WoS,FALSE,Unsuitable population,2000,Gould W.,"Remote sensing of vegetation, plant species richness, and regional biodiversity hotspots",10.2307/2641244
1202,Scopus or WoS,FALSE,Unsuitable population,1997,"Giraudoux P., Delattre P., Habert M., Quere J.P., Deblay S., Defaut R., Duhamel R., Moissenet M.F.; Salvi D., Truchetet D.",Population dynamics of fossorial water vole (Arvicola terrestris scherman): a land use and landscape perspective,10.1016/S0167-8809(97)80706-2
1203,Scopus or WoS,FALSE,Unsuitable population,2000,"Henderson I.G., Cooper J., Fuller R.J., Vickery J.",The relative abundance of birds on set-aside and neighbouring fields in summer,10.1046/j.1365-2664.2000.00497.x
1204,Scopus or WoS,FALSE,Unsuitable outcomes,2007,"Hendrickx F., Maelfait J.P.; Van Wingerden W., Schweiger O., Speelmans M., Aviron S., Augenstein I., Billeter R., Bailey D., Bukacek R., Burel F., Diekoetter T., Dirksen J., Herzog F., Liira J., Roubalova M., Vandomme V., Bugter R.","How landscape structure, land-use intensity and habitat diversity affect components of total arthropod diversity in agricultural landscapes",10.1111/j.1365-2664.2006.01270.x
1205,Scopus or WoS,FALSE,Unsuitable population,2003,"Dauber J., Hirsch M., Simmering D., Waldhardt R., Otte A., Wolters V.",Landscape structure as an indicator of biodiversity: matrix effects on species richness,10.1016/S0167-8809(03)00092-6
1206,Scopus or WoS,FALSE,Unsuitable population,2003,"Squire G.R., Brooks D.R., Bohan D.A., Champion G.T., Daniels R.E., Haughton A.J., Hawes C. Heard M.S., Hill M.O., May M.J., Osborne J.L., Perry J.N., Roy D.B., Woiwod I.P., Firbank L.G.",On the rationale and interpretation of the Farm Scale Evaluations of genetically modified herbicide-tolerant crops,10.1098/rstb.2003.1403
1207,Scopus or WoS,FALSE,Unsuitable population,1996,"Corbett A., Rosenheim J.A.",Impact of a natural enemy overwintering refuge and its interaction with the surrounding landscape,10.1111/j.1365-2311.1996.tb01182.x
1208,Scopus or WoS,FALSE,Unsuitable context,1997,"Fragoso C., Brown G.G. Patron J.C., Blanchart E. Lavelle P., Pashanasi B., Senapati B., Kumar T.","Agricultural intensification, soil biodiversity and agroecosystem function in the tropics: The role of earthworms",10.1016/S0929-1393(96)00154-0
1209,Scopus or WoS,FALSE,Unsuitable intervention,2005,"Fuller R.J., Norton L.R., Feber R.E., Johnson P.J., Chamberlain D.E., Joys A.C., Mathews F., Stuart R.C., Townsend M.C., Manley W.J., Wolfe M.S., Macdonald D.W., Firbank L.G.",Benefits of organic farming to biodiversity vary among taxa,10.1098/rsbl.2005.0357
1210,Scopus or WoS,FALSE,Unsuitable population,2000,"Soderstrom B., Part T.",Influence of landscape scale on farmland birds breeding in semi-natural pastures,10.1046/j.1523-1739.2000.98564.x
1211,Scopus or WoS,FALSE,Unsuitable outcomes,2001,"Rodewald A.D., Yahner R.H.",Influence of landscape composition on avian community structure and associated mechanisms,10.1890/0012-9658(2001)082[3493:IOLCOA]2.0.CO;2
1212,Scopus or WoS,FALSE,Unsuitable intervention,2002,Carvell C.,Habitat use and conservation of bumblebees (Bombus spp.) under different grassland management regimes,10.1016/S0006-3207(01)00114-8
1213,Scopus or WoS,FALSE,Unsuitable population,2004,"Bergman K.O., Askling J., Ekberg O., Ignell H., Wahlman H., Milberg P.",Landscape effects on butterfly assemblages in an agricultural region,10.1111/j.0906-7590.2004.03906.x
1214,Scopus or WoS,FALSE,Unsuitable intervention,2001,"Di Giulio M., Edwards P.J., Meister E.",Enhancing insect diversity in agricultural grasslands: the roles of management and landscape structure,10.1046/j.1365-2664.2001.00605.x
1215,Scopus or WoS,FALSE,Unsuitable intervention,2005,"Atkinson P.W., Fuller R.J., Vickery J.A., Conway G.J., Tallowin J.R.B., Smith R.E.N., Haysom K.A., Ings T.C., Asteraki E.J., Brown V.K.","Influence of agricultural management, sward structure and food resources on grassland field use by birds in lowland England",10.1111/j.1365-2664.2005.01070.x
1216,Scopus or WoS,FALSE,Unsuitable intervention,1998,"Petit S., Usher M.B.",Biodiversity in agricultural landscapes: the ground beetle communities of woody uncultivated habitats,10.1023/A:1008875403868
1217,Scopus or WoS,FALSE,Unsuitable population,2000,"Bergin T.M., Best L.B., Freemark K.E. Koehler K.J.",Effects of landscape structure on nest predation in roadsides of a midwestern agroecosystem: a multiscale analysis,10.1023/A:1008112825655
1218,Scopus or WoS,FALSE,Unsuitable intervention,2007,"Klimek S., Richter gen Kemmermann A., Hofmann M., Isselstein J.",Plant species richness and composition in managed grasslands: The relative importance of field management and environmental factors,10.1016/j.biocon.2006.09.007
1219,Scopus or WoS,FALSE,Unsuitable intervention,2009,"Kleijn D., Kohler F., Baldi A., Batary P., Concepcion E.D., Clough Y., Diaz M., Gabriel D., Holzschuh A., Knop E., Kovacs A., Marshall E.J.P., Tscharntke, T., Verhulst J.",On the relationship between farmland biodiversity and land-use intensity in Europe,10.1098/rspb.2008.1509
1220,Scopus or WoS,FALSE,Unsuitable population,2004,"Pywell R.F., Warman E.A., Sparks T.H., Greatorex-Davies J.N., Walker K.J., Meek W.R., Carvell C., Petit S. Firbank L.G.",Assessing habitat quality for butterflies on intensively managed arable farmland,10.1016/j.biocon.2003.09.011
1221,Scopus or WoS,FALSE,Unsuitable population,2007,"Radford J.Q., Bennett A.F.",The relative importance of landscape properties for woodland birds in agricultural environments,10.1111/j.1365-2664.2007.01327.x
1222,Scopus or WoS,FALSE,Unsuitable population,2005,"Vanbergen A.J., Woodcock B.A., Watt A.D., Niemela J.",Effect of land-use heterogeneity on carabid communities at the landscape scale,10.1111/j.0906-7590.2005.03991.x
1223,Scopus or WoS,FALSE,Unsuitable population,2001,"Moonen A.C., Marshall E.J.P.","The influence of sown margin strips, management and boundary structure on herbaceous field margin vegetation in two neighbouring farms in southern England",10.1016/S0167-8809(00)00283-8
1224,Scopus or WoS,FALSE,Unsuitable population,2001,Schiegg K.,Saproxylic insect diversity of beech: limbs are richer than trunks,10.1016/S0378-1127(00)00563-6
1225,Scopus or WoS,FALSE,Unsuitable population,2006,"Baessler C., Klotz S.",Effects of changes in agricultural land-use on landscape structure and arable weed vegetation over the last 50 years,10.1016/j.agee.2005.12.007
1226,Scopus or WoS,FALSE,Unsuitable population,2004,Fox A.D.,Has Danish agriculture maintained farmland bird populations?,10.1111/j.0021-8901.2004.00917.x
1227,Scopus or WoS,FALSE,Unsuitable population,2004,"Luoto M., Virkkala R. Heikkinen R.K., Rainio K.",Predicting bird species richness using remote sensing in boreal agricultural-forest mosaics,10.1890/02-5176
1228,Scopus or WoS,FALSE,Missing data,1991,"Szentkirayi F., Kozar F.",HOW MANY SPECIES ARE THERE IN APPLE INSECT COMMUNITIES - TESTING THE RESOURCE DIVERSITY AND INTERMEDIATE DISTURBANCE HYPOTHESES,10.1111/j.1365-2311.1991.tb00241.x
1229,Scopus or WoS,FALSE,Unsuitable context,2002,"Atkinson P.W., Fuller R.J., Vickery J.A.",Large-scale patterns of summer and winter bird distribution in relation to farmland type in England and Wales,10.1034/j.1600-0587.2002.250409.x
1230,Scopus or WoS,FALSE,Unsuitable context,2002,"Smart, S.M., Bunce, R.G.H., Firbank L.G., Coward P.",Do field boundaries act as refugia for grassland plant species diversity in intensively managed agricultural landscapes in Britain?,10.1016/S0167-8809(01)00259-6
1231,Scopus or WoS,FALSE,Unsuitable population,2003,"de la Pena, N.M., Butet, A; Delettre, Y; Morant, P; Burel, F",Landscape context and carabid beetles (Coleoptera : Carabidae) communities of hedgerows in western France,NA
1232,Scopus or WoS,FALSE,Unsuitable population,2006,"Kivinen, S., Luoto, M.; Kuussaari, M.; Helenius, J.","Multi-species richness of boreal agricultural landscapes: effects of climate, biotope, soil and geographical location",10.1111/j.1365-2699.2006.01433.x
1233,Scopus or WoS,TRUE,NA,2007,"Brosi, Berry J.; Daily, Gretchen C.; Ehrlich, Paul R.",Bee community shifts with landscape context in a tropical countryside,10.1890/06-0029
1234,Scopus or WoS,FALSE,Unsuitable population,2003,"Wilson, WL; Abernethy, VJ; Murphy, KJ; Adam, A; McCracken, DI; Downie, IS; Foster, GN; Furness, RW; Waterhouse, A; Ribera, I",Prediction of plant diversity response to land-use change on Scottish agricultural land,10.1016/S0167-8809(02)00042-7
1235,Scopus or WoS,FALSE,Unsuitable context,2008,"Fried, Guillaume; Norton, Lisa R.; Reboud, Xavier",Environmental and management factors determining weed species composition and diversity in France,10.1016/j.agee.2008.05.003
1236,Scopus or WoS,FALSE,Unsuitable population,2005,"Holland, JM; Thomas, CFG; Birkett, T; Southway, S; Oaten, H",Farm-scale spatiotemporal dynamics of predatory beetles in arable crops,10.1111/j.1365-2664.2005.01083.x
1237,Scopus or WoS,FALSE,Unsuitable population,2005,"Dunford W., Freemark K.","Matrix matters: Effects of surrounding land uses on forest birds near Ottawa, Canada",10.1007/s10980-004-5650-5
1238,Scopus or WoS,FALSE,Unsuitable population,2005,Laiolo P.,Spatial and seasonal patterns of bird communities in Italian agroecosystems,10.1111/j.1523-1739.2005.00207.x
1239,Scopus or WoS,FALSE,Unsuitable intervention,2005,"Belfrage K., Bjorklund J., Salomonsson L.","The effects of farm size and organic farming on diversity of birds, pollinators, and plants in a Swedish landscape",10.1639/0044-7447(2005)034[0582:TEOFSA]2.0.CO;2
1240,Scopus or WoS,FALSE,Missing data,2006,"Michel, Nadia; Burel, Francoise; Butet, Alain","How does landscape use influence small mammal diversity, abundance and biomass in hedgerow networks of farming landscapes?",10.1016/j.actao.2005.12.006
1241,Scopus or WoS,FALSE,Unsuitable population,2001,"Suarez, S.A.; de la Fuente, E.B.; Ghersa, C.M.; Leon, R.J.C.",Weed community as an indicator of summer crop yield and site quality,NA
1242,Scopus or WoS,FALSE,Unsuitable context,2008,"Reif, J.; Vorisek, P.; Stastny, K.; Bejcek, V.; Petr, J.",Agricultural intensification and farmland birds: new insights from a central European country,10.1111/j.1474-919X.2008.00829.x
1243,Scopus or WoS,FALSE,Unsuitable context,2009,"Vickery, Juliet A.; Feber, Ruth E.; Fuller, Robert J.",Arable field margins managed for biodiversity conservation: A review of food resource provision for farmland birds,10.1016/j.agee.2009.05.012
1244,Scopus or WoS,FALSE,Missing data,2007,"Beukema, H.; Danielsen, F. Vincent, G.; Hardiwinoto, S.; van Andel, J.","Plant and bird diversity in rubber agroforests in the lowlands of Sumatra, Indonesia",10.1007/s10457-007-9037-x
1245,Scopus or WoS,FALSE,Unsuitable outcomes,2009,"Clough, Y.; Putra, D.D., Pitopang, R.; Tscharntke, T.",Local and landscape factors determine functional bird diversity in Indonesian cacao agroforestry,10.1016/j.biocon.2008.12.027
1246,Scopus or WoS,FALSE,Unsuitable population,2009,"Merckx, T.; Feber, R. E.; Dulieu, R.L.; Townsend, M.C.; Parsons, Mark S.; Bourn, N.A.D.; Riordan, P.; MacDonald, D.W.",Effect of field margins on moths depends on species mobility: Field-based evidence for landscape-scale conservation,10.1016/j.agee.2008.10.004
1247,Scopus or WoS,FALSE,Unsuitable population,2003,"Myklestad, A.; Saetersdal, M.",Effects of reforestation and intensified land use on vascular plant species richness in traditionally managed hay meadows,NA
1248,Scopus or WoS,FALSE,Unsuitable population,2005,"Robson, BJ; Clay, CJ","Local and regional macroinvertebrate diversity in the wetlands of a cleared agricultural landscape in south-western Victoria, Australia",10.1002/aqc.675
1249,Scopus or WoS,FALSE,Missing data,2006,"Williams-Guillen, K.; McCann, C.; Sanchez, J.C.M.; Koontz, F.",Resource availability and habitat use by mantled howling monkeys in a Nicaraguan coffee plantation: can agroforests serve as core habitat for a forest mammal?,NA
1250,Scopus or WoS,FALSE,Unsuitable context,2006,"Smart, S.M.; Marrs, R.H.; Le Duc, M.G.; Thompson, K.; Bunce, R.G.H.; Firbank, L.G.; Rossall, M.J.",Spatial relationships between intensive land cover and residual plant species diversity in temperate farmed landscapes,10.1111/j.1365-2664.2006.01231.x
1251,Scopus or WoS,FALSE,Unsuitable intervention,2007,"Rand, T.A.; Tscharntke, T.",Contrasting effects of natural habitat loss on generalist and specialist aphid natural enemies,10.1111/j.2007.0030-1299.15871.x
1252,Scopus or WoS,FALSE,Unsuitable population,2009,"Meyer, B.; Jauker, F.; Steffan-Dewenter, I.",Contrasting resource-dependent responses of hoverfly richness and density to landscape structure,10.1016/j.baae.2008.01.001
1253,Scopus or WoS,FALSE,Unsuitable intervention,2006,"Marsden, S.J.; Symes, C.T.; Mack, Andrew L.",The response of a New Guinean avifauna to conversion of forest to small-scale agriculture,10.1111/j.1474-919X.2006.00577.x
1254,Scopus or WoS,FALSE,Unsuitable population,2007,"Garcia, J.; Suarez-Seoane, S.; Miquelez, D.; Osborne, P.E.; Zumalacarregui, C.",Spatial analysis of habitat quality in a fragmented population of little bustard (Tetrax tetrax): Implications for conservation,10.1016/j.biocon.2007.01.013
1255,Scopus or WoS,FALSE,Unsuitable population,2006,"Anadon, J. D.; Gimenez, A.; Perez, I.; Martinez, M.; Esteve, M. A.",Habitat selection by the spur-thighed tortoise Testudo graeca in a multisuccessional landscape: Implications for habitat management,10.1007/s10531-004-8226-4
1256,Scopus or WoS,FALSE,Unsuitable population,2007,"Gaucherel, C.; Burel, F.; Baudry, J.",Multiscale and surface pattern analysis of the effect of landscape pattern on carabid beetles distribution,10.1016/j.ecolind.2006.07.002
1257,Scopus or WoS,FALSE,Unsuitable context,2010,"Davey, Catherine M.; Vickery, Juliet A.; Boatman, Nigel D.; Chamberlain, Dan E.; Parry, Hazel R.; Siriwardena, Gavin M.",Assessing the impact of Entry Level Stewardship on lowland farmland birds in England,NA
1258,Scopus or WoS,FALSE,Unsuitable population,2004,"Burton, M.G.; Mortensen, D.A.; Marx, D.B.; Lindquist, J.L.",Factors affecting the realized niche of common sunflower (Helianthus annuus) in ridge-tillage corn,10.1614/P2001-101
1259,Scopus or WoS,FALSE,Unsuitable intervention,2005,"Tallowin, J.R.B.; Smith, R.E.N.; Goodyear, J.; Vickery, J.A.",Spatial and structural uniformity of lowland agricultural grassland in England: a context for low biodiversity,10.1111/j.1365-2494.2005.00470.x
1260,Scopus or WoS,FALSE,Unsuitable population,2006,"Schweiger, O.; Dormann, C.F.; Bailey, D.; Frenzel, M.","Occurrence pattern of Pararge aegeria (Lepidoptera : Nymphalidae) with respect to local habitat suitability, climate and landscape structure",10.1007/s10980-005-6057-7
1261,Scopus or WoS,FALSE,Unsuitable intervention,2007,"Loe, L.E.; Mysterud, A.; Stien, A.; Steen, H.; Evans, D.M.; Austrheim, G.",Positive short-term effects of sheep grazing on the alpine avifauna,10.1098/rsbl.2006.0571
1262,Scopus or WoS,FALSE,Unsuitable context,2007,"Milne, R.J.; Bennett, L.P.","Biodiversity and ecological value of conservation lands in agricultural landscapes of southern Ontario, Canada",10.1007/s10980-006-9063-5
1263,Scopus or WoS,FALSE,Unsuitable population,2007,"Granath, G.; Vicari, M.; Bazely, D.R.; Ball, J.P.; Puentes, A.; Rakocevic, T.",Variation in the abundance of fungal endophytes in fescue grasses along altitudinal and grazing gradients,10.1111/j.2007.0906-7590.05027.x
1264,Scopus or WoS,FALSE,Unsuitable population,2008,"Filippi-Codaccioni, O.; Devictor, V.; Clobert, J.; Julliard, R.",Effects of age and intensity of urbanization on farmland bird communities,10.1016/j.biocon.2008.08.006
1265,Scopus or WoS,FALSE,Unsuitable intervention,2008,"Perlut, N.G.; Strong, A.M.; Donovan, T.M.; Buckley, N.J.",Regional population viability of grassland songbirds: Effects of agricultural management,10.1016/j.biocon.2008.09.011
1266,Scopus or WoS,FALSE,Unsuitable intervention,2009,"Marini, L.; Fontana, P.; Klimek, S.; Battisti, A., Gaston, K.J.",Impact of farm size and topography on plant and insect diversity of managed grasslands in the Alps,10.1016/j.biocon.2008.10.034
1267,Scopus or WoS,FALSE,Unsuitable population,2009,"Ribeiro, R.; Santos, X.; Sillero, N.; Carretero, M.A.; Llorente, G.A.",Biodiversity and Land uses at a regional scale: Is agriculture the biggest threat for reptile assemblages?,10.1016/j.actao.2008.12.003
1268,Scopus or WoS,FALSE,Unsuitable population,1993,"KISS, J.; KADAR, F.; KOZMA, E.; TOTH, I.",IMPORTANCE OF VARIOUS HABITATS IN AGRICULTURAL LANDSCAPE RELATED TO INTEGRATED PEST-MANAGEMENT - A PRELIMINARY-STUDY,10.1016/0169-2046(93)90049-J
1269,Scopus or WoS,FALSE,Unsuitable population,2002,"French, D.D.; Picozzi, N.","Functional groups' of bird species, biodiversity and landscapes in Scotland",10.1046/j.1365-2699.2002.00664.x
1270,Scopus or WoS,FALSE,Unsuitable intervention,2008,"Torras, O.; Gil-Tena, A.; Saura, S.",How does forest landscape structure explain tree species richness in a Mediterranean context?,10.1007/s10531-007-9277-0
1271,Scopus or WoS,FALSE,Unsuitable population,2008,"Barrett, K.; Guyer, C.","Differential responses of amphibians and reptiles in riparian and stream habitats to land use disturbances in western Georgia, USA",10.1016/j.biocon.2008.06.019
1272,Scopus or WoS,FALSE,Unsuitable intervention,2008,"Xie, Z.; Williams, Paul H.; Tang, Y.",The effect of grazing on bumblebees in the high rangelands of the Eastern Tibetan Plateau of Sichuan,10.1007/s10841-008-9180-3
1273,Scopus or WoS,FALSE,Unsuitable intervention,2009,"Henderson, I.G.; Ravenscroft, N.; Smith, G.; Holloway, S.",Effects of crop diversification and low pesticide inputs on bird populations on arable land,10.1016/j.agee.2008.08.014
1274,Scopus or WoS,FALSE,Unsuitable population,2009,"Hendrickx, F.; Maelfait, J.P.; Desender, K.; Aviron, S.; Bailey, D.; Diekotter, T.; Lens, L.; Liira, J.; Schweiger, O.; Speelmans, M.; Vandomme, V.; Bugter, R.",Pervasive effects of dispersal limitation on within- and among-community species richness in agricultural landscapes,10.1111/j.1466-8238.2009.00473.x
1275,Scopus or WoS,FALSE,Unsuitable population,2010,"Ekroos, J.; Heliola, J.; Kuussaari, M.",Homogenization of lepidopteran communities in intensively cultivated agricultural landscapes,10.1111/j.1365-2664.2009.01767.x
1276,Scopus or WoS,FALSE,Unsuitable intervention,2003,"Perkins, A.W.; Johnson, B,J.; Blankenship, E.E.",Response of Riparian avifauna to percentage and pattern of woody cover in an agricultural landscape,NA
1277,Scopus or WoS,FALSE,Unsuitable population,2006,"Debras, J.F.; Torre, F.; Rieux, R.; Kreiter, S.; Garcin, M. S.; Van Helden, M.; Buisson, E.; Dutoit, T.",Discrimination between agricultural management and the hedge effect in pear orchards (south-eastern France),10.1111/j.1744-7348.2006.00102.x
1278,Scopus or WoS,FALSE,Unsuitable intervention,2007,"Swihart, Robert K.; Goheen, Jacob R.; Schnelker, Sabrina A.; Rizkalla, Carol E.",Testing the generality of patch and landscape-level predictors of tree squirrel occurrence at a regional scale,10.1644/06-MAMM-A-275R.1
1279,Scopus or WoS,TRUE,NA,2008,"Lozada, T.; de Koning, G. H. J.; Kessler, M.; Klein, A.M.; Tscharntke, T.",Geographical range size of tropical plants influences their response to anthropogenic activities,10.1111/j.1472-4642.2007.00413.x
1280,Scopus or WoS,FALSE,Unsuitable intervention,2009,"Vergara, P.M.; Armesto, J.J.",Responses of Chilean forest birds to anthropogenic habitat fragmentation across spatial scales,10.1007/s10980-008-9275-y
1281,Scopus or WoS,FALSE,Unsuitable population,2009,"Wanger, T.C.; Saro, A.; Iskandar, D.T.; Brook, B.W.; Sodhi, N.S.; Clough, Y.; Tscharntke, T.",Conservation value of cacao agroforestry for amphibians and reptiles in South-East Asia: combining correlative models with follow-up field experiments,10.1111/j.1365-2664.2009.01663.x
1282,Scopus or WoS,FALSE,Unsuitable population,2002,"Stoate, C.",Multifunctional use of a natural resource on farmland: wild pheasant (Phasianus colchicus) management and the conservation of farmland passerines,10.1023/A:1015564806990
1283,Scopus or WoS,FALSE,Unsuitable intervention,2007,"Alexander, J.D.; Seavy, N.E.; Hosten, P.E.",Using conservation plans and bird monitoring to evaluate ecological effects of management: An example with fuels reduction activities in southwest Oregon,10.1016/j.foreco.2006.11.003
1284,Scopus or WoS,FALSE,Unsuitable intervention,2007,"Minor, M. A.; Cianciolo, J. M.","Diversity of soil mites (Acari : Oribatida, Mesostigmata) along a gradient of land use types in New York",10.1016/j.apsoil.2006.05.004
1285,Scopus or WoS,FALSE,Unsuitable intervention,2009,"Hannon, L.E.; Sisk, T.D.",Hedgerows in an agri-natural landscape: Potential habitat value for native bees,10.1016/j.biocon.2009.04.014
1286,Scopus or WoS,FALSE,Duplicate,2007,"Bos, M.M.; Hoehn, P.; Saleh, S.; Bueche, B.; Buchori, D.; Steffan-Dewenter, I.; Tscharntke, T.",Insect diversity responses to forest conversion and agroforestry management,NA
1287,Scopus or WoS,TRUE,NA,2007,"Moro, D.; Gadal, S.",Benefits of habitat restoration to small mammal diversity and abundance in a pastoral agricultural landscape in mid-Wales,10.1007/s10531-006-9104-z
1288,Scopus or WoS,FALSE,Unsuitable population,2008,"Ma, M.",Multi-scale responses of plant species diversity in semi-natural buffer strips to agricultural landscapes,10.3170/2008-7-18426
1289,Scopus or WoS,FALSE,Unsuitable intervention,2010,"Chamberlain, D.E.; Joys, A.; Johnson, P. J.; Norton, L.; Feber, R. E.; Fuller, R. J.",Does organic farming benefit farmland birds in winter?,10.1098/rsbl.2009.0643
1290,Scopus or WoS,FALSE,Unsuitable intervention,2010,"Filippi-Codaccioni, O.; Devictor, V.; Bas, Y.; Clobert, J.; Julliard, R.",Specialist response to proportion of arable land and pesticide input in agricultural landscapes,10.1016/j.biocon.2009.12.035
1291,Scopus or WoS,FALSE,Unsuitable population,2001,"Magda, D.; Gonnet, J.F.",Consequences of less intensive farming on the landscape: an example of vegetation dominance by Chaerophyllum aureum in the meadows of a Pyrenean valley in France,10.1023/A:1013136625880
1292,Scopus or WoS,FALSE,Unsuitable population,2007,"Scalercio, S.; Iannotta, N.; Brandmayr, P.",The role of semi-natural and abandoned vegetation patches in sustaining lepidopteran diversity in an organic olive orchard,NA
1293,Scopus or WoS,FALSE,Unsuitable population,2008,"Ghilain, A.; Belisle, M.",Breeding success of tree swallows along a gradient of agricultural intensification,10.1890/07-1107.1
1294,Scopus or WoS,FALSE,Unsuitable population,2008,"Cassel-Lundhagen, A.; Sjogren-Gulve, P.; Berglind, S.",Effects of patch characteristics and isolation on relative abundance of the scarce heath butterfly Coenonympha hero (Nymphalidae),10.1007/s10841-007-9083-8
1295,Scopus or WoS,TRUE,NA,2009,"Seddon, Julian; Doyle, Stuart; Bourne, Mark; Maccallum, Richard; Briggs, Sue",Biodiversity benefits of alley farming with old man saltbush in central western New South Wales,10.1071/EA08280
1296,Scopus or WoS,FALSE,Unsuitable intervention,2009,"De Cauwer, Benny; Reheul, Dirk","Impact of land use on vegetation composition, diversity and potentially invasive, nitrophilous clonal species in a wetland region in Flanders",10.1051/agro:2008049
1297,Scopus or WoS,FALSE,Unsuitable population,2010,"Tozer, Douglas C.; Nol, Erica; Abraham, Kenneth F.",Effects of local and landscape-scale habitat variables on abundance and reproductive success of wetland birds,10.1007/s11273-010-9187-x
1298,Scopus or WoS,FALSE,Unsuitable intervention,2004,"White, TA; Moore, KJ; Barkert, DJ",The importance of local processes to landscape patterns of grassland vegetation diversity,NA
1299,Scopus or WoS,FALSE,Unsuitable population,2008,"Elphick, Chris S.","Landscape effects on waterbird densities in California rice fields: Taxonomic differences, scale-dependence, and conservation implications",10.1675/1524-4695(2008)31[62:LEOWDI]2.0.CO;2
1300,Scopus or WoS,FALSE,Unsuitable population,2009,"Carriere, Yves; Ellers-Kirk, Christa; Cattaneo, Manda G.; Yafuso, Christine M.; Antilla, Larry; Huang, Cho-Ying; Rahman, Magfurar; Orr, Barron J.; Marsh, Stuart E.",Landscape effects of transgenic cotton on non-target ants and beetles,10.1016/j.baae.2008.10.010
1301,Scopus or WoS,FALSE,Unsuitable population,2010,"Breitbach, Nils; Laube, Irina; Steffan-Dewenter, Ingolf; Boehning-Gaese, Katrin",Bird diversity and seed dispersal along a human land-use gradient: high seed removal in structurally simple farmland,10.1007/s00442-009-1547-y
1302,Scopus or WoS,FALSE,Unsuitable population,2010,"Hall, K.; Johansson, L. J.; Sykes, M. T.; Reitalu, T.; Larsson, K.; Prentice, H. C.",Inventorying management status and plant species richness in semi-natural grasslands using high spatial resolution imagery,10.1111/j.1654-109X.2009.01063.x
1303,Scopus or WoS,FALSE,Unsuitable population,2007,"MacLeod, Catriona J.; Till, Andreas",Crop use by introduced bird species in winter in relation to crop structure and seed resources,NA
1304,Scopus or WoS,FALSE,Unsuitable population,2007,"Cullotta, Sebastiano; Marchetti, Marco",Forest types for biodiversity assessment at regional level: the case study of Sicily (Italy),10.1007/s10342-006-0166-y
1305,Scopus or WoS,FALSE,Unsuitable population,2008,"Hirao, Toshihide; Murakami, Masashi; Iwamoto, Jiro; Takafumi, Hino; Oguma, Hiroyuki",Scale-dependent effects of windthrow disturbance on forest arthropod communities,10.1007/s11284-007-0370-3
1306,Scopus or WoS,FALSE,Unsuitable population,2008,"Pedrana, Julieta; Isacch, Juan Pablo; Bo, Maria Susana",Habitat relationships of diurnal raptors at local and landscape scales in southern temperate grasslands of Argentina,10.1071/MU07075
1307,Scopus or WoS,FALSE,Unsuitable population,2008,"Rodrigo, Anselm; Sarda-Palomera, Francesc; Bosch, Jordi; Retana, Javier",Changes of dominant ground beetles in black pine forests with fire severity and successional age,10.2980/15-4-3117
1308,Scopus or WoS,FALSE,Unsuitable outcomes,2010,"Vanbergen, Adam J.; Woodcock, Ben A.; Koivula, Matti; Niemela, Jari; Kotze, D. Johan; Bolger, Tom; Golden, Valerie; Dubs, Florence; Boulanger, Guillaume; Serrano, Jose; Luis Lencina, Jose; Serrano, Artur; Aguiar, Carlos; Grandchamp, Anne-Catherine; Stofer, Silvia; Szel, Gyoezoe; Ivits, Eva; Adler, Petra; Markus, Jochum; Watt, Allan D.",Trophic level modulates carabid beetle responses to habitat and landscape structure: a pan-European study,10.1111/j.1365-2311.2010.01175.x
1309,Scopus or WoS,FALSE,Unsuitable outcomes,2010,"Fonderflick, Jocelyn; Caplat, Paul; Lovaty, Francois; Thevenot, Michel; Prodon, Roger",Avifauna trends following changes in a Mediterranean upland pastoral system,10.1016/j.agee.2010.03.004
1310,Scopus or WoS,FALSE,Unsuitable population,2010,"Archaux, Frederic; Chevalier, Richard; Berthelot, Alain",Towards practices favourable to plant diversity in hybrid poplar plantations,10.1016/j.foreco.2010.03.017
1311,Scopus or WoS,FALSE,Unsuitable intervention,2010,"Rundlof, Maj; Edlund, Mathilda; Smith, Henrik G.",Organic farming at local and landscape scales benefits plant diversity,10.1111/j.1600-0587.2009.05938.x
1312,Scopus or WoS,FALSE,Unsuitable population,2010,"Wehling, Stephan; Diekmann, Martin",Prediction of changes in the occurrence of forest herbs in hedgerow networks along a climate gradient in north-western Europe,10.1007/s10531-010-9858-1
1313,Scopus or WoS,FALSE,Unsuitable intervention,2010,"Butet, Alain; Michel, Nadia; Rantier, Yann; Comor, Vincent; Hubert-Moy, Laurence; Nabucet, Jean; Delettre, Yannick",Responses of common buzzard (Buteo buteo) and Eurasian kestrel (Falco tinnunculus) to land use changes in agricultural landscapes of Western France,10.1016/j.agee.2010.04.011
1314,Scopus or WoS,FALSE,Unsuitable intervention,2010,"Hamre, Liv N.; Halvorsen, Rune; Edvardsen, Anette; Rydgren, Knut","Plant species richness, composition and habitat specificity in a Norwegian agricultural landscape",10.1016/j.agee.2010.04.018
1315,Scopus or WoS,FALSE,Unsuitable population,2010,"Hoste-Danylow, Alexia; Romanowski, Jerzy; Zmihorski, Michal",Effects of management on invertebrates and birds in extensively used grassland of Poland,10.1016/j.agee.2010.07.009
1316,Scopus or WoS,FALSE,Unsuitable outcomes,2010,"Poggio, Santiago L.; Chaneton, Enrique J.; Ghersa, Claudio M.","Landscape complexity differentially affects alpha, beta, and gamma diversities of plants occurring in fencerows and crop fields",10.1016/j.biocon.2010.06.014
1317,Scopus or WoS,FALSE,Unsuitable population,2010,"de la Fuente, E. B.; Perelman, S.; Ghersa, C. M.","Weed and arthropod communities in soyabean as related to crop productivity and land use in the Rolling Pampa, Argentina",10.1111/j.1365-3180.2010.00811.x
1318,Scopus or WoS,FALSE,Unsuitable outcomes,2010,"Doxa, Aggeliki; Bas, Yves; Paracchini, Maria Luisa; Pointereau, Philippe; Terres, Jean-Michel; Jiguet, Frederic",Low-intensity agriculture increases farmland bird abundances in France,10.1111/j.1365-2664.2010.01869.x
1319,Scopus or WoS,FALSE,Unsuitable population,2010,"Ranganathan, Jai; Krishnaswamy, Jagdish; Anand, M. O.",Landscape-level effects on avifauna within tropical agriculture in the Western Ghats: Insights for management and conservation,10.1016/j.biocon.2010.04.018
1320,Scopus or WoS,FALSE,Unsuitable intervention,2011,"Tsitsilas, Angelos; Hoffmann, Ary A.; Weeks, Andrew R.; Umina, Paul A.",Impact of groundcover manipulations within windbreaks on mite pests and their natural enemies,10.1111/j.1440-6055.2010.00779.x
1321,Scopus or WoS,FALSE,Unsuitable intervention,2010,"Urak, I.; Hartel, T.; Balog, A.",The Influence of Carpathian landscape scale on spider communities,10.2298/ABS1004231U
1322,Scopus or WoS,FALSE,Unsuitable population,2010,"Cole, Lorna J.; Pollock, Meg L.; Robertson, Duncan; Holland, John P.; McCracken, David I.; Harrison, William",The influence of fine-scale habitat heterogeneity on invertebrate assemblage structure in upland semi-natural grassland,10.1016/j.agee.2009.11.010
1323,Scopus or WoS,TRUE,NA,2010,"Phoofolo, Mpho W.; Giles, Kristopher L.; Elliott, Norman C.","Effects of Relay-Intercropping Sorghum With Winter Wheat, Alfalfa, and Cotton on Lady Beetle (Coleoptera: Coccinellidae) Abundance and Species Composition",10.1603/EN09122
1324,Scopus or WoS,FALSE,Unsuitable population,2010,"Zimmermann, Patrick; Tasser, Erich; Leitinger, Georg; Tappeiner, Ulrike",Effects of land-use and land-cover pattern on landscape-scale biodiversity in the European Alps,10.1016/j.agee.2010.06.010
1325,Scopus or WoS,FALSE,Missing data,2010,"Gaigher, R.; Samways, M. J.","Surface-active arthropods in organic vineyards, integrated vineyards and natural habitat in the Cape Floristic Region",10.1007/s10841-010-9286-2
1326,Scopus or WoS,FALSE,Unsuitable intervention,2011,"van der Gast, Christopher J.; Gosling, Paul; Tiwari, Bela; Bending, Gary D.",Spatial scaling of arbuscular mycorrhizal fungal diversity is affected by farming practice,10.1111/j.1462-2920.2010.02326.x
1327,Scopus or WoS,FALSE,Unsuitable population,2011,"Rusch, Adrien; Valantin-Morison, Muriel; Sarthou, Jean-Pierre; Roger-Estrade, Jean",Multi-scale effects of landscape complexity and crop management on pollen beetle parasitism rate,10.1007/s10980-011-9573-7
1328,Scopus or WoS,FALSE,Unsuitable intervention,2011,"Kirk, David Anthony; Lindsay, Kathryn E.; Brook, Rodney W.",Risk of Agricultural Practices and Habitat Change to Farmland Birds,10.5751/ACE-00446-060105
1329,Scopus or WoS,FALSE,Unsuitable population,2011,"Vera, P.; Sasa, M.; Encabo, S. I.; Barba, E.; Belda, E. J.; Monros, J. S.",Land use and biodiversity congruences at local scale: applications to conservation strategies,10.1007/s10531-011-0028-x
1330,Scopus or WoS,FALSE,Unsuitable population,2011,"O'Rourke, Megan E.; Rienzo-Stack, Kaitlin; Power, Alison G.","A multi-scale, landscape approach to predicting insect populations in agroecosystems",NA
1331,Scopus or WoS,FALSE,Unsuitable intervention,2011,"Sebastia, Maria-Teresa; Palero, Noemi; de Bello, Francesco",Changes in management modify agro-diversity in sainfoin swards in the Eastern Pyrenees,10.1007/s13593-011-0008-2
1332,Scopus or WoS,FALSE,Unsuitable intervention,2011,"Collard, Stuart J.; Le Brocque, Andrew F.; Zammit, Charlie","Effects of local-scale management on herbaceous plant communities in Brigalow (Acacia harpophylla) agroecosystems of southern Queensland, Australia",10.1016/j.agee.2011.05.001
1333,Scopus or WoS,FALSE,Unsuitable population,2011,"Santangeli, Andrea; Dolman, Paul M.",Density and habitat preferences of male little bustard across contrasting agro-pastoral landscapes in Sardinia (Italy),10.1007/s10344-011-0492-3
1334,Scopus or WoS,FALSE,Unsuitable population,2011,"Werling, Ben P.; Meehan, Timothy D.; Gratton, Claudio; Landis, Douglas A.",Influence of habitat and landscape perenniality on insect natural enemies in three candidate biofuel crops,10.1016/j.biocontrol.2011.06.014
1335,Scopus or WoS,FALSE,Unsuitable population,2011,"Giladi, Itamar; Ziv, Yaron; May, Felix; Jeltsch, Florian",Scale-dependent determinants of plant species richness in a semi-arid fragmented agro-ecosystem,10.1111/j.1654-1103.2011.01309.x
1336,Scopus or WoS,FALSE,Unsuitable intervention,1984,"Altieri M.A., Schmidt L.L.","Abundance patterns and foraging activity of ant communities in abandoned, organic and commercial apple orchards in Northern California",10.1016/0167-8809(84)90006-9
1337,Scopus or WoS,FALSE,Unsuitable population,2005,"Amiri A., Bompeix G.",Diversity and population dynamics of Penicillium spp. on apples in pre- and postharvest environments: consequences for decay development,10.1111/j.1365-3059.2005.01112.x
1338,Scopus or WoS,FALSE,Unsuitable intervention,2014,"Aparna K., Pasha M.A., Rao D.L.N., Krishnaraj P.U.","Organic amendments as ecosystem engineers: Microbial, biochemical and genomic evidence of soil health improvement in a tropical arid zone field site",10.1016/j.ecoleng.2014.07.016
1339,Scopus or WoS,FALSE,Unsuitable intervention,2008,"Araújo A.S.F., Santos V.B., Monteiro R.T.R.","Responses of soil microbial biomass and activity for practices of organic and conventional farming systems in Piaui state, Brazil",10.1016/j.ejsobi.2007.06.001
1340,Scopus or WoS,FALSE,Unsuitable intervention,2017,"Assandri G., Giacomazzo M., Brambilla M., Griggio M., Pedrini P.","Nest density, nest-site selection, and breeding success of birds in vineyards: Management implications for conservation in a highly intensive farming system",10.1016/j.biocon.2016.11.020
1341,Scopus or WoS,FALSE,Unsuitable comparator,2002,"Atanasso A., Shearer P.W., Hamilton G., Polk D.",Development and implementation of a reduced risk peach arthropod management program in New Jersey,NA
1342,Scopus or WoS,FALSE,Unsuitable comparator,2003,"Atanassov A., Shearer P.W., Hamilton G.C.",Peach pest management programs impact beneficial fauna abundance and Grapholita molesta (Lepidoptera : Tortricidae) egg parasitism and predation,10.1603/0046-225X-32.4.780
1343,Scopus or WoS,FALSE,Unsuitable intervention,2015,"Aurelian V.M., Evenden M.L., Judd G.J.R.","Diversity and abundance of arthropod by-catch in semiochemical-baited traps targeting apple clearwing moth (Lepidoptera: Sesiidae) in organic and conventional apple orchards in British Columbia, Canada",10.4039/tce.2014.47
1344,Scopus or WoS,FALSE,Unsuitable intervention,2007,"Balog A., Markó V.",Species composition and community structure of the rove beetles (Coleoptera: Staphylinidae) in an experimental vineyard under different vineyard management systems,10.1556/APhyt.42.2007.2.19
1345,Scopus or WoS,FALSE,Unsuitable population,1995,Barrett B.A.,Effect of synthetic pheromone permeation on captures of male codling moth (Lepidoptera: Tortricidae) in pheromone and virgin female moth-baited traps at different tree heights in small orchard blocks,10.1093/ee/24.5.1201
1346,Scopus or WoS,TRUE,NA,2013,"Barrio I.C., Bueno C.G., Villafuerte R., Tortosa F.S.","Rabbits, weeds and crops: Can agricultural intensification promote wildlife conflicts in semiarid agro-ecosystems?",10.1016/j.jaridenv.2012.10.016
1347,Scopus or WoS,FALSE,Unsuitable intervention,2007,"Baumgartner K., Steenwerth K.L., Veilleux L.",Effects of organic and conventional practices on weed control in a perennial cropping system,10.1614/WS-06-171
1348,Scopus or WoS,FALSE,Unsuitable intervention,2013,"Bautista-Rosales P.U., Ragazzo-Sánchez J.A., Calderón-Santoyo M., Cortéz-Mondaca E., Servín-Villegas R.","Aulacaspis tubercularis Newstead in Mango Orchards of Nayarit, Mexico, and Relationship with Environmental and Agronomic Factors",10.3958/059.038.0207
1349,Scopus or WoS,FALSE,Unsuitable outcomes,2014,"Bevivino A., Paganin P., Bacci G., Florio A., Pellicer M.S., Papaleo M.C., Mengoni A., Ledda L., Fani R., Benedetti A., Dalmastri C.",Soil Bacterial Community Response to Differences in Agricultural Management along with Seasonal Changes in a Mediterranean Region,10.1371/journal.pone.0105515
1350,Scopus or WoS,FALSE,Unsuitable population,2014,"Biddinger D.J., Leslie T.W., Joshi N.K.","Reduced-Risk Pest Management Programs for Eastern US Peach Orchards: Effects on Arthropod Predators, Parasitoids, and Select Pests",10.1603/EC13441
1351,Scopus or WoS,FALSE,Unsuitable intervention,2015,"Blaauw B.R., Polk D., Nielsen A.L.",IPM-CPR for peaches: incorporating behaviorally-based methods to manage Halyomorpha halys and key pests in peach,10.1002/ps.3955
1352,Scopus or WoS,FALSE,Unsuitable population,1999,"Bogya S., Markó V.",Effect of pest management systems on ground-dwelling spider assemblages in an apple orchard in Hungary,10.1016/S0167-8809(99)00010-9
1353,Scopus or WoS,FALSE,Unsuitable intervention,1996,"Booth S.R., Riedl H.",Diflubenzuron-based management of the pear pest complex in commercial orchards of the Hood River Valley in Oregon,10.1093/jee/89.3.621
1354,Scopus or WoS,FALSE,Unsuitable intervention,2000,"Borchert D.M., Walgenbach J.F.",Comparison of pheromone-mediated mating disruption and conventional insecticides for management of tufted apple bud moth (Lepidoptera : Tortricidae),NA
1355,Scopus or WoS,FALSE,Unsuitable intervention,2012,"Borovinova M., Petrova V., Maneva S.",Effect of Different Growing Systems of Apple on Trunk and Branch Diseases and Pests,NA
1356,Scopus or WoS,FALSE,Unsuitable intervention,2003,"Botero-Garcés N., Isaacs R.","Distribution of grape berry moth, Endopiza viteana (Lepidoptera : Tortricidae), in natural and cultivated habitats",10.1603/0046-225X-32.5.1187
1357,Scopus or WoS,FALSE,Unsuitable intervention,2017,"Bouam I., Bachir A.S., Katayama N.",Variation in bird assemblages along an agricultural intensification gradient: a case study of olive orchards in north-eastern Algeria,10.2326/osj.16.147
1358,Scopus or WoS,FALSE,Unsuitable intervention,2011,"Bouvier J., Ricci B., Agerberg J., Lavigne C.",Apple orchard pest control strategies affect bird communities in southeastern France,10.1002/etc.377
1359,Scopus or WoS,FALSE,Missing data,2003,"Brown M.W., Schmitt J.J., Abraham B.J.",Seasonal and diurnal dynamics of spiders (Araneae) in West Virginia orchards and the effect of orchard management on spider communities,10.1603/0046-225X-32.4.830
1360,Scopus or WoS,FALSE,Unsuitable intervention,1997,"Brown M.W., Lightner G.W.","Recommendations on minimum experimental plot size and succession of aphidophaga in West Virginia, USA, apple orchards",10.1007/BF02769902
1361,Scopus or WoS,FALSE,Missing data,2001,"Brown M.W., Schmitt J.J.",Seasonal and diurnal dynamics of beneficial insect populations in apple orchards under different management intensity,10.1603/0046-225X-30.2.415
1362,Scopus or WoS,FALSE,Unsuitable outcomes,2015,"Caliz J., Montes-Borrego M., Triadó-Margarit X., Metsis M., Landa B.B., Casamayor E.O.","Influence of Edaphic, Climatic, and Agronomic Factors on the Composition and Abundance of Nitrifying Microorganisms in the Rhizosphere of Commercial Olive Crops",10.1371/journal.pone.0125787
1363,Scopus or WoS,FALSE,Unsuitable intervention,2008,"Campos-Herrera R., Gómez-Ros J.M., Escuer M., Cuadra L., Barrios L., Gutiérrez C.","Diversity, occurrence, and life characteristics of natural entomopathogenic nematode populations from La Rioja (Northern Spain) under different agricultural management and their relationships with soil factors",10.1016/j.soilbio.2008.01.002
1364,Scopus or WoS,FALSE,Unsuitable intervention,2006,"Cárdenas M., Ruano F., García P., Pascual F., Campos M.",Impact of agricultural management on spider populations in the canopy of olive trees,10.1016/j.biocontrol.2006.02.004
1365,Scopus or WoS,FALSE,Unsuitable intervention,2012,"Choate B., Drummond F.A.",Ant Diversity and Distribution (Hymenoptera: Formicidae) Throughout Maine Lowbush Blueberry Fields in Hancock and Washington Counties,10.1603/EN11096
1366,Scopus or WoS,FALSE,Unsuitable intervention,2011,"Cordero-Bueso G., Arroyo T., Serrano A., Tello J., Aporta I., Vélez M.D., Valero E.",Influence of the farming system and vine variety on yeast communities associated with grape berries,10.1016/j.ijfoodmicro.2010.11.040
1367,Scopus or WoS,FALSE,Unsuitable intervention,2011,"Cotes B., Campos M., García P.A., Pascual F., Ruano F.",Testing the suitability of insect orders as indicators for olive farming systems,10.1111/j.1461-9563.2011.00526.x
1368,Scopus or WoS,FALSE,Unsuitable context,2011,"Dequiedt S., Saby N.P.A., Lelievre M., Jolivet C., Thioulouse J., Toutain B., Arrouays D., Bispo A., Lemanceau P., Ranjard L.",Biogeographical patterns of soil molecular microbial biomass as influenced by soil characteristics and management,10.1111/j.1466-8238.2010.00628.x
1369,Scopus or WoS,FALSE,Unsuitable intervention,2016,"Dib H., Sauphanor B., Capowiez Y.","Effect of management strategies on arthropod communities in the colonies of rosy apple aphid, Dysaphis plantaginea Passerini (Hemiptera: Aphididae) in south-eastern France",10.1016/j.agee.2015.10.003
1370,Scopus or WoS,FALSE,Unsuitable intervention,2010,"Drummond F.A., Collins J.A., Choate B., Woodman D., Jennings D.T., Forsythe Jr. H.Y., Cokendolpher J.C.",Harvestman (Opiliones) Fauna Associated With Maine Lowbush Blueberry Fields in the Major Production Areas of Washington and Hancock Counties,10.1603/EN09308
1371,Scopus or WoS,FALSE,Missing data,2016,"Drumonde-Neves J., Franco-Duarte R., Lima T., Schuller D., Pais C.",Yeast Biodiversity in Vineyard Environments Is Increased by Human Intervention,10.1371/journal.pone.0160579
1372,Scopus or WoS,FALSE,Unsuitable intervention,2000,"Epstein D.L., Zack R.S., Brunner J.F., Gut L., Brown J.J.",Effects of broad-spectrum insecticides on epigeal arthropod biodiversity in Pacific Northwest apple orchards,10.1093/ee/29.2.340
1373,Scopus or WoS,FALSE,Missing data,1993,"Estrada A., Coates-Estrada R., Meritt Jr. D., Montiel S., Curiel D.","Patterns of frugivore species richness and abundance in forest islands and in agricultural habitats at Los Tuxtlas, Mexico",10.1007/BF00052227
1374,Scopus or WoS,FALSE,Missing data,2016,"Ferreira A.C.C., Leite L.F.C., de Araújo A.S.F., Eisenhauer N.",Land-Use Type Effects on Soil Organic Carbon and Microbial Properties in a Semi-arid Region of Northeast Brazil,10.1002/ldr.2282
1375,Scopus or WoS,FALSE,Unsuitable intervention,1994,"Fluetsch K.M., Sparling D.W.",Avian nesting success and diversity in conventionally and organically managed apple orchards,10.1002/etc.5620131015
1376,Scopus or WoS,FALSE,Unsuitable intervention,2007,"França S.C., Gomes-da-Costa S.M., Silveira A.P.D.",Microbial activity and arbuscular mycorrhizal fungal diversity in conventional and organic citrus orchards,10.1080/01448765.2007.9755039
1377,Scopus or WoS,FALSE,Unsuitable population,2016,"Franin K., Baric B., Kuštera G.",The role of ecological infrastructure on beneficial arthropods in vineyards,10.5424/sjar/2016141-7371
1378,Scopus or WoS,FALSE,Unsuitable intervention,2016,"Gaigher R., Pryke J.S., Samways M.J.",Old fields increase habitat heterogeneity for arthropod natural enemies in an agricultural mosaic,10.1016/j.agee.2016.06.014
1379,Scopus or WoS,FALSE,Missing data,2015,"Garrido-Jurado I., Fernández-Bravo M., Campos C., Quesada-Moraga E.",Diversity of entomopathogenic Hypocreales in soil and phylloplanes of five Mediterranean cropping systems,10.1016/j.jip.2015.06.001
1380,Scopus or WoS,FALSE,Unsuitable intervention,2006,"Genghini M., Gellini S., Gustin M.",Organic and integrated agriculture: the effects on bird communities in orchard farms in northern Italy,10.1007/s10531-005-5400-2
1381,Scopus or WoS,FALSE,Missing data,2000,"Glover J.D., Reganold J.P., Andrews P.K.","Systematic method for rating soil quality of conventional, organic, and integrated apple orchards in Washington State",10.1016/S0167-8809(00)00131-6
1382,Scopus or WoS,FALSE,Unsuitable intervention,2001,"Goh K.M., Pearson D.R., Daly M.J.","Effects of apple orchard production systems on some important soil physical, chemical and biological quality parameters",10.1080/01448765.2001.9754889
1383,Scopus or WoS,FALSE,Unavailable study,2007,"Gronning E.K., Pfeiffer D.G.",Ground beetle (Coleoptera : Carabidae) assemblages in apple orchards receiving pheromone-based or conventional tortricid management programs,10.18474/0749-8004-42.4.501
1384,Scopus or WoS,FALSE,Unsuitable intervention,1998,"Gut L.J., Brunner J.F.",Pheromone-based management of codling moth (Lepidoptera : Tortricidae) in Washington apple orchards,NA
1385,Scopus or WoS,FALSE,Unsuitable intervention,2002,"Hadjicharalampous E., Kalburtji K.L., Mamolos A.P.","Soil arthropods (coleoptera, isopoda) in organic and conventional agroecosystems",10.1007/s00267-001-0056-5
1386,Scopus or WoS,FALSE,Unsuitable intervention,2014,"Hazarika S., Thakuria D., Ganeshamurthy A.N., Sakthivel T.",Soil quality as influenced by land use history of orchards in humid subtropics,10.1016/j.catena.2014.07.006
1387,Scopus or WoS,FALSE,Unsuitable intervention,1992,"Horton D.R., Higbee B.S., Unruh T.R., Westigard P.H.",Spatial characteristics and effects of fall density and weather on overwintering loss of pear psylla (Homoptera: Psyllidae),10.1093/ee/21.6.1319
1388,Scopus or WoS,FALSE,Unsuitable population,2006,"Il'ichev A.L., Stelinski L.L., Williams D.G., Gut L.J.",Sprayable microencapsulated sex pheromone formulation for mating disruption of oriental fruit moth (Lepidoptera : Tortricidae) in Australian peach and pear orchards,NA
1389,Scopus or WoS,FALSE,Missing data,1997,Jenseretal.1997,The effect of an integrated pest management program on the arthropod populations in a Hungarian apple orchard,NA
1390,Scopus or WoS,FALSE,Unsuitable intervention,2015,"Jerez-Valle C., García-López P.A., Campos M., Pascual F.",Methodological considerations in discriminating olive-orchard management type using olive-canopy arthropod fauna at the level of order,10.5424/sjar/2015134-6588
1391,Scopus or WoS,TRUE,NA,2006,"Johnson M.D., Sherry T.W., Holmes R.T., Marra P.P.",Assessing habitat quality for a migratory songbird wintering in natural and agricultural habitats,10.1111/j.1523-1739.2006.00490.x
1392,Scopus or WoS,FALSE,Unsuitable intervention,1997,"Judd G.J.R., Gardiner M.G.T., Thomson D.R.","Control of codling moth in organically-managed apple orchards by combining pheromone-mediated mating disruption, post-harvest fruit removal and tree banding",10.1023/A:1002934116859
1393,Scopus or WoS,TRUE,NA,2017,Kajtoch L.,The importance of traditional orchards for breeding birds: The preliminary study on Central European example,10.1016/j.actao.2016.12.010
1394,Scopus or WoS,FALSE,Unsuitable intervention,2016,Katayama N.,Bird diversity and abundance in organic and conventional apple orchards in northern Japan,10.1038/srep34210
1395,Scopus or WoS,FALSE,Unsuitable intervention,2005,"Kovanci O.B., Schal C., Walgenbach J.F., Kennedy G.G.",Comparison of mating disruption with pesticides for management of oriental fruit moth (Lepidoptera : Tortricidae) in North Carolina apple orchards,10.1603/0022-0493-98.4.1248
1396,Scopus or WoS,FALSE,Unsuitable intervention,2004,"Kutasi Cs., Markó V., Balog A.",Species composition of carabid (Coleoptera: Carabidae) communities in apple and pear orchards in Hungary,10.1556/APhyt.39.2004.1-3.8
1397,Scopus or WoS,FALSE,Unsuitable intervention,2016,"Lefebvre M., Franck P., Toubon J.-F., Bouvier J.-C., Lavigne C.",The impact of landscape composition on the occurrence of a canopy dwelling spider depends on orchard management,10.1016/j.agee.2015.09.003
1398,Scopus or WoS,TRUE,NA,2010,"Liu Y., Axmacher J.C., Wang C., Li L., Yu Z.",Ground beetles (Coleoptera: Carabidae) in the intensively cultivated agricultural landscape of Northern China - implications for biodiversity conservation,10.1111/j.1752-4598.2009.00069.x
1399,Scopus or WoS,TRUE,NA,2015,"Liu Y., Duan M., Zhang X., Zhang X., Yu Z., Axmacher J.C.","Effects of plant diversity, habitat and agricultural landscape structure on the functional diversity of carabid assemblages in the North China Plain",10.1111/icad.12096
1400,Scopus or WoS,FALSE,Unsuitable outcomes,1999,"Lotter D.W., Granett J., Omer A.D.",Differences in grape Phylloxera-related grapevine root damage in organically and conventionally managed vineyards in California,NA
1401,Scopus or WoS,FALSE,Unsuitable population,2015,"Luck G.W., Hunt K., Carter A.","The species and functional diversity of birds in almond orchards, apple orchards, vineyards and eucalypt woodlots",10.1071/MU14022
1402,Scopus or WoS,FALSE,Unsuitable intervention,2009,"Markó V., Keresztes B., Fountain M.T., Cross J.V.","Prey availability, pesticides and the abundance of orchard spider communities",10.1016/j.biocontrol.2008.10.002
1403,Scopus or WoS,FALSE,Unsuitable intervention,2005,"Markó V., Kádár F.",Effects of different insecticide disturbance levels and weed patterns on carabid beetle assemblages,10.1556/APhyt.40.2005.1-2.11
1404,Scopus or WoS,FALSE,Unsuitable intervention,2012,"Martins G., Miot-Sertier C., Lauga B., Claisse O., Lonvaud-Funel A., Soulas G., Masneuf-Pomarède I.",Grape berry bacterial microbiota: Impact of the ripening process and the farming system,10.1016/j.ijfoodmicro.2012.06.013
1405,Scopus or WoS,FALSE,Unsuitable intervention,2007,"Mas M.T., Poggio S.L., Verdú A.M.C.",Weed community structure of mandarin orchards under conventional and integrated management in northern Spain,10.1016/j.agee.2006.07.016
1406,Scopus or WoS,FALSE,Unsuitable intervention,2012,"Mates S.G., Perfecto I., Badgley C.",Parasitoid wasp diversity in apple orchards along a pest-management gradient,10.1016/j.agee.2012.04.016
1407,Scopus or WoS,FALSE,Unsuitable intervention,2015,"Mazzia C., Pasquet A., Caro G., Thénard J., Cornic J.-F., Hedde M., Capowiez Y.",The impact of management strategies in apple orchards on the structural and functional diversity of epigeal spiders,10.1007/s10646-014-1409-1
1408,Scopus or WoS,FALSE,Unsuitable population,1994,"McBrien H.L., Judd G.J.R., Borden J.H.",Campylomma verbasci (Heteroptera: Miridae): Pheromone-based seasonal flight patterns and prediction of nymphal densities in apple orchards,10.1093/jee/87.5.1224
1409,Scopus or WoS,FALSE,Unsuitable population,1980,McCaffreyHorsburch1980,The spider fauna of apple trees in central Virginia,10.1093/ee/9.2.247
1410,Scopus or WoS,FALSE,Unsuitable intervention,2001,"Meissner H.E., Walgenbach J.F., Kennedy G.G.","Effects of mating disruption and conventional pesticide treatments on populations of the tufted apple bud moth, Platynota idaeusalis, in North Carolina apple orchards",10.1016/S0261-2194(00)00140-X
1411,Scopus or WoS,FALSE,Missing data,2015,"Meyer A.H., Wooldridge J., Dames J.F.",Effect of conventional and organic orchard floor management practices on arbuscular mycorrhizal fungi in a 'Cripp's Pink'/M7 apple orchard soil,10.1016/j.agee.2015.07.026
1412,Scopus or WoS,FALSE,Unsuitable intervention,2013,"Milanovic V., Comitini F., Ciani M.",Grape berry yeast communities: Influence of fungicide treatments,10.1016/j.ijfoodmicro.2012.12.019
1413,Scopus or WoS,FALSE,Unsuitable intervention,2000,"Miliczky E.R., Calkins C.O., Horton D.R.","Spider abundance and diversity in apple orchards under three insect pest management programmes in Washington State, USA",10.1046/j.1461-9563.2000.00067.x
1414,Scopus or WoS,FALSE,Unsuitable intervention,2013,"Monteiro L.B., Souza A., Argenton J.",Mating disruption with low density diffusers for the management of oriental fruit moths (Lepidoptera: Tortricidae) in apple orchards under subtropical climate in southern Brazil,10.1590/S0100-29452013000400011
1415,Scopus or WoS,FALSE,Unsuitable intervention,2002,"Morris T.I., Symondson W.O.C., Kidd N.A.C., Campos M.","The effect of different ant species on the olive moth, Prays oleae (Bern.), in Spanish olive orchard",10.1046/j.1439-0418.2002.00647.x
1416,Scopus or WoS,FALSE,Unsuitable intervention,2013,"Myczko L., Rosin Z.M., Skórka P., Wylegala P., Tobolka M., Fliszkiewicz M., Mizera T., Tryjanowski P.",Effects of management intensity and orchard features on bird communities in winter,10.1007/s11284-013-1039-8
1417,Scopus or WoS,FALSE,Unsuitable intervention,2016,"Nascimbene J., Zottini M., Ivan D., Casagrande V., Marini L.",Do vineyards in contrasting landscapes contribute to conserve plant species of dry calcareous grasslands?,10.1016/j.scitotenv.2015.12.051
1418,Scopus or WoS,FALSE,Unsuitable intervention,2011,"Obrist M.K., Rathey E., Bontadina F., Martinoli A., Conedera M., Christe P., Moretti M.",Response of bat species to sylvo-pastoral abandonment,10.1016/j.foreco.2010.12.010
1419,Scopus or WoS,FALSE,Unsuitable intervention,2005,"O'Neal M.E., Mason K.S., Isaacs R.",Seasonal abundance of ground beetles in highbush blueberry (Vaccinium corymbosum) fields and response to a reduced-risk insecticide program,10.1603/0046-225X-34.2.378
1420,Scopus or WoS,TRUE,NA,2015,"Palomares-Rius J.E., Castillo P., Montes-Borrego M., Navas-Cortés J.A., Landa B.B.",Soil Properties and Olive Cultivar Determine the Structure and Diversity of Plant-Parasitic Nematode Communities Infesting Olive Orchards Soils in Southern Spain,10.1371/journal.pone.0116890
1421,Scopus or WoS,FALSE,Unavailable study,1995,"Paoletti M.G., Schweigl U., Favretto M.R.","Soil macroinvertebrates, heavy metals and organochlorines in low and high input apple orchards and a coppiced woodland",NA
1422,Scopus or WoS,FALSE,Unsuitable population,1995,"Pearsall I.A., Walde S.J.","A Comparison of epigaeic coleoptera assemblages in organic, conventional. and abandoned orchards in nova scotia, canada",10.4039/Ent127641-5
1423,Scopus or WoS,FALSE,Unsuitable population,1999,Pekár S.,Effect of IPM practices and conventional spraying on spider population dynamics in an apple orchard,10.1016/S0167-8809(99)00024-9
1424,Scopus or WoS,FALSE,Missing data,1999,Pekár S.,"Side-effect of integrated pest management and conventional spraying on the composition of epigeic spiders and harvestmen in an apple orchard (Araneae, Opiliones)",10.1046/j.1439-0418.1999.00324.x
1425,Scopus or WoS,FALSE,Unsuitable intervention,2009,"Sabbatini Peverieri G., Simoni S., Goggioli D., Liguori M., Castagnoli M.",Effects of variety and management practices on mite species diversity in Italian vineyards,NA
1426,Scopus or WoS,FALSE,Unsuitable intervention,2016,"Picchi M.S., Bocci G., Petacchi R., Entling M.H.",Effects of local and landscape factors on spiders and olive fruit flies,10.1016/j.agee.2016.01.045
1427,Scopus or WoS,FALSE,Unsuitable intervention,2015,"Pokharel R., Marahatta S.P., Handoo Z.A., Chitwood D.J.","Nematode community structures in different deciduous tree fruits and grape in Colorado, USA and impact of organic peach and apple production practices",10.1016/j.ejsobi.2015.02.003
1428,Scopus or WoS,FALSE,Unsuitable intervention,2013,"Porcel M., Ruano F., Cotes B., Peña A., Campos M.",Agricultural Management Systems Affect the Green Lacewing Community (Neuroptera: Chrysopidae) in Olive Orchards in Southern Spain,10.1603/EN11338
1429,Scopus or WoS,FALSE,Unsuitable population,2006,"Potts S.G., Petanidou T., Roberts S., O'Toole C., Hulbert A., Willmer P.",Plant-pollinator biodiversity and pollination services in a complex Mediterranean landscape,10.1016/j.biocon.2005.11.019
1430,Scopus or WoS,FALSE,Unavailable study,2005,"Prischmann D.A., James D.G., Gingras S.N., Snyder W.E.",Diversity and abundance of insects and spiders on managed and unmanaged grapevines in southcentral Washington State,NA
1431,Scopus or WoS,FALSE,Unsuitable intervention,2005,"Prischmann D.A., James D.G., Snyder W.E.","Impact of management intensity on mites (Acari : Tetranychidae, Phytoseiidae) in southcentral Washington wine grapes",10.1080/01647950508684432
1432,Scopus or WoS,FALSE,Unsuitable intervention,2006,"Purin S., Filho O.K., Stürmer S.L.",Mycorrhizae activity and diversity in conventional and organic apple orchards from Brazil,10.1016/j.soilbio.2005.12.008
1433,Scopus or WoS,FALSE,Unsuitable intervention,2014,"Radic T., Likar M., Hancevic K., Bogdanovic I., Paskovic I.",Occurrence of root endophytic fungi in organic versus conventional vineyards on the Croatian coast,10.1016/j.agee.2014.04.008
1434,Scopus or WoS,FALSE,Unsuitable intervention,2009,"Ricci B., Franck P., Toubon J.-F., Bouvier J.-C., Sauphanor B., Lavigne C.",The influence of landscape on insect pest dynamics: a case study in southeastern France,10.1007/s10980-008-9308-6
1435,Scopus or WoS,FALSE,Unsuitable outcomes,2006,"Round P.D., Gale G.A., Brockelman W.Y.","A comparison of bird communities in mixed fruit orchards and natural forest at Khao Luang, southern Thailand",10.1007/s10531-005-2006-7
1436,Scopus or WoS,FALSE,Unsuitable intervention,2004,"Ruano F., Lozano C., Garcia P., Peña A., Tinaut A., Pascual F., Campos M.",Use of arthropods for the evaluation of the olive-orchard management regimes,10.1111/j.1461-9555.2004.00210.x
1437,Scopus or WoS,FALSE,Duplicate,2007,"Scalercio S., Iannotta N., Brandmayr P.",The role of semi-natural and abandoned vegetation patches in sustaining lepidopteran diversity in an organic olive orchard,NA
1438,Scopus or WoS,FALSE,Unsuitable intervention,2013,"Solomou A.D., Sfougaris A.I., Vavoulidou E.M., Csuzdi C.",Species Richness and Density of Earthworms in Relation to Soil Factors in Olive Orchard Production Systems in Central Greece,10.1080/00103624.2013.741904
1439,Scopus or WoS,FALSE,Unsuitable intervention,2011,"Solomou A., Sfougaris A.",Comparing conventional and organic olive groves in central Greece: plant and bird diversity and abundance,10.1017/S1742170511000111
1440,Scopus or WoS,FALSE,Unsuitable intervention,2014,"Sommaggio D., Burgio G.",The use of Syrphidae as functional bioindicator to compare vineyards with different managements,NA
1441,Scopus or WoS,FALSE,Unsuitable intervention,2011,"Sonoda S., Izumi Y., Kohara Y., Koshiyama Y., Yoshida H.",Effects of pesticide practices on insect biodiversity in peach orchards,10.1007/s13355-011-0041-2
1442,Scopus or WoS,FALSE,Unsuitable intervention,2006,"Sullivan T.P., Sullivan D.S.",Plant and small mammal diversity in orchard versus non-crop habitats,10.1016/j.agee.2006.02.010
1443,Scopus or WoS,FALSE,Unsuitable intervention,2014,"Szabó Á., Pénzes B., Sipos P., Hegyi T., Hajdú Z., Markó V.",Pest management systems affect composition but not abundance of phytoseiid mites (Acari: Phytoseiidae) in apple orchards,10.1007/s10493-013-9752-0
1444,Scopus or WoS,FALSE,Unsuitable intervention,2014,"Tamošiunas R., Valiuškaite A., Surviliene E., Duchovskiene L., Rasiukeviciute N.",Variety-specific population density and infestation levels of apple sawfly (Hoplocampa testudinea Klug) in two differently managed apple orchards in Lithuania,10.13080/z-a.2014.101.027
1445,Scopus or WoS,FALSE,Unsuitable intervention,2007,Trimble R.M.,Comparison of efficacy of pheromone dispensing technologies for controlling the grape berry moth (Lepidoptera : Tortricidae) by mating disruption,10.1093/jee/100.6.1815
1446,Scopus or WoS,FALSE,Unsuitable population,1991,"Trimble R.M., Vickers P.M., Ker K.W.","Potential of mating disruption using sex pheromone for controlling the grape berry moth, endopiza viteana (clemens) (lepidoptera: Tortricidae), in niagara peninsula, ontario vineyards",10.4039/Ent123451-3
1447,Scopus or WoS,FALSE,Unsuitable intervention,2001,"Trimble R.M., Pree D.J., Carter N.J.",Integrated control of oriental fruit moth (Lepidoptera : Tortricidae) in peach orchards using insecticide and mating disruption,10.1603/0022-0493-94.2.476
1448,Scopus or WoS,FALSE,Unsuitable intervention,2015,"Van Geel M., Ceustermans A., Van Hemelrijck W., Lievens B., Honnay O.",Decrease in diversity and changes in community composition of arbuscular mycorrhizal fungi in roots of apple trees with increasing orchard management intensity across a regional scale,10.1111/mec.13079
1449,Scopus or WoS,FALSE,Unsuitable intervention,2001,"Walker K.R., Welter S.C.",Potential for outbreaks of leafrollers (Lepidoptera : Tortricidae) in California apple orchards using mating disruption for codling moth suppression,10.1603/0022-0493-94.2.373
1450,Scopus or WoS,FALSE,Unsuitable outcomes,2015,"Wari D., Funayama K., Kishimoto H., Toyama M., Sonoda S.",Molecular verification of dispersal of phytoseiid mites from groundcover plants to tree leaves in Japanese peach orchards,10.1016/j.biocontrol.2014.10.002
1451,Scopus or WoS,FALSE,Unsuitable intervention,2005,"Williamson J.R., Johnson D.T.",Effects of grape berry moth management practices and landscape on arthropod diversity in grape vineyards in the southern United States,NA
1452,Scopus or WoS,FALSE,Unsuitable intervention,2009,"Hegazi E., Khafagi W.E., Konstantopoulou M., Raptopoulos D., Tawfik H., El-Aziz G.M.A., El-Rahman S.M.A., Atwa A., Aggamy E., Showeil S.",Efficient Mass-Trapping Method As an Alternative Tactic for Suppressing Populations of Leopard Moth (Lepidoptera: Cossidae),10.1603/008.102.0507
1453,Scopus or WoS,TRUE,NA,2016,"Meng J., Li L., Liu H., Li Y., Li C., Wu G., Yu X., Guo L., Cheng D., Muminov M.A., Liang X., Jiang G.",Biodiversity management of organic orchard enhances both ecological and economic profitability,10.7717/PEERJ.2137
1454,Scopus or WoS,FALSE,Unsuitable intervention,2014,Gamoun M.,Grazing intensity effects on the vegetation in desert rangelands of Southern Tunisia,10.1007/s40333-013-0202-y
1455,Scopus or WoS,FALSE,Unsuitable intervention,2014,"Hautier Y., Seabloom E.W., Borer E.T., Adler P.B., Harpole W.S., Hillebrand H., Lind E.M., MacDougall A.S., Stevens C.J., Bakker J.D., Buckley Y.M., Chu C., Collins S.L., Daleo P., Damschen E.I., Davies K.F., Fay P.A., Firn J., Gruner D.S., Jin V.L., Klein J.A., Knops J.M.H., La Pierre K.J., Li W., McCulley R.L., Melbourne B.A., Moore J.L., O'Halloran L.R., Prober S.M., Risch A.C., Sankaran M., Schuetz M., Hector A.",Eutrophication weakens stabilizing effects of diversity in natural grasslands,10.1038/nature13014
1456,Scopus or WoS,FALSE,Unsuitable intervention,2013,"Hedwall P.-O., Strengbom J., Nordin A.",Can thinning alleviate negative effects of fertilization on boreal forest floor vegetation?,10.1016/j.foreco.2013.08.040
1457,Scopus or WoS,FALSE,Unsuitable intervention,2013,"Yan X.L., Bao W.K., Pang X.Y., Zhang N.X., Chen J.",Regeneration strategies influence ground bryophyte composition and diversity after forest clearcutting,10.1007/s13595-013-0323-7
1458,Scopus or WoS,FALSE,Unsuitable intervention,2013,"Dickson T.L., Gross K.L.",Plant community responses to long-term fertilization: Changes in functional group abundance drive changes in species richness,10.1007/s00442-013-2722-8
1459,Scopus or WoS,FALSE,Unsuitable intervention,2013,"Gourlet-Fleury S., Mortier F., Fayolle A., Baya F., Ouédraogo D., Bénédet F., Picard N.",Tropical forest recovery from logging: A 24 year silvicultural experiment from Central Africa,10.1098/rstb.2012.0302
1460,Scopus or WoS,FALSE,Unsuitable intervention,2013,"Boch S., Prati D., Müller J., Socher S., Baumbach H., Buscot F., Gockel S., Hemp A., Hessenmöller D., Kalko E.K.V., Linsenmair K.E., Pfeiffer S., Pommer U., Schöning I., Schulze E.-D., Seilwinder C., Weisser W.W., Wells K., Fischer M.",High plant species richness indicates management-related disturbances rather than the conservation status of forests,10.1016/j.baae.2013.06.001
1461,Scopus or WoS,FALSE,Unsuitable intervention,2013,"Klaus V.H., Kleinebecker T., Prati D., Gossner M.M., Alt F., Boch S., Gockel S., Hemp A., Lange M., Müller J., Oelmann Y., Pašalic E., Renner S.C., Socher S.A., Türke M., Weisser W.W., Fischer M., Hölzel N.",Does organic grassland farming benefit plant and arthropod diversity at the expense of yield and soil fertility?,10.1016/j.agee.2013.05.019
1462,Scopus or WoS,FALSE,Unsuitable intervention,2013,"Norvez O., Hébert C., Bélanger L.","Impact of salvage logging on stand structure and beetle diversity in boreal balsam fir forest, 20 years after a spruce budworm outbreak",10.1016/j.foreco.2013.03.018
1463,Scopus or WoS,TRUE,NA,2013,"Murrieta-Galindo R., González-Romero A., López-Barrera F., Parra-Olea G.","Coffee agrosystems: An important refuge for amphibians in central Veracruz, Mexico",10.1007/s10457-013-9595-z
1464,Scopus or WoS,FALSE,Unsuitable outcomes,2013,"Boreux V., Kushalappa C.G., Vaast P., Ghazoul J.",Interactive effects among ecosystem services and management practices on crop production: Pollination in coffee agroforestry systems,10.1073/pnas.1210590110
1465,Scopus or WoS,FALSE,Unsuitable intervention,2013,"Sircely J., Naeem S.",Relationships of overstory trees and shrubs with forage species portray ecosystem service interactions in smallholder fallows,10.1007/s10457-012-9566-9
1466,Scopus or WoS,FALSE,Unsuitable intervention,2013,"Mudrák O., Doležal J., Hájek M., Dancák M., Klimeš L., Klimešová J.","Plant seedlings in a species-rich meadow: Effect of management, vegetation type and functional traits",10.1111/avsc.12001
1467,Scopus or WoS,FALSE,Unsuitable intervention,2013,"Ruan W.-B., Ren T., Chen Q., Zhu X., Wang J.-G.",Effects of conventional and reduced N inputs on nematode communities and plant yield under intensive vegetable production,10.1016/j.apsoil.2013.01.004
1468,Scopus or WoS,FALSE,Unsuitable intervention,2013,"Boch S., Prati D., Hessenmöller D., Schulze E.-D., Fischer M.","Richness of Lichen Species, Especially of Threatened Ones, Is Promoted by Management Methods Furthering Stand Continuity",10.1371/journal.pone.0055461
1469,Scopus or WoS,FALSE,Unsuitable intervention,2013,"Batáry P., Sutcliffe L., Dormann C.F., Tscharntke T.",Organic Farming Favours Insect-Pollinated over Non-Insect Pollinated Forbs in Meadows and Wheat Fields,10.1371/journal.pone.0054818
1470,Scopus or WoS,FALSE,Unsuitable intervention,2013,"Thompson I.D., Kirk D.A., Jastrebski C.",Does postharvest silviculture improve convergence of avian communities in managed and old-growth boreal forests?,10.1139/cjfr-2013-0104
1471,Scopus or WoS,FALSE,Unsuitable population,2013,"Adekunle V.A.J., Olagoke A.O., Ogundare L.F.",Timber exploitation rate in tropical rainforest ecosystem of southwest Nigeria and its implications on sustainable forest management,10.15666/aeer/1101_123136
1472,Scopus or WoS,TRUE,NA,2012,"Mastrangelo M.E., Gavin M.C.",Trade-Offs between Cattle Production and Bird Conservation in an Agricultural Frontier of the Gran Chaco of Argentina,10.1111/j.1523-1739.2012.01904.x
1473,Scopus or WoS,FALSE,Unsuitable intervention,2012,"Otto R., García-del-Rey E., Méndez J., Fernández-Palacios J.M.","Effects of thinning on seed rain, regeneration and understory vegetation in a Pinus canariensis plantation (Tenerife, Canary Islands)",10.1016/j.foreco.2012.05.027
1474,Scopus or WoS,FALSE,Unsuitable intervention,2012,"Imai N., Seino T., Aiba S., Takyu M., Titin J., Kitayama K.",Effects of selective logging on tree species diversity and composition of Bornean tropical rain forests at different spatial scales,10.1007/s11258-012-0100-y
1475,Scopus or WoS,FALSE,Unsuitable intervention,2012,"Edenius L., Mikusinski G., Witzell J., Bergh J.",Effects of repeated fertilization of young Norway spruce on foliar phenolics and arthropods: Implications for insectivorous birds' food resources,10.1016/j.foreco.2012.04.021
1476,Scopus or WoS,FALSE,Unsuitable intervention,2012,"Wan K., Tao Y., Li R., Pan J., Tang L., Chen F.",Influences of long-term different types of fertilization on weed community biodiversity in rice paddy fields,10.1111/j.1445-6664.2011.00430.x
1477,Scopus or WoS,FALSE,Unsuitable intervention,2012,"Edwards D.P., Woodcock P., Edwards F.A., Larsen T.H., Hsu W.W., Benedick S., Wilcove D.S.",Reduced-impact logging and biodiversity conservation: A case study from Borneo,10.1890/11-1362.1
1478,Scopus or WoS,FALSE,Missing data,2012,"Campiglia E., Radicetti E., Mancinelli R.",Weed control strategies and yield response in a pepper crop (Capsicum annuum L.) mulched with hairy vetch (Vicia villosa Roth.) and oat (Avena sativa L.) residues,10.1016/j.cropro.2011.09.016
1479,Scopus or WoS,FALSE,Unsuitable intervention,2012,"Müller J., Klaus V.H., Kleinebecker T., Prati D., Hölzel N., Fischer M.",Impact of land-use intensity and productivity on bryophyte diversity in agricultural grasslands.,10.1371/journal.pone.0051520
1480,Scopus or WoS,FALSE,Unsuitable intervention,2012,"Seiwa K., Eto Y., Hishita M., Masaka K.",Effects of thinning intensity on species diversity and timber production in a conifer (Cryptomeria japonica) plantation in Japan,10.1007/s10310-011-0316-z
1481,Scopus or WoS,FALSE,Unsuitable intervention,2011,"Vintu V., Samuil C., Sirbu C., Popovici C.I., Stavarache M.",Napoca sustainable management of Nardus stricta L. grasslands in Romania's Carpathians,NA
1482,Scopus or WoS,FALSE,Unsuitable intervention,2011,"Lomba A., Vicente J., Moreira F., Honrado J.",Effects of multiple factors on plant diversity of forest fragments in intensive farmland of Northern Portugal,10.1016/j.foreco.2011.08.014
1483,Scopus or WoS,FALSE,Unsuitable intervention,2011,"Paradis S., Work T.T.",Partial cutting does not maintain spider assemblages within the observed range of natural variability in Eastern Canadian black spruce forests,10.1016/j.foreco.2011.08.032
1484,Scopus or WoS,FALSE,Unsuitable intervention,2011,"Sasaki T., Yoshihara Y., Suyama Y., Nakashizuka T.",Clipping stimulates productivity but not diversity in improved and semi-natural pastures in temperate Japan,10.1016/j.agee.2011.06.009
1485,Scopus or WoS,FALSE,Unsuitable intervention,2011,"Schon N.L., Mackay A.D., Gray R.A.J., Minor M.A.",Influence of phosphorus inputs and sheep treading on soil macrofauna and mesofauna in hill pastures,10.1080/00288233.2011.558904
1486,Scopus or WoS,FALSE,Unsuitable intervention,2011,"Chizinski C.J., Peterson A., Hanowski J., Blinn C.R., Vondracek B., Niemi G.",Breeding bird response to partially harvested riparian management zones,10.1016/j.foreco.2011.02.012
1487,Scopus or WoS,FALSE,Unsuitable intervention,2011,Summerville K.S.,Managing the forest for more than the trees: Effects of experimental timber harvest on forest Lepidoptera,10.1890/10-0715.1
1488,Scopus or WoS,FALSE,Unsuitable intervention,2011,"Slade E.M., Mann D.J., Lewis O.T.",Biodiversity and ecosystem function of tropical forest dung beetles under contrasting logging regimes,10.1016/j.biocon.2010.08.011
1489,Scopus or WoS,FALSE,Unsuitable intervention,2010,"Scursoni J.A., Satorre E.H.","Glyphosate management strategies, weed diversity and soybean yield in Argentina",10.1016/j.cropro.2010.05.001
1490,Scopus or WoS,FALSE,Unsuitable intervention,2010,"Hejcman M., Cešková M., Schellberg J., Pätzold S.","The Rengen grassland experiment: Effect of soil chemical properties on biomass production, plant species composition and species richness",10.1007/s12224-010-9062-9
1491,Scopus or WoS,FALSE,Unsuitable intervention,2010,"Tozer D.C., Burke D.M., Nol E., Elliott K.A.",Short-term effects of group-selection harvesting on breeding birds in a northern hardwood forest,10.1016/j.foreco.2010.01.028
1492,Scopus or WoS,FALSE,Missing data,2010,"Schmitt C.B., Senbeta F., Denich M., Preisinger H., Boehmer H.J.",Wild coffee management and plant diversity in the montane rainforest of southwestern Ethiopia,10.1111/j.1365-2028.2009.01084.x
1493,Scopus or WoS,FALSE,Unsuitable intervention,2009,"Cop J., Vidrih M., Hacin J.","Influence of cutting regime and fertilizer application on the botanical composition, yield and nutritive value of herbage of wet grasslands in Central Europe",10.1111/j.1365-2494.2009.00713.x
1494,Scopus or WoS,FALSE,Unsuitable intervention,2009,"Lanta V., Doležal J., Lantová P., Kelíšek J., Mudrák O.",Effects of pasture management and fertilizer regimes on botanical changes in species-rich mountain calcareous grassland in Central Europe,10.1111/j.1365-2494.2009.00709.x
1495,Scopus or WoS,FALSE,Unsuitable intervention,2009,"Gross N., Bloor J.M.G., Louault F., Maire V., Soussana J.-F.",Effects of land-use change on productivity depend on small-scale plant species diversity,10.1016/j.baae.2009.09.001
1496,Scopus or WoS,FALSE,Unsuitable intervention,2009,"Mayer R., Kaufmann R., Vorhauser K., Erschbamer B.",Effects of grazing exclusion on species composition in high-altitude grasslands of the Central Alps,10.1016/j.baae.2008.10.004
1497,Scopus or WoS,FALSE,Unsuitable intervention,2009,"van Eekeren N., de Boer H., Bloem J., Schouten T., Rutgers M., de Goede R., Brussaard L.",Soil biological quality of grassland fertilized with adjusted cattle manure slurries in comparison with organic and inorganic fertilizers,10.1007/s00374-009-0370-2
1498,Scopus or WoS,FALSE,Unsuitable intervention,2009,"González-Alday J., Martínez-Ruiz C., Bravo F.","Evaluating different harvest intensities over understory plant diversity and pine seedlings, in a Pinus pinaster Ait. natural stand of Spain",10.1007/s11258-008-9490-2
1499,Scopus or WoS,FALSE,Unsuitable outcomes,2009,"Mosquera-Losada M.R., Rodríguez-Barreira S., López-Díaz M.L., Fernández-Núñez E., Rigueiro-Rodríguez A.",Biodiversity and silvopastoral system use change in very acid soils,10.1016/j.agee.2009.02.005
1500,Scopus or WoS,FALSE,Unsuitable intervention,2008,"Cole H.A., Newmaster S.G., Lanteigne L., Pitt D.","Long-term outcome of precommercial thinning on floristic diversity in north western New Brunswick, Canada",10.3832/ifor0470-0010145
1501,Scopus or WoS,FALSE,Unsuitable intervention,2008,"Wampler C.R., Frey J.K., VanLeeuwen D.M., Boren J.C., Baker T.T.","Mammals in mechanically thinned and non-thinned mixed-coniferous forest in the Sacramento Mountains, New Mexico",10.1894/CLG-10.1
1502,Scopus or WoS,FALSE,Unsuitable intervention,2008,"Chen J., Yamamura Y., Hori Y., Shiyomi M., Yasuda T., Zhou H.-K., Li Y.-N., Tang Y.-H.",Small-scale species richness and its spatial variation in an alpine meadow on the Qinghai-Tibet Plateau,10.1007/s11284-007-0423-7
1503,Scopus or WoS,FALSE,Unsuitable intervention,2008,"Kramberger B., Kaligaric M.",Semi-natural grasslands: The effects of cutting frequency on long-term changes of floristic composition,NA
1504,Scopus or WoS,FALSE,Unsuitable intervention,2008,"Pérez-Ramos I.M., Zavala M.A., Marañón T., Díaz-Villa M.D., Valladares F.",Dynamics of understorey herbaceous plant diversity following shrub clearing of cork oak forests: A five-year study,10.1016/j.foreco.2008.01.069
1505,Scopus or WoS,TRUE,NA,2008,"Sirrine JR., Letourneau D.K., Shennan C., Sirrine D., Fouch R., Jackson L., Mages A.","Impacts of groundcover management systems on yield, leaf nutrients, weeds, and arthropods of tart cherry in Michigan, USA",10.1016/j.agee.2008.01.005
1506,Scopus or WoS,FALSE,Unsuitable intervention,2008,"Müller J., Bußler H., Kneib T.",Saproxylic beetle assemblages related to silvicultural management intensity and stand structures in a beech forest in Southern Germany,10.1007/s10841-006-9065-2
1507,Scopus or WoS,FALSE,Unsuitable intervention,2008,"Sullivan T.P., Sullivan D.S., Lindgren P.M.F.",Influence of variable retention harvests on forest ecosystems: Plant and mammal responses up to 8 years post-harvest,10.1016/j.foreco.2007.08.005
1508,Scopus or WoS,FALSE,Unsuitable intervention,2008,"Krogmann U., Rogers B.F., Kumudini S.","Effects of Mulching Blueberry Plants With Cranberry Fruits and Leaves On Yield, Nutrient Uptake and Weed Suppression",10.1080/1065657X.2008.10702383
1509,Scopus or WoS,FALSE,Unsuitable intervention,2007,"Beltman B., Willems J.H., Güsewell S.",Flood events overrule fertiliser effects on biomass production and species richness in riverine grasslands,10.1658/1100-9233(2007)18[625:FEOFEO]2.0.CO;2
1510,Scopus or WoS,FALSE,Unsuitable intervention,2007,"Müller J., Engel H., Blaschke M.",Assemblages of wood-inhabiting fungi related to silvicultural management intensity in beech forests in southern Germany,10.1007/s10342-007-0173-7
1511,Scopus or WoS,FALSE,Unsuitable intervention,2007,"Toivanen T., Kotiaho J.S.",Mimicking natural disturbances of boreal forests: The effects of controlled burning and creating dead wood on beetle diversity,10.1007/s10531-007-9172-8
1512,Scopus or WoS,FALSE,Unsuitable population,2007,"Isselstein J., Griffith B.A., Pradel P., Venerus S.",Effects of livestock breed and grazing intensity on biodiversity and production in grazing systems. 1. Nutritive value of herbage and livestock performance,10.1111/j.1365-2494.2007.00571.x
1513,Scopus or WoS,FALSE,Unsuitable intervention,2007,"Grimbacher P.S., Catterall C.P., Kanowski J., Proctor H.C.",Responses of ground-active beetle assemblages to different styles of reforestation on cleared rainforest land,10.1007/s10531-006-9146-2
1514,Scopus or WoS,FALSE,Unsuitable intervention,2007,"Lei X., Lu Y., Peng C., Zhang X., Chang J., Hong L.",Growth and structure development of semi-natural larch-spruce-fir (Larix olgensis-Picea jezoensis-Abies nephrolepis) forests in northeast China: 12-year results after thinning,10.1016/j.foreco.2006.12.019
1515,Scopus or WoS,FALSE,Unsuitable intervention,2007,"Boncina A., Kadunc A., Robic D.",Effects of selective thinning on growth and development of beech (Fagus sylvatica L.) forest stands in south-eastern Slovenia,10.1051/forest:2006087
1516,Scopus or WoS,FALSE,Unsuitable intervention,2007,Rotenberg J.A.,Ecological role of a tree (Gmelina arborea) plantation in Guatemala: an assessment of an alternative land use for tropical avian conservation,10.1642/0004-8038(2007)124[316:EROATG]2.0.CO;2
1517,Scopus or WoS,FALSE,Unsuitable intervention,2006,"Kern C.C., Palik B.J., Strong T.F.",Ground-layer plant community responses to even-age and uneven-age silvicultural treatments in Wisconsin northern hardwood forests,10.1016/j.foreco.2006.03.034
1518,Scopus or WoS,FALSE,Unsuitable intervention,2006,"Wang K.-H., McSorley R., Bohlen P., Gathumbi S.M.",Cattle grazing increases microbial biomass and alters soil nematode communities in subtropical pastures,10.1016/j.soilbio.2005.12.019
1519,Scopus or WoS,FALSE,Unsuitable population,2005,"Kaur K., Jalota R.K., Midmore D.J., Rolfe J.","Pasture production in cleared and uncleared grazing systems of central Queensland, Australia",10.1071/RJ05012
1520,Scopus or WoS,FALSE,Unsuitable intervention,2005,"Etcheverry P., Ouellet J.-P., Crête M.",Response of small mammals to clear-cutting and precommercial thinning in mixed forests of southeastern Quebec,10.1139/x05-208
1521,Scopus or WoS,FALSE,Unsuitable intervention,2005,"Nagaike T., Kamitani T., Nakashizuka T.",Effects of different forest management systems on plant species diversity in a Fagus crenata forested landscape of central Japan,10.1139/x05-200
1522,Scopus or WoS,FALSE,Unsuitable intervention,2005,"Clarke F.M., Pio D.V., Racey P.A.",A comparison of logging systems and bat diversity in the neotropics,10.1111/j.1523-1739.2005.004165.x
1523,Scopus or WoS,FALSE,Unsuitable intervention,2005,"Haeussler S., Kabzems R.",Aspen plant community response to organic matter removal and soil compaction,10.1139/x05-133
1524,Scopus or WoS,FALSE,Unsuitable intervention,2005,Holbech L.H.,The implications of selective logging and forest fragmentation for the conservation of avian diversity in evergreen forests of south-west Ghana,10.1017/S0959270905000031
1525,Scopus or WoS,FALSE,Unsuitable intervention,2004,"Decocq G., Aubert M., Dupont F., Alard D., Saguez R., Wattez-Franger A., De Foucault B., Delelis-Dusollier A., Bardat J.",Plant diversity in a managed temperate deciduous forest: Understorey response to two silvicultural systems,10.1111/j.0021-8901.2004.00960.x
1526,Scopus or WoS,FALSE,Unsuitable intervention,2004,"Laiolo P., Caprio E., Rolando A.",Can forest management have season-dependent effects on bird diversity?,10.1023/B:BIOC.0000035874.22210.8d
1527,Scopus or WoS,FALSE,Unsuitable intervention,2004,"Hylander K., Nilsson C., Göthner T.",Effects of buffer-strip retention and clearcutting on land snails in boreal riparian forests,10.1111/j.1523-1739.2004.00199.x
1528,Scopus or WoS,FALSE,Unsuitable population,2004,"Haysom K.A., McCracken D.I., Foster G.N., Sotherton N.W.",Developing grassland conservation headlands: Response of carabid assemblage to different cutting regimes in a silage field edge,10.1016/j.agee.2003.09.014
1529,Scopus or WoS,FALSE,Unsuitable intervention,2004,"Penttilä R., Siitonen J., Kuusinen M.",Polypore diversity in managed and old-growth boreal Picea abies forests in southern Finland,10.1016/j.biocon.2003.12.007
1530,Scopus or WoS,FALSE,Unsuitable intervention,2004,"Maeto K., Sato S.",Impacts of forestry on ant species richness and composition in warm-temperate forests of Japan,10.1016/S0378-1127(03)00333-5
1531,Scopus or WoS,FALSE,Unsuitable population,2003,"Dolanc C.R., Gorchov D.L., Cornejo F.",The effects of silvicultural thinning on trees regenerating in strip clear-cuts in the Peruvian Amazon,10.1016/S0378-1127(03)00012-4
1532,Scopus or WoS,FALSE,Unsuitable population,2003,"Van Gemerden B.S., Shu G.N., Olff H.",Recovery of conservation values in Central African rain forest after logging and shifting cultivation,10.1023/A:1023603813163
1533,Scopus or WoS,FALSE,Unsuitable intervention,2003,"Økland T., Rydgren K., Økland R.H., Storaunet K.O., Rolstad J.","Variation in environmental conditions, understorey species number, abundance and composition among natural and managed Picea abies forest stands",10.1016/S0378-1127(02)00331-6
1534,Scopus or WoS,FALSE,Missing data,2003,"Jones D.T., Susilo F.X., Bignell D.E., Hardiwinoto S., Gillison A.N., Eggleton P.","Termite assemblage collapse along a land-use intensification gradient in lowland central Sumatra, Indonesia",10.1046/j.1365-2664.2003.00794.x
1535,Scopus or WoS,FALSE,Unsuitable population,2002,"Boström U., Fogelfors H.",Long-term effects of herbicide-application strategies on weeds and yield in spring-sown cereals,10.1614/0043-1745(2002)050[0196:LTEOHA]2.0.CO;2
1536,Scopus or WoS,FALSE,Unsuitable intervention,2002,"Sullivan T.P., Sullivan D.S., Lindgren P.M.F., Boateng J.O.",Influence of conventional and chemical thinning on stand structure and diversity of plant and mammal communities in young lodgepole pine forest,10.1016/S0378-1127(01)00775-7
1537,Scopus or WoS,FALSE,Unsuitable population,2002,"Parrotta J.A., Francis J.K., Knowles O.H.",Harvesting intensity affects forest structure and composition in an upland Amazonian forest,10.1016/S0378-1127(01)00758-7
1538,Scopus or WoS,FALSE,Unsuitable population,2002,Sekercioglu C.H.,"Effects of forestry practices on vegetation structure and bird community of Kibale National Park, Uganda",10.1016/S0006-3207(02)00097-6
1539,Scopus or WoS,FALSE,Unsuitable population,2002,Ghazoul J.,Impact of logging on the richness and diversity of forest butterflies in a tropical dry forest in Thailand,10.1023/A:1014812701423
1540,Scopus or WoS,FALSE,Unsuitable population,2002,"Summerville K.S., Crist T.O.","Effects of timber harvest on forest Lepidoptera: Community, guild, and species responses",10.1890/1051-0761(2002)012[0820:EOTHOF]2.0.CO;2
1541,Scopus or WoS,FALSE,Unsuitable intervention,2002,"Sippola A.-L., Siitonen J., Punttila P.",Beetle diversity in timberline forests: A comparison between old-growth and regeneration areas in Finnish Lapland,NA
1542,Scopus or WoS,FALSE,Unsuitable intervention,2002,"Crow T.R., Buckley D.S., Nauertz E.A., Zasada J.C.",Effects of management on the composition and structure of northern hardwood forests in upper Michigan,NA
1543,Scopus or WoS,FALSE,Unsuitable intervention,2001,"Freemark K.E., Kirk D.A.",Birds on organic and conventional farms in Ontario: Partitioning effects of habitat and practices on species composition and abundance,10.1016/S0006-3207(01)00079-9
1544,Scopus or WoS,FALSE,Unsuitable population,2001,"Battles J.J., Shlisky A.J., Barrett R.H., Heald R.C., Allen-Diaz B.H.",The effects of forest management on plant species diversity in a Sierran conifer forest,10.1016/S0378-1127(00)00463-1
1545,Scopus or WoS,FALSE,Unsuitable population,2001,"Sullivan T.P., Sullivan D.S., Lindgren P.M.F.",Stand structure and small mammals in young lodgepole pine forest: 10-year results after thinning,10.1890/1051-0761(2001)011[1151:SSASMI]2.0.CO;2
1546,Scopus or WoS,FALSE,Unsuitable population,2000,"Smith R.S., Shiel R.S., Millward D., Corkhill P.",The interactive effects of management on the productivity and plant community structure of an upland meadow: An 8-year field trial,10.1046/j.1365-2664.2000.00566.x
1547,Scopus or WoS,FALSE,Unsuitable intervention,2000,"Vasseur L., Cloutier C., Ansseau C.",Effects of repeated sewage sludge application on plant community diversity and structure under agricultural field conditions on Podzolic soils in eastern Quebec,10.1016/S0167-8809(00)00158-4
1548,Scopus or WoS,FALSE,Missing data,1999,"Wardle D.A., Nicholson K.S., Bonner K.I., Yeates G.W.","Effects of agricultural intensification on soil-associated arthropod population dynamics, community structure, diversity and temporal variability over a seven-year period",10.1016/S0038-0717(99)00089-9
1549,Scopus or WoS,FALSE,Unsuitable intervention,1999,"Boström U., Fogelfors H.",Type and time of autumn tillage with and without herbicides at reduced rates in southern Sweden. 2. Weed flora and diversity,10.1016/S0167-1987(99)00017-3
1550,Scopus or WoS,FALSE,Unsuitable intervention,1999,"Higgins S.I., Shackleton C.M., Robinson E.R.","Changes in woody community structure and composition under constrasting landuse systems in a semi-arid savanna, South Africa",10.1046/j.1365-2699.1999.t01-1-00317.x
1551,Scopus or WoS,FALSE,Missing data,1999,Parthasarathy N.,"Tree diversity and distribution in undisturbed and human-impacted sites of tropical wet evergreen forest in southern Western Ghats, India",10.1023/A:1008949407385
1552,Scopus or WoS,FALSE,Unsuitable population,1999,"Greenberg C.H., Thomas M.C.",Effects of forest management practices on terrestrial coleopteran assemblages in sand pine scrub,NA
1553,Scopus or WoS,FALSE,Unsuitable population,1998,"Jenkins M.A., Parker G.R.",Composition and diversity of woody vegetation in silvicultural openings of southern Indiana forests,10.1016/S0378-1127(98)00256-4
1554,Scopus or WoS,FALSE,Unsuitable population,1997,"Baker M.D., Lacki M.J.",Short-term changes in bird communities in response to silvicultural prescriptions,10.1016/S0378-1127(97)00052-2
1555,Scopus or WoS,FALSE,Unsuitable population,1997,"Annand E.M., Thompson III F.R.",Forest bird response to regeneration practices in central hardwood forests,10.2307/3802425
1556,Scopus or WoS,FALSE,Unsuitable population,1996,"Oomes M.J.M., Van der Werf A.",Restoration of species diversity in grasslands: The effect of grassland management and changes in ground water level,10.1080/12538078.1996.10515741
1557,Scopus or WoS,FALSE,Unsuitable population,1995,"Greenberg C.H., Harris L.D., Neary D.G.","A comparison of bird communities in burned and salvage-logged, clearcut, and forested Florida sand pine scrub",NA
1558,Scopus or WoS,FALSE,Unsuitable intervention,1994,"Smith R.S., Rushton S.P.",The effects of grazing management on the vegetation of mesotrophic (meadow) grassland in Northern England,10.2307/2404595
1559,Previous meta-analysis,FALSE,Unsuitable population,2007,"Greenleaf S.S., Williams N.M., Winfree R., Kremen C.",Bee foraging ranges and their relationship to body size,10.1007/s00442-007-0752-9
1560,Scopus or WoS,FALSE,Unsuitable context,2006,"Lanta V., Lepš J.",Effect of functional group richness and species richness in manipulated productivity-diversity studies: A glasshouse pot experiment,10.1016/j.actao.2005.08.003
1561,Scopus or WoS,FALSE,Unsuitable population,2005,"Van Ruijven J., Berendse F.","Diversity-productivity relationships: Initial effects, long-term patterns, and underlying mechanisms",10.1073/pnas.0407524102
1562,Scopus or WoS,FALSE,Unsuitable population,2005,"Spehn E.M., Hector A., Joshi J., Scherer-Lorenzen M., Schmid B., Bazeley-White E., Beierkuhnlein C., Caldeira M.C., Diemer M., Dimitrakopoulos P.G., Finn J.A., Freitas H., Giller P.S., Good J., Harris R., Högberg P., Huss-Danell K., Jumpponen A., Koricheva J., Leadley P.W., Loreau M., Minns A., Mulder C.P.H., O'Donovan G., Otway S.J., Palmborg C., Pereira J.S., Pfisterer A.B., Prinz A., Read D.J., Schulze E.-D., Siamantziouras A.-S.D., Terry A.C., Troumbis A.Y., Woodward F.I., Yachi S., Lawton J.H.",Ecosystem effects of biodiversity manipulations in european grasslands,10.1890/03-4101
1563,Scopus or WoS,FALSE,Unsuitable population,2004,"Van Peer L., Nijs I., Reheul D., De Cauwer B.",Species richness and susceptibility to heat and drought extremes in synthesized grassland ecosystems: Compositional vs physiological effects,10.1111/j.0269-8463.2004.00901.x
1564,Scopus or WoS,FALSE,Unsuitable population,2004,"Bret-Harte M.S., García E.A., Sacré V.M., Whorley J.R., Wagner J.L., Lippert S.C., Chapin III F.S.",Plant and soil responses to neighbour removal and fertilization in Alaskan tussock tundra,10.1111/j.0022-0477.2004.00902.x
1565,Scopus or WoS,FALSE,Unsuitable population,2004,"Dimitrakopoulos P.G., Schmid B.",Biodiversity effects increase linearly with biotope space,10.1111/j.1461-0248.2004.00607.x
1566,Scopus or WoS,FALSE,Unsuitable population,2004,"Wilsey B.J., Polley H.W.",Realistically low species evenness does not alter grassland species-richness-productivity relationships,10.1890/04-0245
1567,Scopus or WoS,FALSE,Unsuitable context,2003,"Wardle D.A., Yeates G.W., Williamson W., Bonner K.I.",The response of a three trophic level soil food web to the identity and diversity of plant species and functional groups,10.1034/j.1600-0706.2003.12481.x
1568,Scopus or WoS,FALSE,Unsuitable population,2003,"Callaway J.C., Sullivan G., Zedler J.B.",Species-rich plantings increase biomass and nitrogen accumulation in a wetland restoration experiment,10.1890/02-5144
1569,Scopus or WoS,FALSE,Unsuitable population,2003,"Gastine A., Roy J., Leadley P.W.",Plant biomass production and soil nitrogen in mixtures and monocultures of old field Mediterranean annuals,10.1016/S1146-609X(03)00044-4
1570,Scopus or WoS,FALSE,Unsuitable population,2002,Fridley J.D.,Resource availability dominates and alters the relationship between species diversity and ecosystem productivity in experimental plant communities,10.1007/s00442-002-0965-x
1571,Scopus or WoS,FALSE,Unsuitable context,2002,"Mikola J., Salonen V., Setälä H.",Studying the effects of plant species richness on ecosystem functioning: Does the choice of experimental design matter?,10.1007/s00442-002-1077-3
1572,Scopus or WoS,FALSE,Unsuitable population,2001,"Tilman D., Reich P.B., Knops J., Wedin D., Mielke T., Lehman C.",Diversity and productivity in a long-term grassland experiment,10.1126/science.1060391
1573,Scopus or WoS,FALSE,Unsuitable population,2001,"Mulder C.P.H., Uliassi D.D., Doak D.F.",Physical stress and diversity-productivity relationships: The role of positive interactions,10.1073/pnas.111055298
1574,Scopus or WoS,FALSE,Unsuitable population,2001,"Reich P.B., Knops J., Tilman D., Craine J., Ellsworth D., Tjoelker M., Lee T., Wedin D., Naeem S., Bahauddin D., Hendrey G., Jose S., Wrage K., Goth J., Bengston W.",Plant diversity enhances ecosystem responses to elevated CO2 and nitrogen deposition,10.1038/35071062
1575,Scopus or WoS,FALSE,Unsuitable population,2001,Dukes J.S.,Productivity and complementarity in grassland microcosms of varying diversity,10.1034/j.1600-0706.2001.940309.x
1576,Scopus or WoS,FALSE,Unsuitable population,1999,"Stocker R., Korner Ch., Schmid B., Niklaus P.A., Leadley P.W.",A field study of the effects of elevated CO2 and plant species diversity on ecosystem-level gas exchange in a planted calcareous grassland,10.1046/j.1365-2486.1998.00198.x
1577,Scopus or WoS,FALSE,Unsuitable population,1998,"Symstad A.J., Tilman D., Willson J., Knops J.M.H.",Species loss and ecosystem functioning: Effects of species identity and community composition,10.2307/3547058
1578,Scopus or WoS,FALSE,Unsuitable population,1996,"Tilman D., Wedin D., Knops J.",Productivity and sustainability influenced by biodiversity in grassland ecosystems,10.1038/379718a0
1579,Scopus or WoS,FALSE,Unsuitable population,1996,"Naeem S., Håkansson K., Lawton J.H., Crawley M.J., Thompson L.J.",Biodiversity and plant productivity in a model assemblage of plant species,10.2307/3546198
1580,Scopus or WoS,FALSE,Unsuitable population,1985,"Smith A., Allcock P.J.",The influence of species diversity on sward yield and quality,10.2307/2403336
1581,Previous meta-analysis,FALSE,Unsuitable context,2008,Lian Pin Koh  David S. Wilcove,Is oil palm agriculture really destroying tropical biodiversity?,10.1111/j.1755-263X.2008.00011.x
1582,Previous meta-analysis,FALSE,Missing data,2006,"Hassall M., Jones D.T., Taiti S., Latipi Z., Sutton S.L., Mohammed M.","Biodiversity and abundance of terrestrial isopods along a gradient of disturbance in Sabah, East Malaysia",10.1016/j.ejsobi.2006.07.002
1583,Previous meta-analysis,FALSE,Unsuitable intervention,2006,"Aratrakorn S., Thunhikorn S., Donald P.F.",Changes in bird communities following conversion of lowland forest to oil palm and rubber plantations in southern Thailand,10.1017/S0959270906000062
1584,Previous meta-analysis,FALSE,Unsuitable intervention,2005,"Davis A.L.V., Philips T.K.",Effect of deforestation on a southwest Ghana dung beetle assemblage (Coleoptera: Scarabaeidae) at the periphery of Ankasa Conservation Area,10.1093/ee/34.5.1081
1585,Previous meta-analysis,FALSE,Unsuitable intervention,2005,"Peh K.S.-H., De Jong J., Sodhi N.S., Lim S.L.-H., Yap C.A.-M.",Lowland rainforest avifauna and human disturbance: Persistence of primary forest birds in selectively logged forests and mixed-rural habitats of southern Peninsular Malaysia,10.1016/j.biocon.2005.01.010
1586,Previous meta-analysis,FALSE,Unsuitable intervention,2001,"Lee H.L., Sodhi N.S., Elmqvist T.",Bee diversity along a disturbance gradient in tropical lowland forests of south-east Asia,10.1046/j.1365-2664.2001.00582.x
1587,Previous meta-analysis,FALSE,Unsuitable intervention,2000,"Chung A.Y.C., Eggleton P., Speight M.R., Hammond P.M., Chey V.K.","The diversity of beetle assemblages in different habitat types in Sabah, Malaysia",NA
1588,Previous meta-analysis,FALSE,Unsuitable intervention,1997,"Chang M.S., Hii J., Buttner P., Mansoor F.",Changes in abundance and behaviour of vector mosquitoes induced by land use during the development of an oil palm plantation in Sarawak,10.1016/S0035-9203(97)90248-0
1589,Previous meta-analysis,FALSE,Unsuitable intervention,1995,"Danielsen F., Heegaard M.",Impact of logging and plantation development on species diversity: a case study from Sumatra,NA
1590,Previous meta-analysis,FALSE,Missing data,1975,Room P.M.,"Diversity and organization of the ground foraging ant faunas of forest, grassland and tree crops in Papua New Guinea",10.1071/ZO9750071
1591,Previous meta-analysis,FALSE,Unsuitable intervention,1996,Bonavita P. and Chemini C,"Structures and indicator role of Carabid assemblages from wet areas of the province of Trento, Italian Alps (Coleoptera, Carabidae)",NA
1592,Previous meta-analysis,FALSE,Unsuitable population,2003,"Gobbi, M., Fontaneto, D., Guidali, F.",Carabid beetles (Insecta Coleoptera) in meadows in Lombardia (Italy) lowland,NA
1594,Scopus or WoS,FALSE,Unsuitable outcomes,2008,"Smith, Richard G.; Gross, Katherine L.; Robertson, G. Philip",Effects of crop diversity on agroecosystem function: Crop yield response,10.1007/s10021-008-9124-5
1595,Scopus or WoS,FALSE,Unsuitable population,2020,"Butsic V., Kuemmerle T., Pallud L., Helmstedt K.J., Macchi L., Potts M.D.",Aligning biodiversity conservation and agricultural production in heterogeneous landscapes,10.1002/eap.2057
1596,Scopus or WoS,FALSE,Unsuitable population,2020,"Tschora H., Cherubini F.",Co-benefits and trade-offs of agroforestry for climate change mitigation and other sustainability goals in West Africa,10.1016/j.gecco.2020.e00919
1597,Scopus or WoS,FALSE,Unsuitable outcomes,2020,"Butsic V., Kuemmerle T., Pallud L., Helmstedt K.J., Macchi L., Potts M.D.",Effects of the integration of mixed-cropping and rice–duck co-culture on rice yield and soil nutrients in southern China,10.1002/eap.2057
1598,Scopus or WoS,FALSE,Unsuitable population,2020,"Triviño-Tarradas P., Carranza-Cañadas P., Mesas-Carrascosa F.-J., Gonzalez-Sanchez E.J.",Evaluation of agricultural sustainability on a mixed vineyard and olive-grove farm in Southern Spain through the INSPIA model,10.3390/su12031090
1599,Scopus or WoS,FALSE,Unsuitable outcomes,2020,"Pakeman R.J., Brooker R.W., Karley A.J., Newton A.C., Mitchell C., Hewison R.L., Pollenus J., Guy D.C., Schöb C.",Increased crop diversity reduces the functional space available for weeds,10.1111/wre.12393
1600,Scopus or WoS,TRUE,NA,2020,"Rodríguez M.P., Domínguez A., Ferroni M.M., Wall L.G., Bedano J.C.",The diversification and intensification of crop rotations under no-till promote earthworm abundance and biomass,10.3390/agronomy10070919
1601,Scopus or WoS,FALSE,Unsuitable intervention,2019,"Smith J.C., Ghosh A., Hijmans R.J.",Agricultural intensification was associated with crop diversification in India (1947-2014),10.1371/journal.pone.0225555
1602,Scopus or WoS,FALSE,Unsuitable context,2019,"Moss C., Lukac M., Harris F., Outhwaite C.L., Scheelbeek P.F.D., Green R., Dangour A.D.",The effects of crop diversity and crop species on biological diversity in agricultural landscapes: A systematic review protocol [version 1; peer review: 1 approved with reservations],10.12688/wellcomeopenres.15343.1
1603,Scopus or WoS,FALSE,Unsuitable population,2007,"Peng J., Wang Y., Wu J., Chang Q., Zhang Y.","Evaluation for sustainable land use in mountain areas of Northwestern Yunnan Province, China",10.1007/s10661-006-9595-9
1604,Scopus or WoS,FALSE,Unsuitable outcomes,2020,"McKenna, Thomas P.; Koziol, Liz; Bever, James D.; Crews, Timothy E.; Sikes, Benjamin A.",Abiotic and biotic context dependency of perennial crop yield,10.1371/journal.pone.0234546
1605,Scopus or WoS,FALSE,Unsuitable outcomes,2020,"Satorre, Emilio H.; de la Fuente, Elba B.; Teresa Mas, M.; Suarez, Susana A.; Kruk, Betina C.; Guglielmini, Antonio C.; Verdu, Antoni M. C.",Crop rotation effects on weed communities of soybean (Glycine max L. Merr.) agricultural fields of the Flat Inland Pampa,10.1016/j.cropro.2019.105068
1606,Scopus or WoS,FALSE,Unsuitable context,2020,"Snyder, Lauren D.; Gomez, Miguel I.; Power, Alison G.","Crop Varietal Mixtures as a Strategy to Support Insect Pest Control, Yield, Economic, and Nutritional Services",10.3389/fsufs.2020.00060
1607,Scopus or WoS,FALSE,Unsuitable population,2020,"Stratton, Anne Elise; Kuhl, Laura; Blesh, Jennifer",Ecological and Nutritional Functions of Agroecosystems as Indicators of Smallholder Resilience,10.3389/fsufs.2020.543914
1608,Scopus or WoS,FALSE,Unsuitable intervention,2020,"Kraut-Cohen, Judith; Zolti, Avihai; Shaltiel-Harpaz, Liora; Argaman, Eli; Rabinovich, Rachel; Green, Stefan J.; Minz, Dror",Effects of tillage practices on soil microbiome and agricultural parameters,10.1016/j.scitotenv.2019.135791
1609,Scopus or WoS,FALSE,Unsuitable population,2020,"Serra, Anne-Antonella; Bittebiere, Anne-Kristel; Mony, Cendrine; Slimani, Kahina; Pallois, Frederique; Renault, David; Couee, Ivan; Gouesbet, Gwenola; Sulmon, Cecile",Local-scale dynamics of plant-pesticide interactions in a northern Brittany agricultural landscape,10.1016/j.scitotenv.2020.140772
1610,Scopus or WoS,FALSE,Unsuitable comparator,2020,"Rotches-Ribalta, Roser; Sans, Francesc Xavier; Mayer, Jochen; Mader, Paul",Long-term farming systems and last crop sown shape the species and functional composition of the arable weed seed bank,10.1111/avsc.12496
1611,Scopus or WoS,TRUE,NA,2020,"Wan N.-F., Su H., Cavalieri A., Brack B., Wang J.-Y., Weiner J., Fan N.-N., Ji X.-Y., Jiang J.-X.",Multispecies co-culture promotes ecological intensification of vegetable production,10.1016/j.jclepro.2020.120851
1612,Scopus or WoS,FALSE,Unsuitable intervention,2020,"Hood, Amelia S. C.; Advento, Andreas D.; Stone, Jake; Fayle, Tom M.; Fairnie, Alice L. M.; Waters, Helen S.; Foster, William A.; Snaddon, Jake L.; Ps, Sudharto; Caliman, Jean-Pierre; Naim, Mohammad; Turner, Edgar C.",Removing understory vegetation in oil palm agroforestry reduces ground-foraging ant abundance but not species richness,10.1016/j.baae.2020.07.002
1613,Scopus or WoS,FALSE,Unsuitable population,2020,"Razak, Syafiq A.; Saadun, Norzanalia; Azhar, Badrul; Lindenmayer, David B.",Smallholdings with high oil palm yield also support high bird species richness and diverse feeding guilds,10.1088/1748-9326/aba2a5
1614,Scopus or WoS,FALSE,Unsuitable intervention,2019,"Rossi, Elisabetta; Antichi, Daniele; Loni, Augusto; Canovai, Roberto; Sbrana, Massimo; Mazzoncini, Marco",Ground Beetle (Coleoptera: Carabidae) Assemblages and Slug Abundance in Agricultural Fields Under Organic and Low-Input Conventional Management Within a Long-Term Agronomic Trial in Central Italy,10.1093/ee/nvz119
1615,Scopus or WoS,FALSE,Unsuitable population,2013,"Karp D.S., Mendenhall C.D., Sandí R.F., Chaumont N., Ehrlich P.R., Hadly E.A., Daily G.C.","Forest bolsters bird abundance, pest control and coffee yield",10.1111/ele.12173
1616,Scopus or WoS,FALSE,Unsuitable context,2000,"Abate T., Van Huis A., Ampofo J.K.O.",Pest management strategies in traditional agriculture: An African perspective,10.1146/annurev.ento.45.1.631
1617,Scopus or WoS,FALSE,Unsuitable population,2013,"Maas B., Clough Y., Tscharntke T.",Bats and birds increase crop yield in tropical agroforestry landscapes,10.1111/ele.12194
1618,Scopus or WoS,FALSE,Unsuitable population,2010,"McKey D., Rostain S., Iriarte J., Glaser B., Birk J.J., Holst I., Renard D.","Pre-Columbian agricultural landscapes, ecosystem engineers, and self-organized patchiness in Amazonia",10.1073/pnas.0908925107
1619,Scopus or WoS,FALSE,Unsuitable context,2017,"Kovács-Hostyánszki A., Espíndola A., Vanbergen A.J., Settele J., Kremen C., Dicks L.V.",Ecological intensification to mitigate impacts of conventional intensive land use on pollinators and pollination,10.1111/ele.12762
1620,Scopus or WoS,FALSE,Unsuitable context,2006,"Birol E., Smale M., Gyovai Á.",Using a choice experiment to estimate farmers' valuation of agrobiodiversity on Hungarian small farms,10.1007/s10640-006-0009-9
1621,Scopus or WoS,FALSE,Unsuitable intervention,2016,"Xun W., Zhao J., Xue C., Zhang G., Ran W., Wang B., Shen Q., Zhang R.",Significant alteration of soil bacterial communities and organic carbon decomposition by different long-term fertilization management conditions of extremely low-productivity arable soil in South China,10.1111/1462-2920.13098
1622,Scopus or WoS,FALSE,Unsuitable population,2015,"Searchinger T.D., Estes L., Thornton P.K., Beringer T., Notenbaert A., Rubenstein D., Heimlich R., Licker R., Herrero M.",High carbon and biodiversity costs from converting Africa's wet savannahs to cropland,10.1038/nclimate2584
1623,Scopus or WoS,FALSE,Unsuitable context,2017,"Zhou X., Liu J., Wu F.",Soil microbial communities in cucumber monoculture and rotation systems and their feedback effects on cucumber seedling growth,10.1007/s11104-017-3181-5
1624,Scopus or WoS,FALSE,Unsuitable population,2014,"Lopes A.R., Manaia C.M., Nunes O.C.",Bacterial community variations in an alfalfa-rice rotation system revealed by 16S rRNA gene 454-pyrosequencing,10.1111/1574-6941.12253
1625,Scopus or WoS,FALSE,Unsuitable outcomes,2015,"Jonsson M., Straub C.S., Didham R.K., Buckley H.L., Case B.S., Hale R.J., Gratton C., Wratten S.D.",Experimental evidence that the effectiveness of conservation biological control depends on landscape complexity,10.1111/1365-2664.12489
1626,Scopus or WoS,FALSE,Unsuitable outcomes,2007,"Di Falco S., Chavas J.-P., Smale M.","Farmer management of production risk on degraded lands: The role of wheat variety diversity in the Tigray region, Ethiopia",10.1111/j.1574-0862.2007.00194.x
1627,Scopus or WoS,FALSE,Unsuitable context,2014,"Munroe J.W., Isaac M.E.",N2-fixing trees and the transfer of fixed-N for sustainable agroforestry: A review,10.1007/s13593-013-0190-5
1628,Scopus or WoS,FALSE,Missing data,2014,"De La Fuente E.B., Suárez S.A., Lenardis A.E., Poggio S.L.",Intercropping sunflower and soybean in intensive farming systems: Evaluating yield advantage and effect on weed and insect assemblages,10.1016/j.njas.2014.05.002
1629,Scopus or WoS,FALSE,Unsuitable population,2011,"Beuzelin J.M., Mészáros A., Reagan T.E., Wilson L.T., Way M.O., Blouin D.C., Showler A.T.",Seasonal infestations of two stem borers (Lepidoptera: Crambidae) in noncrop grasses of gulf coast rice agroecosystems,10.1603/EN11044
1630,Scopus or WoS,FALSE,Missing data,2016,"Niu J., Rang Z., Zhang C., Chen W., Tian F., Yin H., Dai L.",The succession pattern of soil microbial communities and its relationship with tobacco bacterial wilt,10.1186/s12866-016-0845-x
1631,Scopus or WoS,TRUE,NA,2012,"Zeller S.L., Kalinina O., Flynn D.F.B., Schmid B.",Mixtures of genetically modified wheat lines outperform monocultures,10.1890/11-0876.1
1632,Scopus or WoS,FALSE,Unsuitable outcomes,2018,"Sann C., Theodorou P., Heong K.L., Villareal S., Settele J., Vidal S., Westphal C.",Hopper parasitoids do not significantly benefit from non-crop habitats in rice production landscapes,10.1016/j.agee.2017.11.035
1633,Scopus or WoS,FALSE,Unsuitable intervention,2010,"Chen Y., Li Q., Chen Y., Wang S., Yang Y.","Lac-production, arthropod biodiversity and abundance, and pesticide use in Yunnan Province, China",NA
1634,Scopus or WoS,FALSE,Unsuitable population,2007,"Makowski D., Dore T., Gasquez J., Munier-Jolain N.",Modelling land use strategies to optimise crop production and protection of ecologically important weed species,10.1111/j.1365-3180.2007.00562.x
1635,Scopus or WoS,FALSE,Unsuitable context,2013,"Lewis T.D., Rowan J.S., Hawes C., McKenzie B.M.",Assessing the significance of soil erosion for arable weed seedbank diversity in agro-ecosystems,10.1177/0309133313491131
1636,Scopus or WoS,FALSE,Unavailable study,2010,"Malschi D., Tritean N., Serbanescu R.",Protective agroforestry belts and their environmental importance for sustainable agriculture development in transylvania,NA
1637,Scopus or WoS,TRUE,NA,2018,"Vu Q., Ramal A.F., Villegas J.M., Jamoralin A., Bernal C.C., Pasang J.M., Almazan M.L.P., Ramp D., Settele J., Horgan F.G.",Enhancing the parasitism of insect herbivores through diversification of habitat in Philippine rice fields,10.1007/s10333-018-0662-y
1638,Scopus or WoS,FALSE,Unsuitable intervention,2018,"Yi X., Yuan J., Zhu Y., Yi X., Zhao Q., Fang K., Cao L.",Comparison of the abundance and community structure of N-cycling bacteria in paddy rhizosphere soil under different rice cultivation patterns,10.3390/ijms19123772
1639,Scopus or WoS,TRUE,NA,2018,"Draghi W.O., Degrossi J., Bialer M., Brelles-Mariño G., Abdian P., Soler-Bistué A., Wall L., Zorreguieta A.",Biodiversity of cultivable Burkholderia species in Argentinean soils under no-till agricultural practices,10.1371/journal.pone.0200651
1640,Scopus or WoS,TRUE,NA,2018,"Wilson H., Wong J.S., Thorp R.W., Miles A.F., Daane K.M., Altieri M.A.",Summer Flowering Cover Crops Support Wild Bees in Vineyards,10.1093/ee/nvx197
1641,Scopus or WoS,FALSE,Unsuitable intervention,2017,"Adams P.R., III, Orr D.B., Arellano C., Cardoza Y.J.",Soil and foliar arthropod abundance and diversity in five cropping systems in the coastal plains of North Carolina,10.1093/ee/nvx081
1642,Scopus or WoS,TRUE,NA,2020,"Pardon P., Mertens J., Reubens B., Reheul D., Coussement T., Elsen A., Nelissen V., Verheyen K.","Juglans regia (walnut) in temperate arable agroforestry systems: Effects on soil characteristics, arthropod diversity and crop yield",10.1017/S1742170519000176
1643,Scopus or WoS,FALSE,Unsuitable intervention,2020,"Massaccesi L., Rondoni G., Tosti G., Conti E., Guiducci M., Agnelli A.",Soil functions are affected by transition from conventional to organic mulch-based cropping system,10.1016/j.apsoil.2020.103639
1644,Scopus or WoS,FALSE,Unsuitable context,2019,"Singh S.P., Singh M.K.",Mycorrhiza in sustainable crop production,10.1007/978-981-32-9783-8_22
1645,Scopus or WoS,TRUE,NA,2021,"Twerski A., Fischer C., Albrecht H.","Effects of rare arable plants on plant diversity, productivity and soil fertility in agricultural fields",10.1016/j.agee.2020.107237
1646,Scopus or WoS,FALSE,Unsuitable population,2020,Aigbedion-Atalor P.O.,"Weed or not a weed? Density, perceptions and management of Chromolaena odorata (Asteraceae) in West Africa: Voices from Ghana",10.1111/wre.12439
1647,Scopus or WoS,TRUE,NA,2020,"Segre H., Segoli M., Carmel Y., Shwartz A.",Experimental evidence of multiple ecosystem services and disservices provided by ecological intensification in Mediterranean agro-ecosystems,10.1111/1365-2664.13713
1648,Scopus or WoS,FALSE,Unsuitable outcomes,2020,"Clemente-Orta G., Albajes R., Achon M.A.","Early planting, management of edges and non-crop habitats reduce potyvirus infection in maize",10.1007/s13593-020-00625-4
1649,Scopus or WoS,FALSE,Unsuitable context,2020,"Kremen, C","Ecological intensification and diversification approaches to maintain biodiversity, ecosystem services and food production in a changing world",10.1042/ETLS20190205
1650,Scopus or WoS,FALSE,Unsuitable context,2020,"Albrecht, M; Kleijn, D; Williams, NM; Tschumi, M; Blaauw, BR; Bommarco, R; Campbell, AJ; Dainese, M; Drummond, FA; Entling, MH; Ganser, D; de Groot, GA; Goulson, D; Grab, H; Hamilton, H; Herzog, F; Isaacs, R; Jacot, K; Jeanneret, P; Jonsson, M; Knop, E; Kremen, C; Landis, DA; Loeb, GM; Marini, L; McKerchar, M; Morandin, L; Pfister, SC; Potts, SG; Rundlof, M; Sardinas, H; Sciligo, A; Thies, C; Tscharntke, T; Venturini, E; Veromann, E; Vollhardt, IMG; Wackers, F; Ward, K; Wilby, A; Woltz, M; Wratten, S; Sutter, L","The effectiveness of flower strips and hedgerows on pest control, pollination services and crop yield: a quantitative synthesis",10.1111/ele.13576
1651,Scopus or WoS,FALSE,Unsuitable context,2020,"Tahat, MM; Alananbeh, KM; Othman, YA; Leskovar, DI",Soil Health and Sustainable Agriculture,10.3390/su12124859
1652,Scopus or WoS,FALSE,Unsuitable context,2020,"Chen, XD; Dunfield, KE; Fraser, TD; Wakelin, SA; Richardson, AE; Condron, LM",Soil biodiversity and biogeochemical function in managed ecosystems,10.1071/SR19067
1653,Scopus or WoS,FALSE,Unsuitable intervention,2020,"Siebert, J; Ciobanu, M; Schadler, M; Eisenhauer, N",Climate change and land use induce functional shifts in soil nematode communities,10.1007/s00442-019-04560-4
1654,Scopus or WoS,FALSE,Unsuitable population,2019,"Lazaro, A; Alomar, D",Landscape heterogeneity increases the spatial stability of pollination services to almond trees through the stability of pollinator visits,10.1016/j.agee.2019.02.009
1655,Scopus or WoS,FALSE,Unsuitable population,2019,"Yang, L; Zhang, Q; Liu, B; Zeng, YD; Pan, YF; Li, ML; Lu, YH",Mixed effects of landscape complexity and insecticide use on ladybeetle abundance in wheat fields,10.1002/ps.5281
1656,Scopus or WoS,FALSE,Unsuitable outcomes,2018,"Grab, H; Poveda, K; Danforth, B; Loeb, G",Landscape context shifts the balance of costs and benefits from wildflower borders on multiple ecosystem services,10.1098/rspb.2018.1102
1657,Scopus or WoS,FALSE,Unsuitable context,2018,"Blaix, C; Moonen, AC; Dostatny, DF; Izquierdo, J; Le Corff, J; Morrison, J; Von Redwitz, C; Schumacher, M; Westerman, PR",Quantification of regulating ecosystem services provided by weeds in annual cropping systems using a systematic map approach,10.1111/wre.12303
1658,Scopus or WoS,FALSE,Unsuitable population,2017,"Balzan, MV",Flowering banker plants for the delivery of multiple agroecosystem services,10.1007/s11829-017-9544-2
1659,Scopus or WoS,FALSE,Unsuitable outcomes,2016,"Field, RH; Hill, RK; Carroll, MJ; Morris, AJ",Making explicit agricultural ecosystem service trade-offs: a case study of an English lowland arable farm,10.1080/14735903.2015.1102500
1660,Scopus or WoS,FALSE,Unsuitable outcomes,2016,"Gras, P; Tscharntke, T; Maas, B; Tjoa, A; Hafsah, A; Clough, Y","How ants, birds and bats affect crop yield along shade gradients in tropical cacao agroforestry",10.1111/1365-2664.12625
1661,Scopus or WoS,TRUE,NA,2015,"TerAvest, D; Carpenter-Boggs, L; Thierfelder, C; Reganold, JP","Crop production and soil water management in conservation agriculture, no-till, and conventional tillage systems in Malawi",10.1016/j.agee.2015.07.011
1662,Scopus or WoS,FALSE,Unsuitable context,2015,"Kleijn, D; Winfree, R; Bartomeus, I; Carvalheiro, LG; Henry, M; Isaacs, R; Klein, AM; Kremen, C; M'Gonigle, LK; Rader, R; Ricketts, TH; Williams, NM; Adamson, NL; Ascher, JS; Baldi, A; Batary, P; Benjamin, F; Biesmeijer, JC; Blitzer, EJ; Bommarco, R; Brand, MR; Bretagnolle, V; Button, L; Cariveau, DP; Chifflet, R; Colville, JF; Danforth, BN; Elle, E; Garratt, MPD; Herzog, F; Holzschuh, A; Howlett, BG; Jauker, F; Jha, S; Knop, E; Krewenka, KM; Le Feon, V; Mandelik, Y; May, EA; Park, MG; Pisanty, G; Reemer, M; Riedinger, V; Rollin, O; Rundlof, M; Sardinas, HS; Scheper, J; Sciligo, AR; Smith, HG; Steffan-Dewenter, I; Thorp, R; Tscharntke, T; Verhulst, J; Viana, BF; Vaissiere, BE; Veldtman, R; Westphal, C; Potts, SG",Delivery of crop pollination services is an insufficient argument for wild pollinator conservation,10.1038/ncomms8414
1663,Scopus or WoS,FALSE,Unsuitable population,2015,"Bender, SF; van der Heijden, MGA","Soil biota enhance agricultural sustainability by improving crop yield, nutrient uptake and reducing nitrogen leaching losses",10.1111/1365-2664.12351
1664,Scopus or WoS,FALSE,Unsuitable population,2015,"Garcia-Feced, C; Weissteiner, CJ; Baraldi, A; Paracchini, ML; Maes, J; Zulian, G; Kempen, M; Elbersen, B; Perez-Soba, M",Semi-natural vegetation in agricultural land: European map and links to ecosystem service supply,10.1007/s13593-014-0238-1
1665,Scopus or WoS,FALSE,Unsuitable outcomes,2014,"Quinn, JE; Johnson, RJ; Brandle, JR",Identifying opportunities for conservation embedded in cropland anthromes,10.1007/s10980-014-0098-8
1666,Scopus or WoS,FALSE,Unsuitable context,2009,"Aizen, MA; Garibaldi, LA; Cunningham, SA; Klein, AM",How much does agriculture depend on pollinators? Lessons from long-term trends in crop production,10.1093/aob/mcp076
1667,Previous meta-analysis,TRUE,NA,2014,"Blaauw, B.R. & Isaacs, R.",Flower plantings increase wild bee abundance and the pollination services provided to a pollination-dependent crop,NA
1668,Previous meta-analysis,TRUE,NA,2015,"Blaauw, B R., & Isaacs, R.",Wildflower plantings enhance the abundance of natural enemies and their services in adjacent blueberry fields,NA
1669,Previous meta-analysis,TRUE,NA,2017,"Campbell, A., Wilby, A., Sutton, P. & Wäckers, F.",Getting more power from your flowers: Multi-functional flower strips enhance pollinators and pest control agents in apple orchards,NA
1670,Previous meta-analysis,TRUE,NA,2017,"Campbell, A. J., Wilby, A., Sutton, P. & Wäckers, F. L.",Do sown flower strips boost wild pollinator abundance and pollination services in a spring-flowering crop? A case study from UK cider apple orchards,NA
1671,Previous meta-analysis,FALSE,Duplicate,2017,"Dainese, M., Montecchiari, S., Sitzia, T., Sigura, M., & Marini, L.",High cover of hedgerows in the landscape supports multiple ecosystem services in Mediterranean cereal fields,NA
1672,Previous meta-analysis,TRUE,NA,2015,"Feltham, H., Park, K., Minderman, J., & Goulson, D.",Experimental evidence that wildflower strips increase pollinator visits to crops,NA
1673,Previous meta-analysis,FALSE,Unsuitable context,2018,"Ganser, D., Mayr, B., Albrecht, M., & Knop, E.",Wildflower strips enhance pollination in adjacent strawberry crops at the small scale,NA
1674,Previous meta-analysis,FALSE,Duplicate,2018,"Grab, H., Poveda, K., Danforth, B., & Loeb, G.",Landscape context shifts the balance of costs and benefits from wildflower borders on multiple ecosystem services,NA
1675,Previous meta-analysis,FALSE,Duplicate,2015,"Jonsson, M., Straub, C. S., Didham, R. K., Buckley, H. L., Case, B. S., Hale, R. J., ... & Wratten, S. D",Experimental evidence that the effectiveness of conservation biological control depends on landscape complexity,NA
1676,Previous meta-analysis,FALSE,Unsuitable intervention,2019,"Kovács, G., Kaasik, R., Lof, M. E., van der Werf, W., Kaart, T., Holland, J. M., Luik, A. & Veromann, E.",Effects of land use on infestation and parasitism rates of cabbage seed weevil in oilseed rape,NA
1677,Previous meta-analysis,TRUE,NA,2014,"Morandin, L.A., Long, R.F., & Kremen, C.",Hedgerows enhance beneficial insects on adjacent tomato fields in an intensive agricultural landscape,NA
1678,Previous meta-analysis,FALSE,Unsuitable context,2016,"Morandin, L. A., Long, R. F., & Kremen, C.",Pest control and pollination cost–benefit analysis of hedgerow restoration in a simplified agricultural landscape,NA
1679,Previous meta-analysis,FALSE,Unsuitable outcomes,2015,"Phillips, B. W., & Gardiner, M. M.",Use of video surveillance to measure the influences of habitat management and landscape composition on pollinator visitation and pollen deposition in pumpkin (Cucurbita pepo) agroecosystems,NA
1680,Previous meta-analysis,TRUE,NA,2016,"Phillips, B. W., & Gardiner, M. M.",Does local habitat management or large-scale landscape composition alter the biocontrol services provided to pumpkin agroecosystems?,NA
1681,Previous meta-analysis,FALSE,Unsuitable population,2017,"Pfister, S. C., Eckerter, P. W., Schirmel, J., Cresswell, J. E., & Entling, M. H.",Sensitivity of commercial pumpkin yield to potential decline among different groups of pollinating bees,NA
1682,Previous meta-analysis,TRUE,NA,2018,"Rundlöf, M., Lundin, O., & Bommarco, R.",Annual flower strips support pollinators and potentially enhance red clover seed yield,NA
1683,Previous meta-analysis,FALSE,Duplicate,2015,"Sardiñas, H. S., & Kremen, C.",Pollination services from field-scale agricultural diversification may be context-dependent,NA
1684,Previous meta-analysis,FALSE,Unsuitable population,2011,"Scheid, B. E., Thies, C., & Tscharntke, T.",Enhancing rape pollen beetle parasitism within sown flower fields along a landscape complexity gradient,NA
1685,Previous meta-analysis,TRUE,NA,2018,"Sutter, L., Albrecht, M., & Jeanneret, P.",Landscape greening and local creation of wildflower strips and hedgerows promote multiple ecosystem services,NA
1686,Previous meta-analysis,FALSE,Duplicate,1999,"Thies, C., & Tscharntke, T.",Landscape structure and biological control in agroecosystems,NA
1687,Previous meta-analysis,TRUE,NA,2015,"Tschumi, M., Albrecht, M., Entling, M. H., & Jacot, K.",High effectiveness of tailored flower strips in reducing pests and crop plant damage,NA
1688,Previous meta-analysis,TRUE,NA,2016,"Tschumi, M., Albrecht, M., Collatz, J., Dubsky, V., Entling, M. H., Najar-Rodriguez, A. J., & Jacot, K.",Tailored flower strips promote natural enemy biodiversity and pest control in potato crops,NA
1689,Previous meta-analysis,TRUE,NA,2016,"Tschumi, M., Albrecht, M., Bärtschi, C., Collatz, J., Entling, M. H., & Jacot, K.","Perennial, species-rich wildflower strips enhance pest control and crop yield",NA
1690,Previous meta-analysis,TRUE,NA,2017,"Venturini, E.M., Drummond, F.A., Hoshide, A.K., Dibble, A.C., & Stack, L.B.",Pollination reservoirs in lowbush blueberry (Ericales: Ericaceae),NA
1691,Previous meta-analysis,TRUE,NA,2012,"Woltz, MJ, R Isaacs, DA Landis.",Landscape structure and habitat management differentially influence insect natural enemies in an agricultural landscape,NA
1692,Previous meta-analysis,FALSE,Unsuitable population,2013,"Pettis, J.S., Lichtenberg, E.M., Andree, M., Stitzinger, J., Rose, R., vanEngelsdorp, D.",Crop Pollination Exposes Honey Bees to Pesticides Which Alters Their Susceptibility to the Gut Pathogen Nosema ceranae,10.1371/journal.pone.0070182
1693,Previous meta-analysis,FALSE,Duplicate,2011,"Carvalheiro, L.G., Veldtman, R., Shenkute, A.G., Tesfay, G.B., Pirk, C.W.W., Donaldson, J.S., Nicolson, S.W.",Natural and within-farmland biodiversity enhances crop productivity,10.1111/j.1461-0248.2010.01579.x
1694,Previous meta-analysis,FALSE,Duplicate,2008,"Gemmill-Herren, B., Ochieng’, A.O., 2008. Role of native bees and natural habitats in eggplant (Solanum melongena) pollination in Kenya",Role of native bees and natural habitats in eggplant (Solanum melongena) pollination in Kenya,10.1016/j.agee.2008.02.002
1695,Previous meta-analysis,FALSE,Missing data,2008,"Holzschuh, A., Steffan-Dewenter, I., Tscharntke, T.",Agricultural landscapes with organic crops support higher pollinator diversity,10.1111/j.2007.0030-1299.16303.x
1696,Previous meta-analysis,FALSE,Unsuitable intervention,2003,"Hawes C., Haughton A. J., Osborne J. L., Roy D. B., Clark S. J., Perry J. N., Rothery P., Bohan D. A., Brooks D. R., Champion G.T., Dewar A. M., Heard M. S., Woiwod I. P., Daniels R. E., Young M. W., Paridh A. M., Scott R. J., Firbank L. G., Squire G. R.",Responses of plants and invertebrate trophic groups to constrasting herbicide regimes in the Farm Scale Evaluations of genetically modified herbicide-tolerant crops,NA
1697,Previous meta-analysis,FALSE,Duplicate,2012,"Bommarco, R., Lundin, O., Smith, H.G. & Rundlof, M.",Drastic historic shifts in bumble-bee community composition in Sweden,NA
1698,Previous meta-analysis,FALSE,Duplicate,2012,"Bommarco, R., Marini, L. & Vaissière, B.E.","Insect pollination enhances seed yield, quality and market value in oilseed rape",NA
1699,Previous meta-analysis,FALSE,Duplicate,2011,"Holzschuh, A., Dormann, C.F., Tscharntke, T. & Steffan-Dewenter, I.",Expansion of mass-flowering crops leads to transient pollinator dilution and reduced wild plant pollination,NA
1700,Previous meta-analysis,FALSE,Duplicate,2014,"Riedinger, V., Renner, M., Rundlöf, M., Steffan-Dewenter, I. & Holzschuh, A.",Early mass-flowering crops mitigate pollinator dilution in late-flowering crops,NA
1701,Previous meta-analysis,FALSE,Duplicate,2009,"Jauker, F., Diekötter, T., Schwarzbach, F. & Wolters, V.",Pollinator dispersal in an agricultural matrix: opposing responses of wild bees and hoverflies to landscape structure and distance from main habitat,NA
1702,Previous meta-analysis,FALSE,Duplicate,2013,"Bartomeus, I. et al.",Contribution of insect pollinators to crop yield and quality varies with agricultural intensification,http://dx.doi.org/10.7287/peerj.preprints.184v1
1703,Previous meta-analysis,FALSE,Duplicate,2009,"Carré, G. et al. Landscape context and habitat type as drivers of bee diversity in European annual crops. Agric. Ecosys. Environ.133, 40–47 (2009).",Landscape context and habitat type as drivers of bee diversity in European annual crops,NA
1704,Previous meta-analysis,FALSE,Not English,2012,"Reemer, M. &Kleijn, D.","Wild pollinators in apple and pear orchards in the Betuwe region, the Netherlands, in 2010 and 2011",NA
1705,Previous meta-analysis,FALSE,Duplicate,1961,"Móczár, L.","The distribution of wild bees in the Lucerne fields of Hungary (Hymenoptera, Apoidea)",NA
1706,Previous meta-analysis,FALSE,Not English,2008,"Tanács, L., Benedek, P. & Bodnár, K.",Changes in the diversity and specific structure of lucerne pollinating wild bee assemblages (Hymenoptera: Apoidea) in Hungary in the past decades,NA
1707,Previous meta-analysis,FALSE,Duplicate,2013,"Rollin, O. et al.",Differences of floral resource use between honey bees and wild bees in an intensive farming system,NA
1708,Previous meta-analysis,FALSE,Not English,2010,"Le Féon, V.","Insectes pollinisateurs dans les paysages agricoles : approche pluri-échelle du rôle des habitats semi-naturels, des pratiques agricoles et des cultures entomophiles",NA
1709,Previous meta-analysis,FALSE,Duplicate,2014,"Pisanty, G., Klein, A.M. & Mandelik, Y.",Do wild bees complement honeybee pollination of confection sunflowers in Israel,NA
1710,Previous meta-analysis,FALSE,Duplicate,2015,"Pisanty, G. &Mandelik, Y.",Profiling crop pollinators: life-history traits predict habitat use and crop visitation by Mediterranean wild bees,NA
1711,Previous meta-analysis,FALSE,Duplicate,2008,"Winfree, R., Williams, N.M., Gaines, H., Ascher, J. & Kremen, C.","Wild bee pollinators provide majority of crop visitation across land use gradients in New Jersey and Pennsylvania, USA",NA
1712,Previous meta-analysis,FALSE,Duplicate,2013,"Cariveau, D.P., Williams, N.M., Benjamin, F.E. &Winfree, R.",Response diversity to land use occurs but does not consistently stabilise ecosystem services provided by native pollinators,NA
1713,Previous meta-analysis,FALSE,Duplicate,2014,"Benjamin, F.E., Reilly, R.J. & Winfree, R.",Pollinator body size mediates the scaleat which land use drives crop pollination services,NA
1714,Previous meta-analysis,FALSE,Duplicate,2007,"Winfree, R., Williams, N.M., Dushoff, J. & Kremen, C.",Native bees provide insurance against ongoing honey bee losses,NA
1715,Previous meta-analysis,FALSE,Duplicate,1995,"Mackenzie, K.A. & Averill, A.L.",Bee (Hymenoptera: Apoidea) diversity and abundance on Cranberry in Southeastern Massachusetts,NA
1716,Previous meta-analysis,FALSE,Unsuitable population,2012,"Adamson, N.L., Roulston, T.H., Fell, R.D. & Mullins, D.E.","From April to August—wild bees pollinating crops through the growing season in Virginia, USA",NA
1717,Previous meta-analysis,FALSE,Unsuitable population,2013,"Courcelles, D.M.M., Button, L. & Elle, E.",Bee visit rates vary with floral morphology among highbush blueberry cultivars (Vaccinium corymbosumL.),NA
1718,Previous meta-analysis,FALSE,Duplicate,2006,"Greenleaf, S.S. & Kremen, C.",Wild bee species increase tomato production and respond differently to surrounding land use in Northern California,NA
1719,Previous meta-analysis,FALSE,Duplicate,2003,"Klein, A.M., Steffan-Dewenter, I. & Tscharntke, T.",Fruit set of highland coffee increases with the diversity of pollinating bees,NA
1720,Previous meta-analysis,FALSE,Unsuitable outcomes,2003,"Klein, A.M., Steffan-Dewenter, I. & Tscharntke, T.",Pollination of Coffeacanephora in relation to local and regional agroforestry management,NA
1721,Previous meta-analysis,FALSE,Unsuitable population,2009,"Howlett, B.G., Walker, M.K., Newstrom-Lloyd, L.E., Donovan, B.J. & Teulon, D.A.J.",Window traps and direct observations record similar arthropod flower visitor assemblages in two mass flowering crops,NA
1722,Previous meta-analysis,FALSE,Duplicate,2011,"Carvalheiro, L.G. et al.",Natural and within-farmland biodiversity enhances crop productivity,NA
1723,Previous meta-analysis,FALSE,Duplicate,2004,"Ricketts, T.H., Daily, G.C., Ehrlich, P.R. & Michener, C.D.",Economic value of tropical forest to coffee production,NA
1724,Previous meta-analysis,TRUE,NA,2009,"Jha, S. & Vandermeer, J.H.",Contrasting bee foraging in response to resource scale and local habitat management,NA
