es_id,study_id,authors,year,country,lat,long,comparator_class,comparator_system,practice,crop,comparator_id,treatment_id,taxa_class,functional_group,b_measure,b_error_reported,b_mean_t,b_sd_t,b_n_t,b_mean_c,b_sd_c,b_n_c,yield_unit,y_mean_t,y_sd_t,y_n_t,y_mean_c,y_sd_c,y_n_c,validity_biodiv,validity_yield,sd_missing,zero_mean
225,125,"Azhara B., Puanb C.L., Zakariab M., Hassanb N., Arifc M.",2014,Malaysia,3.39772778,101.22055556,Simplified,Monoculture,Intercropping,Banana-Other,125_C1,125_T1,Birds,Frugivores,Abundance,standard error,10.941,4.956,49,8.327,5.15611132540794,51,NA,NA,NA,NA,NA,NA,NA,1,NA,FALSE,FALSE
226,125,"Azhara B., Puanb C.L., Zakariab M., Hassanb N., Arifc M.",2014,Malaysia,3.39772778,101.22055556,Simplified,Monoculture,Intercropping,Banana-Other,125_C1,125_T1,Birds,Other,Species richness,standard error,7.941,1.2173,49,8.49,1.2668894032235,51,NA,NA,NA,NA,NA,NA,NA,1,NA,FALSE,FALSE
227,125,"Azhara B., Puanb C.L., Zakariab M., Hassanb N., Arifc M.",2014,Malaysia,3.39772778,101.22055556,Simplified,Monoculture,Intercropping,Banana-Other,125_C1,125_T1,Birds,Granivores,Abundance,standard error,10.275,4.088,49,9.51,4.25629134341154,51,NA,NA,NA,NA,NA,NA,NA,1,NA,FALSE,FALSE
228,125,"Azhara B., Puanb C.L., Zakariab M., Hassanb N., Arifc M.",2014,Malaysia,3.39772778,101.22055556,Simplified,Monoculture,Intercropping,Banana-Other,125_C1,125_T1,Birds,Insectivores,Abundance,standard error,23.1,9.142,49,13.29,9.51952409524762,51,NA,NA,NA,NA,NA,NA,NA,1,NA,FALSE,FALSE
230,125,"Azhara B., Puanb C.L., Zakariab M., Hassanb N., Arifc M.",2014,Malaysia,3.39772778,101.22055556,Simplified,Monoculture,Intercropping,Banana-Other,125_C1,125_T1,Birds,Pollinators,Abundance,standard error,1.51,1.995,49,3.224,2.07815567270597,51,NA,NA,NA,NA,NA,NA,NA,1,NA,FALSE,FALSE
231,125,"Azhara B., Puanb C.L., Zakariab M., Hassanb N., Arifc M.",2014,Malaysia,3.39772778,101.22055556,Simplified,Monoculture,Intercropping,Banana-Other,125_C1,125_T1,Birds,Omnivores,Abundance,standard error,1.373,1.113,49,1.061,1.15691140542394,51,NA,NA,NA,NA,NA,NA,NA,1,NA,FALSE,FALSE
240,128,"Ghazalia A., Asmaha S., Syafiqa M., Yahyaa M.S., Azizb N., Pengc T.,  Norhishamad M.R., Puanae C.L., Turnerf E.C., Azharae B.",2016,Malaysia,3.37468459,101.170623,Simplified,Monoculture,Intercropping,Palm oil-Other,128_C1,128_T1,Arthropods,Other,Abundance,standard error,116.3,106.661961354552,60,140.3,125.48466041712,60,NA,NA,NA,NA,NA,NA,NA,1,NA,FALSE,FALSE
258,13,"Syafiq M., Nur Atiqah A.R., Ghazali A., Asmah S., Yahya M.S., Aziz N., Puan C.L., Azhar B.",2016,Malaysia,2.778472,101.5455,Simplified,Monoculture,Intercropping,Palm oil-Other,13_C1,13_T1,Mammals,Frugivores,Abundance,confidence intervals,5.03643725,5.36776091203294,60,3.80161943,3.87889292451833,60,NA,NA,NA,NA,NA,NA,NA,1,NA,FALSE,FALSE
259,13,"Syafiq M., Nur Atiqah A.R., Ghazali A., Asmah S., Yahya M.S., Aziz N., Puan C.L., Azhar B.",2016,Malaysia,2.778472,101.5455,Simplified,Monoculture,Intercropping,Palm oil-Other,13_C1,13_T1,Mammals,Frugivores,Abundance,confidence intervals,0.2,0.481521699241435,60,0.13170732,0.390252864870837,60,NA,NA,NA,NA,NA,NA,NA,1,NA,FALSE,FALSE
260,13,"Syafiq M., Nur Atiqah A.R., Ghazali A., Asmah S., Yahya M.S., Aziz N., Puan C.L., Azhar B.",2016,Malaysia,2.778472,101.5455,Simplified,Monoculture,Intercropping,Palm oil-Other,13_C1,13_T1,Mammals,Frugivores,Abundance,confidence intervals,1.66353935,2.52156437488675,60,0.80140382,1.431200564577,60,NA,NA,NA,NA,NA,NA,NA,1,NA,FALSE,FALSE
261,13,"Syafiq M., Nur Atiqah A.R., Ghazali A., Asmah S., Yahya M.S., Aziz N., Puan C.L., Azhar B.",2016,Malaysia,2.778472,101.5455,Simplified,Monoculture,Intercropping,Palm oil-Other,13_C1,13_T1,Mammals,Pollinators,Abundance,confidence intervals,1.07042254,1.69017972025636,60,0.2629108,0.745133000154761,60,NA,NA,NA,NA,NA,NA,NA,1,NA,FALSE,FALSE
282,1323,"Phoofolo, Mpho W.; Giles, Kristopher L.; Elliott, Norman C.",2010,United States of America,35.042119,-97.907554,Simplified,Monoculture,Intercropping,Mixed or nd,1323_C1,1323_T1,Insect,Natural enemies,Abundance,standard error,30.841121495327,18.8080484105068,20,32.2429906542056,18.8080484105068,20,NA,NA,NA,NA,NA,NA,NA,1,NA,FALSE,FALSE
283,1323,"Phoofolo, Mpho W.; Giles, Kristopher L.; Elliott, Norman C.",2010,United States of America,35.991108,-97.036756,Simplified,Monoculture,Intercropping,Mixed or nd,1323_C1,1323_T1,Insect,Natural enemies,Abundance,standard error,40.6542056074766,31.3467473463725,20,32.2429906542056,18.8080484105068,20,NA,NA,NA,NA,NA,NA,NA,0,NA,FALSE,FALSE
284,1323,"Phoofolo, Mpho W.; Giles, Kristopher L.; Elliott, Norman C.",2010,United States of America,35.042119,-97.907554,Simplified,Monoculture,Intercropping,Mixed or nd,1323_C1,1323_T1,Insect,Natural enemies,Abundance,standard error,30.841121495327,18.8080484105068,20,43.4579439252336,37.6160968165414,20,NA,NA,NA,NA,NA,NA,NA,0,NA,FALSE,FALSE
285,1323,"Phoofolo, Mpho W.; Giles, Kristopher L.; Elliott, Norman C.",2010,United States of America,35.991108,-97.036756,Simplified,Monoculture,Intercropping,Mixed or nd,1323_C1,1323_T1,Insect,Natural enemies,Abundance,standard error,40.6542056074766,31.3467473463725,20,43.4579439252336,37.6160968165414,20,NA,NA,NA,NA,NA,NA,NA,1,NA,FALSE,FALSE
286,1323,"Phoofolo, Mpho W.; Giles, Kristopher L.; Elliott, Norman C.",2010,United States of America,35.042119,-97.907554,Simplified,Monoculture,Intercropping,Mixed or nd,1323_C1,1323_T1,Insect,Pests,Abundance,standard error,211,576.905538194946,20,1723,1216.42097975989,20,NA,NA,NA,NA,NA,NA,NA,1,NA,FALSE,FALSE
287,1323,"Phoofolo, Mpho W.; Giles, Kristopher L.; Elliott, Norman C.",2010,United States of America,35.991108,-97.036756,Simplified,Monoculture,Intercropping,Mixed or nd,1323_C1,1323_T1,Insect,Pests,Abundance,standard error,14,35.7770876399966,20,1723,1216.42097975989,20,NA,NA,NA,NA,NA,NA,NA,0,NA,FALSE,FALSE
288,1323,"Phoofolo, Mpho W.; Giles, Kristopher L.; Elliott, Norman C.",2010,United States of America,35.042119,-97.907554,Simplified,Monoculture,Intercropping,Mixed or nd,1323_C1,1323_T1,Insect,Pests,Abundance,standard error,211,576.905538194946,20,71,263.856021344975,20,NA,NA,NA,NA,NA,NA,NA,0,NA,FALSE,FALSE
289,1323,"Phoofolo, Mpho W.; Giles, Kristopher L.; Elliott, Norman C.",2010,United States of America,35.991108,-97.036756,Simplified,Monoculture,Intercropping,Mixed or nd,1323_C1,1323_T1,Insect,Pests,Abundance,standard error,14,35.7770876399966,20,71,263.856021344975,20,NA,NA,NA,NA,NA,NA,NA,1,NA,FALSE,FALSE
647,1637,"Vu Q., Ramal A.F., Villegas J.M., Jamoralin A., Bernal C.C., Pasang J.M., Almazan M.L.P., Ramp D., Settele J., Horgan F.G.",2018,Philippines,14.1582,121.268,Simplified,Monoculture,Intercropping,Rice-Vegetables,1637_C1,1637_T1,Insect,Pests,Abundance,standard error,0,0,3,0.68181818,0.568602540812497,3,kg/ha,2970,2580.75570327763,3,3210,2320.9480821423,3,0,0,TRUE,TRUE
648,1637,"Vu Q., Ramal A.F., Villegas J.M., Jamoralin A., Bernal C.C., Pasang J.M., Almazan M.L.P., Ramp D., Settele J., Horgan F.G.",2018,Philippines,14.1582,121.268,Simplified,Monoculture,Intercropping,Rice-Vegetables,1637_C1,1637_T1,Insect,Pests,Abundance,standard error,1.01010101,1.00598910400653,3,0,0,3,kg/ha,2970,2580.75570327763,3,3210,2320.9480821423,3,0,0,TRUE,TRUE
649,1637,"Vu Q., Ramal A.F., Villegas J.M., Jamoralin A., Bernal C.C., Pasang J.M., Almazan M.L.P., Ramp D., Settele J., Horgan F.G.",2018,Philippines,14.1582,121.268,Simplified,Monoculture,Intercropping,Rice-Vegetables,1637_C1,1637_T1,Insect,Natural enemies,Abundance,standard error,1.95121951,0.337961131071914,3,3.12195122,1.18286396741195,3,kg/ha,2970,2580.75570327763,3,3210,2320.9480821423,3,0,0,FALSE,FALSE
650,1637,"Vu Q., Ramal A.F., Villegas J.M., Jamoralin A., Bernal C.C., Pasang J.M., Almazan M.L.P., Ramp D., Settele J., Horgan F.G.",2018,Philippines,14.1582,121.268,Simplified,Monoculture,Intercropping,Rice-Vegetables,1637_C1,1637_T1,Insect,Natural enemies,Abundance,standard error,2.24390244,2.1122570908501,3,1.51219512,0.42245141817002,3,kg/ha,2970,2580.75570327763,3,3210,2320.9480821423,3,0,0,FALSE,FALSE
651,1637,"Vu Q., Ramal A.F., Villegas J.M., Jamoralin A., Bernal C.C., Pasang J.M., Almazan M.L.P., Ramp D., Settele J., Horgan F.G.",2018,Philippines,14.1582,121.268,Simplified,Monoculture,Intercropping,Rice-Vegetables,1637_C1,1637_T1,Insect,Natural enemies,Abundance,standard error,5.36585366,3.80206274620967,3,2.92682927,1.26735425451006,3,kg/ha,2970,2580.75570327763,3,3210,2320.9480821423,3,0,0,FALSE,FALSE
652,1637,"Vu Q., Ramal A.F., Villegas J.M., Jamoralin A., Bernal C.C., Pasang J.M., Almazan M.L.P., Ramp D., Settele J., Horgan F.G.",2018,Philippines,14.1582,121.268,Simplified,Monoculture,Intercropping,Rice-Vegetables,1637_C1,1637_T1,Insect,Natural enemies,Abundance,standard error,1.429802,0.938707919476169,3,0.58563139,1.57031536725971,3,kg/ha,2970,2580.75570327763,3,3210,2320.9480821423,3,0,0,FALSE,FALSE
653,1637,"Vu Q., Ramal A.F., Villegas J.M., Jamoralin A., Bernal C.C., Pasang J.M., Almazan M.L.P., Ramp D., Settele J., Horgan F.G.",2018,Philippines,14.1582,121.268,Simplified,Monoculture,Intercropping,Rice-Vegetables,1637_C1,1637_T1,Insect,Natural enemies,Abundance,standard error,2.56281407,1.82779230618736,3,4.52261307,1.56667911711481,3,kg/ha,2970,2580.75570327763,3,3210,2320.9480821423,3,0,0,FALSE,FALSE
654,1637,"Vu Q., Ramal A.F., Villegas J.M., Jamoralin A., Bernal C.C., Pasang J.M., Almazan M.L.P., Ramp D., Settele J., Horgan F.G.",2018,Philippines,14.1582,121.268,Simplified,Monoculture,Intercropping,Rice-Vegetables,1637_C1,1637_T1,Insect,Natural enemies,Abundance,standard error,2.21105528,1.39260366350661,3,1.90954774,1.21852820989841,3,kg/ha,2970,2580.75570327763,3,3210,2320.9480821423,3,0,0,FALSE,FALSE
655,1637,"Vu Q., Ramal A.F., Villegas J.M., Jamoralin A., Bernal C.C., Pasang J.M., Almazan M.L.P., Ramp D., Settele J., Horgan F.G.",2018,Philippines,14.1582,121.268,Simplified,Monoculture,Intercropping,Rice-Vegetables,1637_C1,1637_T1,Insect,Pests,Abundance,standard error,7.54901961,3.56598695777831,3,34.6568627,50.5181486118273,3,kg/ha,2970,2580.75570327763,3,3210,2320.9480821423,3,0,0,FALSE,FALSE
656,1637,"Vu Q., Ramal A.F., Villegas J.M., Jamoralin A., Bernal C.C., Pasang J.M., Almazan M.L.P., Ramp D., Settele J., Horgan F.G.",2018,Philippines,14.1582,121.268,Simplified,Monoculture,Intercropping,Rice-Vegetables,1637_C1,1637_T1,Insect,Pests,Abundance,standard error,269.607843,339.617804760388,3,267.156863,186.789792531611,3,kg/ha,2970,2580.75570327763,3,3210,2320.9480821423,3,0,0,FALSE,FALSE
657,1637,"Vu Q., Ramal A.F., Villegas J.M., Jamoralin A., Bernal C.C., Pasang J.M., Almazan M.L.P., Ramp D., Settele J., Horgan F.G.",2018,Philippines,14.1582,121.268,Simplified,Monoculture,Intercropping,Rice-Vegetables,1637_C1,1637_T1,Insect,Pests,Abundance,standard error,1.01010101,1.00598910400653,3,1.59090909,0.96225045634738,3,kg/ha,2970,2580.75570327763,3,3210,2320.9480821423,3,0,0,FALSE,FALSE
658,1637,"Vu Q., Ramal A.F., Villegas J.M., Jamoralin A., Bernal C.C., Pasang J.M., Almazan M.L.P., Ramp D., Settele J., Horgan F.G.",2018,Philippines,14.1582,121.268,Simplified,Monoculture,Intercropping,Rice-Vegetables,1637_C1,1637_T1,Insect,Pests,Abundance,standard error,2.02020202,1.00598910400653,3,0.68181818,0.48112522817369,3,kg/ha,2970,2580.75570327763,3,3210,2320.9480821423,3,0,0,FALSE,FALSE
659,1637,"Vu Q., Ramal A.F., Villegas J.M., Jamoralin A., Bernal C.C., Pasang J.M., Almazan M.L.P., Ramp D., Settele J., Horgan F.G.",2018,Philippines,14.1582,121.268,Simplified,Monoculture,Intercropping,Rice-Vegetables,1637_C1,1637_T1,Insect,Natural enemies,Abundance,standard error,1.85365854,0.675922262143828,3,4.29268293,4.90043642652352,3,kg/ha,2970,2580.75570327763,3,3210,2320.9480821423,3,0,0,FALSE,FALSE
660,1637,"Vu Q., Ramal A.F., Villegas J.M., Jamoralin A., Bernal C.C., Pasang J.M., Almazan M.L.P., Ramp D., Settele J., Horgan F.G.",2018,Philippines,14.1582,121.268,Simplified,Monoculture,Intercropping,Rice-Vegetables,1637_C1,1637_T1,Insect,Natural enemies,Abundance,standard error,3.65853659,2.70368906589582,3,1.51219512,1.68980567268008,3,kg/ha,2970,2580.75570327763,3,3210,2320.9480821423,3,0,0,FALSE,FALSE
661,1637,"Vu Q., Ramal A.F., Villegas J.M., Jamoralin A., Bernal C.C., Pasang J.M., Almazan M.L.P., Ramp D., Settele J., Horgan F.G.",2018,Philippines,14.1582,121.268,Simplified,Monoculture,Intercropping,Rice-Vegetables,1637_C1,1637_T1,Insect,Natural enemies,Abundance,standard error,31.9512195,24.0797306971271,3,25.1219512,10.983736820459,3,kg/ha,2970,2580.75570327763,3,3210,2320.9480821423,3,0,0,FALSE,FALSE
662,1637,"Vu Q., Ramal A.F., Villegas J.M., Jamoralin A., Bernal C.C., Pasang J.M., Almazan M.L.P., Ramp D., Settele J., Horgan F.G.",2018,Philippines,14.1582,121.268,Simplified,Monoculture,Intercropping,Rice-Vegetables,1637_C1,1637_T1,Insect,Natural enemies,Abundance,standard error,2.52808518,3.65412262292907,3,3.19136209,2.822340365905,3,kg/ha,2970,2580.75570327763,3,3210,2320.9480821423,3,0,0,FALSE,FALSE
663,1637,"Vu Q., Ramal A.F., Villegas J.M., Jamoralin A., Bernal C.C., Pasang J.M., Almazan M.L.P., Ramp D., Settele J., Horgan F.G.",2018,Philippines,14.1582,121.268,Simplified,Monoculture,Intercropping,Rice-Vegetables,1637_C1,1637_T1,Insect,Natural enemies,Abundance,standard error,18.0904523,10.7056406653721,3,8.59296482,2.61113187340502,3,kg/ha,2970,2580.75570327763,3,3210,2320.9480821423,3,0,0,FALSE,FALSE
664,1637,"Vu Q., Ramal A.F., Villegas J.M., Jamoralin A., Bernal C.C., Pasang J.M., Almazan M.L.P., Ramp D., Settele J., Horgan F.G.",2018,Philippines,14.1582,121.268,Simplified,Monoculture,Intercropping,Rice-Vegetables,1637_C1,1637_T1,Insect,Natural enemies,Abundance,standard error,8.24120603,1.56667911711481,3,11.4572864,5.04818827588133,3,kg/ha,2970,2580.75570327763,3,3210,2320.9480821423,3,0,0,FALSE,FALSE
665,1637,"Vu Q., Ramal A.F., Villegas J.M., Jamoralin A., Bernal C.C., Pasang J.M., Almazan M.L.P., Ramp D., Settele J., Horgan F.G.",2018,Philippines,14.1582,121.268,Simplified,Monoculture,Intercropping,Rice-Vegetables,1637_C1,1637_T1,Insect,Pests,Abundance,standard error,8.23529412,5.34898042800721,3,4.11764706,4.75464927703774,3,kg/ha,2970,2580.75570327763,3,3210,2320.9480821423,3,0,0,FALSE,FALSE
666,1637,"Vu Q., Ramal A.F., Villegas J.M., Jamoralin A., Bernal C.C., Pasang J.M., Almazan M.L.P., Ramp D., Settele J., Horgan F.G.",2018,Philippines,14.1582,121.268,Simplified,Monoculture,Intercropping,Rice-Vegetables,1637_C1,1637_T1,Insect,Pests,Abundance,standard error,34.3137255,25.4713354869329,3,31.8627451,29.7165578948833,3,kg/ha,2970,2580.75570327763,3,3210,2320.9480821423,3,0,0,FALSE,FALSE
689,1645,"Twerski A., Fischer C., Albrecht H.",2021,Germany,48.1283333333333,11.4161111111111,Simplified,Monoculture,Intercropping,Spelt-Other,1645_C1,1645_T1,Annelida,Decomposers,Abundance,"median,iqr",77.59197311,23.2675946839792,5,95.98662192,17.8698118286141,5,kg/ha,2818.75,83.8525491562421,5,3075,111.803398874989,5,1,1,FALSE,FALSE
690,1645,"Twerski A., Fischer C., Albrecht H.",2021,Germany,48.1283333333333,11.4161111111111,Simplified,Monoculture,Intercropping,Spelt-Other,1645_C2,1645_T2,Annelida,Decomposers,Abundance,"median,iqr",59.56521738,10.2952534292371,5,97.64214045,22.5700167052757,5,kg/ha,1481.25,222.731621015068,5,1375,197.642353760524,5,1,1,FALSE,FALSE
1007,253,"Liu J.L., Ren W., Zhao W.Z., Li F.R.",2018,China,39.35,100.116667,Simplified,Monoculture,Intercropping,Maize-Wheat,253_C1,253_T1,Insect,Herbivores,Abundance,standard error,8.11,6.98104576693206,54,9.32,7.9363467666175,54,NA,NA,NA,NA,NA,NA,NA,1,NA,FALSE,FALSE
1008,253,"Liu J.L., Ren W., Zhao W.Z., Li F.R.",2018,China,39.35,100.116667,Simplified,Monoculture,Intercropping,Maize-Wheat,253_C2,253_T1,Insect,Herbivores,Abundance,standard error,8.11,6.98104576693206,54,7.43,7.9363467666175,54,NA,NA,NA,NA,NA,NA,NA,1,NA,FALSE,FALSE
1009,253,"Liu J.L., Ren W., Zhao W.Z., Li F.R.",2018,China,39.35,100.116667,Simplified,Monoculture,Intercropping,Maize-Wheat,253_C1,253_T1,Insect,Herbivores,Species richness,standard error,5.26,3.89468869102525,54,5.66,4.84998969071069,54,NA,NA,NA,NA,NA,NA,NA,1,NA,FALSE,FALSE
1010,253,"Liu J.L., Ren W., Zhao W.Z., Li F.R.",2018,China,39.35,100.116667,Simplified,Monoculture,Intercropping,Maize-Wheat,253_C2,253_T1,Insect,Herbivores,Species richness,standard error,5.26,3.89468869102525,54,4.87,3.89468869102525,54,NA,NA,NA,NA,NA,NA,NA,1,NA,FALSE,FALSE
1011,253,"Liu J.L., Ren W., Zhao W.Z., Li F.R.",2018,China,39.35,100.116667,Simplified,Monoculture,Intercropping,Maize-Wheat,253_C1,253_T1,Insect,Natural enemies,Abundance,standard error,7.3,6.98104576693206,54,4.59,5.95226007496312,54,NA,NA,NA,NA,NA,NA,NA,1,NA,FALSE,FALSE
1012,253,"Liu J.L., Ren W., Zhao W.Z., Li F.R.",2018,China,39.35,100.116667,Simplified,Monoculture,Intercropping,Maize-Wheat,253_C2,253_T1,Insect,Natural enemies,Abundance,standard error,7.3,6.98104576693206,54,4.46,6.98104576693206,54,NA,NA,NA,NA,NA,NA,NA,1,NA,FALSE,FALSE
1013,253,"Liu J.L., Ren W., Zhao W.Z., Li F.R.",2018,China,39.35,100.116667,Simplified,Monoculture,Intercropping,Maize-Wheat,253_C1,253_T1,Insect,Natural enemies,Species richness,standard error,4.21,2.86590299905632,54,3.29,4.84998969071069,54,NA,NA,NA,NA,NA,NA,NA,1,NA,FALSE,FALSE
1014,253,"Liu J.L., Ren W., Zhao W.Z., Li F.R.",2018,China,39.35,100.116667,Simplified,Monoculture,Intercropping,Maize-Wheat,253_C2,253_T1,Insect,Natural enemies,Species richness,standard error,4.21,2.86590299905632,54,3.03,5.80529069039613,54,NA,NA,NA,NA,NA,NA,NA,1,NA,FALSE,FALSE
1015,253,"Liu J.L., Ren W., Zhao W.Z., Li F.R.",2018,China,39.35,100.116667,Simplified,Monoculture,Intercropping,Maize-Wheat,253_C1,253_T1,Insect,Other,Abundance,standard error,4.73,6.98104576693206,54,6.49,6.98104576693206,54,NA,NA,NA,NA,NA,NA,NA,1,NA,FALSE,FALSE
1016,253,"Liu J.L., Ren W., Zhao W.Z., Li F.R.",2018,China,39.35,100.116667,Simplified,Monoculture,Intercropping,Maize-Wheat,253_C2,253_T1,Insect,Other,Abundance,standard error,4.73,6.98104576693206,54,1.89,3.96817338330875,54,NA,NA,NA,NA,NA,NA,NA,1,NA,FALSE,FALSE
1017,253,"Liu J.L., Ren W., Zhao W.Z., Li F.R.",2018,China,39.35,100.116667,Simplified,Monoculture,Intercropping,Maize-Wheat,253_C1,253_T1,Insect,Other,Species richness,standard error,3.55,5.80529069039613,54,3.55,4.84998969071069,54,NA,NA,NA,NA,NA,NA,NA,1,NA,FALSE,FALSE
1018,253,"Liu J.L., Ren W., Zhao W.Z., Li F.R.",2018,China,39.35,100.116667,Simplified,Monoculture,Intercropping,Maize-Wheat,253_C2,253_T1,Insect,Other,Species richness,standard error,3.55,5.80529069039613,54,1.71,3.89468869102525,54,NA,NA,NA,NA,NA,NA,NA,1,NA,FALSE,FALSE
1019,253,"Liu J.L., Ren W., Zhao W.Z., Li F.R.",2018,China,39.35,100.116667,Simplified,Monoculture,Intercropping,Maize-Wheat,253_C1,253_T1,Insect,Herbivores,Abundance,standard error,5.26,5.80529069039613,54,8.29,8.67119368945245,54,NA,NA,NA,NA,NA,NA,NA,1,NA,FALSE,FALSE
1020,253,"Liu J.L., Ren W., Zhao W.Z., Li F.R.",2018,China,39.35,100.116667,Simplified,Monoculture,Intercropping,Maize-Wheat,253_C2,253_T1,Insect,Herbivores,Abundance,standard error,5.26,5.80529069039613,54,6.18,6.76059169008157,54,NA,NA,NA,NA,NA,NA,NA,1,NA,FALSE,FALSE
1021,253,"Liu J.L., Ren W., Zhao W.Z., Li F.R.",2018,China,39.35,100.116667,Simplified,Monoculture,Intercropping,Maize-Wheat,253_C1,253_T1,Insect,Herbivores,Species richness,standard error,5.81,5.95226007496312,54,7.7,7.9363467666175,54,NA,NA,NA,NA,NA,NA,NA,1,NA,FALSE,FALSE
1022,253,"Liu J.L., Ren W., Zhao W.Z., Li F.R.",2018,China,39.35,100.116667,Simplified,Monoculture,Intercropping,Maize-Wheat,253_C2,253_T1,Insect,Herbivores,Species richness,standard error,5.81,5.95226007496312,54,5.68,4.99695907527768,54,NA,NA,NA,NA,NA,NA,NA,1,NA,FALSE,FALSE
1023,253,"Liu J.L., Ren W., Zhao W.Z., Li F.R.",2018,China,39.35,100.116667,Simplified,Monoculture,Intercropping,Maize-Wheat,253_C1,253_T1,Insect,Natural enemies,Abundance,standard error,5,5.80529069039613,54,5.92,6.76059169008157,54,NA,NA,NA,NA,NA,NA,NA,1,NA,FALSE,FALSE
1024,253,"Liu J.L., Ren W., Zhao W.Z., Li F.R.",2018,China,39.35,100.116667,Simplified,Monoculture,Intercropping,Maize-Wheat,253_C2,253_T1,Insect,Natural enemies,Abundance,standard error,5,5.80529069039613,54,3.42,5.80529069039613,54,NA,NA,NA,NA,NA,NA,NA,1,NA,FALSE,FALSE
1025,253,"Liu J.L., Ren W., Zhao W.Z., Li F.R.",2018,China,39.35,100.116667,Simplified,Monoculture,Intercropping,Maize-Wheat,253_C1,253_T1,Insect,Natural enemies,Species richness,standard error,4.59,5.95226007496312,54,5.81,6.98104576693206,54,NA,NA,NA,NA,NA,NA,NA,1,NA,FALSE,FALSE
1026,253,"Liu J.L., Ren W., Zhao W.Z., Li F.R.",2018,China,39.35,100.116667,Simplified,Monoculture,Intercropping,Maize-Wheat,253_C2,253_T1,Insect,Natural enemies,Species richness,standard error,4.59,5.95226007496312,54,4.73,5.95226007496312,54,NA,NA,NA,NA,NA,NA,NA,1,NA,FALSE,FALSE
1027,253,"Liu J.L., Ren W., Zhao W.Z., Li F.R.",2018,China,39.35,100.116667,Simplified,Monoculture,Intercropping,Maize-Wheat,253_C1,253_T1,Insect,Other,Abundance,standard error,4.34,5.80529069039613,54,2.37,4.84998969071069,54,NA,NA,NA,NA,NA,NA,NA,1,NA,FALSE,FALSE
1028,253,"Liu J.L., Ren W., Zhao W.Z., Li F.R.",2018,China,39.35,100.116667,Simplified,Monoculture,Intercropping,Maize-Wheat,253_C2,253_T1,Insect,Other,Abundance,standard error,4.34,5.80529069039613,54,1.58,4.84998969071069,54,NA,NA,NA,NA,NA,NA,NA,1,NA,FALSE,FALSE
1029,253,"Liu J.L., Ren W., Zhao W.Z., Li F.R.",2018,China,39.35,100.116667,Simplified,Monoculture,Intercropping,Maize-Wheat,253_C1,253_T1,Insect,Other,Species richness,standard error,5.68,4.99695907527768,54,3.38,6.98104576693206,54,NA,NA,NA,NA,NA,NA,NA,1,NA,FALSE,FALSE
1030,253,"Liu J.L., Ren W., Zhao W.Z., Li F.R.",2018,China,39.35,100.116667,Simplified,Monoculture,Intercropping,Maize-Wheat,253_C2,253_T1,Insect,Other,Species richness,standard error,5.68,4.99695907527768,54,2.43,3.96817338330875,54,NA,NA,NA,NA,NA,NA,NA,1,NA,FALSE,FALSE
1803,415,"Myers, MC; Hoksch, BJ; Mason, JT",2012,United States of America,42.551824,-92.364281,Simplified,Monoculture,Intercropping,Grasses (biofuel),415_C1,"415_T1
",Insect,Pollinators,Abundance,standard deviation,1.72,0.3,12,1.91,0.26,12,NA,NA,NA,NA,NA,NA,NA,1,NA,FALSE,FALSE
1804,415,"Myers, MC; Hoksch, BJ; Mason, JT",2012,United States of America,42.551824,-92.364281,Simplified,Monoculture,Intercropping,Grasses (biofuel),415_C1,415_T2,Insect,Pollinators,Abundance,standard deviation,4.31,0.45,12,1.91,0.26,12,NA,NA,NA,NA,NA,NA,NA,1,NA,FALSE,FALSE
1805,415,"Myers, MC; Hoksch, BJ; Mason, JT",2012,United States of America,42.551824,-92.364281,Simplified,Monoculture,Intercropping,Grasses (biofuel),415_C1,415_T3,Insect,Pollinators,Abundance,standard deviation,4.27,0.49,12,1.91,0.26,12,NA,NA,NA,NA,NA,NA,NA,1,NA,FALSE,FALSE
1806,415,"Myers, MC; Hoksch, BJ; Mason, JT",2012,United States of America,42.551824,-92.364281,Simplified,Monoculture,Intercropping,Grasses (biofuel),415_C1,"415_T1
",Insect,Pollinators,Species richness,standard deviation,1.75,0.24,12,2.18,0.33,12,NA,NA,NA,NA,NA,NA,NA,1,NA,FALSE,FALSE
1807,415,"Myers, MC; Hoksch, BJ; Mason, JT",2012,United States of America,42.551824,-92.364281,Simplified,Monoculture,Intercropping,Grasses (biofuel),415_C1,415_T2,Insect,Pollinators,Species richness,standard deviation,2.75,0.33,12,2.18,0.33,12,NA,NA,NA,NA,NA,NA,NA,1,NA,FALSE,FALSE
1808,415,"Myers, MC; Hoksch, BJ; Mason, JT",2012,United States of America,42.551824,-92.364281,Simplified,Monoculture,Intercropping,Grasses (biofuel),415_C1,415_T3,Insect,Pollinators,Species richness,standard deviation,2.92,0.31,12,2.18,0.33,12,NA,NA,NA,NA,NA,NA,NA,1,NA,FALSE,FALSE
1809,415,"Myers, MC; Hoksch, BJ; Mason, JT",2012,United States of America,42.551824,-92.364281,Simplified,Monoculture,Intercropping,Grasses (biofuel),415_C1,415_T3,Insect,Pollinators,Abundance,standard deviation,6.44,0.64,12,1.42,0.19,12,NA,NA,NA,NA,NA,NA,NA,1,NA,FALSE,FALSE
1810,415,"Myers, MC; Hoksch, BJ; Mason, JT",2012,United States of America,42.551824,-92.364281,Simplified,Monoculture,Intercropping,Grasses (biofuel),415_C1,"415_T1
",Insect,Pollinators,Abundance,standard deviation,1.8,0.19,12,1.42,0.19,12,NA,NA,NA,NA,NA,NA,NA,1,NA,FALSE,FALSE
1811,415,"Myers, MC; Hoksch, BJ; Mason, JT",2012,United States of America,42.551824,-92.364281,Simplified,Monoculture,Intercropping,Grasses (biofuel),415_C1,415_T2,Insect,Pollinators,Abundance,standard deviation,7.19,0.56,12,1.42,0.19,12,NA,NA,NA,NA,NA,NA,NA,1,NA,FALSE,FALSE
1812,415,"Myers, MC; Hoksch, BJ; Mason, JT",2012,United States of America,42.551824,-92.364281,Simplified,Monoculture,Intercropping,Grasses (biofuel),415_C1,415_T3,Insect,Pollinators,Species richness,standard deviation,4.1,0.3,12,2.01,0.37,12,NA,NA,NA,NA,NA,NA,NA,1,NA,FALSE,FALSE
1813,415,"Myers, MC; Hoksch, BJ; Mason, JT",2012,United States of America,42.551824,-92.364281,Simplified,Monoculture,Intercropping,Grasses (biofuel),415_C1,"415_T1
",Insect,Pollinators,Species richness,standard deviation,2.25,0.24,12,2.01,0.37,12,NA,NA,NA,NA,NA,NA,NA,1,NA,FALSE,FALSE
1814,415,"Myers, MC; Hoksch, BJ; Mason, JT",2012,United States of America,42.551824,-92.364281,Simplified,Monoculture,Intercropping,Grasses (biofuel),415_C1,415_T2,Insect,Pollinators,Species richness,standard deviation,3.82,0.41,12,2.01,0.37,12,NA,NA,NA,NA,NA,NA,NA,1,NA,FALSE,FALSE
1815,415,"Myers, MC; Hoksch, BJ; Mason, JT",2012,United States of America,42.551824,-92.364281,Simplified,Monoculture,Intercropping,Grasses (biofuel),415_C1,415_T3,Insect,Pollinators,Abundance,standard deviation,7.83,1.01,12,1.05,0.26,12,NA,NA,NA,NA,NA,NA,NA,1,NA,FALSE,FALSE
1816,415,"Myers, MC; Hoksch, BJ; Mason, JT",2012,United States of America,42.551824,-92.364281,Simplified,Monoculture,Intercropping,Grasses (biofuel),415_C1,415_T2,Insect,Pollinators,Abundance,standard deviation,8.31,0.94,12,1.05,0.26,12,NA,NA,NA,NA,NA,NA,NA,1,NA,FALSE,FALSE
1817,415,"Myers, MC; Hoksch, BJ; Mason, JT",2012,United States of America,42.551824,-92.364281,Simplified,Monoculture,Intercropping,Grasses (biofuel),415_C1,"415_T1
",Insect,Pollinators,Abundance,standard deviation,1.31,0.23,12,1.05,0.26,12,NA,NA,NA,NA,NA,NA,NA,1,NA,FALSE,FALSE
1818,415,"Myers, MC; Hoksch, BJ; Mason, JT",2012,United States of America,42.551824,-92.364281,Simplified,Monoculture,Intercropping,Grasses (biofuel),415_C1,415_T3,Insect,Pollinators,Species richness,standard deviation,3.43,0.33,12,1.33,0.18,12,NA,NA,NA,NA,NA,NA,NA,1,NA,FALSE,FALSE
1819,415,"Myers, MC; Hoksch, BJ; Mason, JT",2012,United States of America,42.551824,-92.364281,Simplified,Monoculture,Intercropping,Grasses (biofuel),415_C1,415_T2,Insect,Pollinators,Species richness,standard deviation,3.75,0.35,12,1.33,0.18,12,NA,NA,NA,NA,NA,NA,NA,1,NA,FALSE,FALSE
1820,415,"Myers, MC; Hoksch, BJ; Mason, JT",2012,United States of America,42.551824,-92.364281,Simplified,Monoculture,Intercropping,Grasses (biofuel),415_C1,"415_T1
",Insect,Pollinators,Species richness,standard deviation,1.99,0.33,12,1.33,0.18,12,NA,NA,NA,NA,NA,NA,NA,1,NA,FALSE,FALSE
1821,415,"Myers, MC; Hoksch, BJ; Mason, JT",2012,United States of America,42.551824,-92.364281,Simplified,Monoculture,Intercropping,Grasses (biofuel),415_C1,415_T2,Insect,Pollinators,Abundance,standard deviation,8.46,1.39,12,2.25,0.49,12,NA,NA,NA,NA,NA,NA,NA,1,NA,FALSE,FALSE
1822,415,"Myers, MC; Hoksch, BJ; Mason, JT",2012,United States of America,42.551824,-92.364281,Simplified,Monoculture,Intercropping,Grasses (biofuel),415_C1,415_T3,Insect,Pollinators,Abundance,standard deviation,8.35,0.71,12,2.25,0.49,12,NA,NA,NA,NA,NA,NA,NA,1,NA,FALSE,FALSE
1823,415,"Myers, MC; Hoksch, BJ; Mason, JT",2012,United States of America,42.551824,-92.364281,Simplified,Monoculture,Intercropping,Grasses (biofuel),415_C1,"415_T1
",Insect,Pollinators,Abundance,standard deviation,3.15,0.37,12,2.25,0.49,12,NA,NA,NA,NA,NA,NA,NA,1,NA,FALSE,FALSE
1824,415,"Myers, MC; Hoksch, BJ; Mason, JT",2012,United States of America,42.551824,-92.364281,Simplified,Monoculture,Intercropping,Grasses (biofuel),415_C1,415_T2,Insect,Pollinators,Species richness,standard deviation,4.25,0.33,12,2.18,0.33,12,NA,NA,NA,NA,NA,NA,NA,1,NA,FALSE,FALSE
1825,415,"Myers, MC; Hoksch, BJ; Mason, JT",2012,United States of America,42.551824,-92.364281,Simplified,Monoculture,Intercropping,Grasses (biofuel),415_C1,415_T3,Insect,Pollinators,Species richness,standard deviation,4.43,0.37,12,2.18,0.33,12,NA,NA,NA,NA,NA,NA,NA,1,NA,FALSE,FALSE
1826,415,"Myers, MC; Hoksch, BJ; Mason, JT",2012,United States of America,42.551824,-92.364281,Simplified,Monoculture,Intercropping,Grasses (biofuel),415_C1,"415_T1
",Insect,Pollinators,Species richness,standard deviation,2.99,0.26,12,2.18,0.33,12,NA,NA,NA,NA,NA,NA,NA,1,NA,FALSE,FALSE
1827,415,"Myers, MC; Hoksch, BJ; Mason, JT",2012,United States of America,42.551824,-92.364281,Simplified,Monoculture,Intercropping,Grasses (biofuel),415_C1,"415_T1
",Insect,Pollinators,Abundance,standard deviation,1.72,0.23,12,1.84,0.37,12,NA,NA,NA,NA,NA,NA,NA,1,NA,FALSE,FALSE
1828,415,"Myers, MC; Hoksch, BJ; Mason, JT",2012,United States of America,42.551824,-92.364281,Simplified,Monoculture,Intercropping,Grasses (biofuel),415_C1,415_T2,Insect,Pollinators,Abundance,standard deviation,7.57,0.86,12,1.84,0.37,12,NA,NA,NA,NA,NA,NA,NA,1,NA,FALSE,FALSE
1829,415,"Myers, MC; Hoksch, BJ; Mason, JT",2012,United States of America,42.551824,-92.364281,Simplified,Monoculture,Intercropping,Grasses (biofuel),415_C1,415_T3,Insect,Pollinators,Abundance,standard deviation,7.3,0.79,12,1.84,0.37,12,NA,NA,NA,NA,NA,NA,NA,1,NA,FALSE,FALSE
1830,415,"Myers, MC; Hoksch, BJ; Mason, JT",2012,United States of America,42.551824,-92.364281,Simplified,Monoculture,Intercropping,Grasses (biofuel),415_C1,"415_T1
",Insect,Pollinators,Species richness,standard deviation,2.17,0.23,12,1.99,0.24,12,NA,NA,NA,NA,NA,NA,NA,1,NA,FALSE,FALSE
1831,415,"Myers, MC; Hoksch, BJ; Mason, JT",2012,United States of America,42.551824,-92.364281,Simplified,Monoculture,Intercropping,Grasses (biofuel),415_C1,415_T2,Insect,Pollinators,Species richness,standard deviation,5.08,0.5,12,1.99,0.24,12,NA,NA,NA,NA,NA,NA,NA,1,NA,FALSE,FALSE
1832,415,"Myers, MC; Hoksch, BJ; Mason, JT",2012,United States of America,42.551824,-92.364281,Simplified,Monoculture,Intercropping,Grasses (biofuel),415_C1,415_T3,Insect,Pollinators,Species richness,standard deviation,5.43,0.28,12,1.99,0.24,12,NA,NA,NA,NA,NA,NA,NA,1,NA,FALSE,FALSE
1958,518,"Straub C.S., Simasek N.P., Dohm R., Gapinski M.R., Aikens E.O., Nagy C.",2014,United States of America,40.202042,-75.470325,Simplified,Monoculture,Intercropping,Alfalfa-Grasses,518_C1,518_T1,Insect,Pests,Abundance,standard error,1.83,0.618688548463603,12,1.535,0.463843206266945,12,NA,NA,NA,NA,NA,NA,NA,NA,NA,FALSE,FALSE
1971,520,"Zhou H., Chen L., Chen J., Francis F., Haubruge E., Liu Y., Bragard C., Cheng D.",2013,China,39.5,116.616666666666,Simplified,Monoculture,Intercropping,Wheat-Pea,520_C1,520_T3,Insect,Pests,Abundance,standard error,16.2329,0.397755389655502,15,18.6986,2.38769423293687,15,LER,2.237,0.117,3,NA,NA,NA,1,0,FALSE,FALSE
1972,520,"Zhou H., Chen L., Chen J., Francis F., Haubruge E., Liu Y., Bragard C., Cheng D.",2013,China,39.5,116.616666666666,Simplified,Monoculture,Intercropping,Wheat-Pea,520_C1,520_T2,Insect,Pests,Abundance,standard error,16.8493,0.795898077645624,15,18.6986,2.38769423293687,15,LER,2.366,0.18,3,NA,NA,NA,1,0,FALSE,FALSE
1973,520,"Zhou H., Chen L., Chen J., Francis F., Haubruge E., Liu Y., Bragard C., Cheng D.",2013,China,39.5,116.616666666666,Simplified,Monoculture,Intercropping,Wheat-Pea,520_C1,520_T1,Insect,Pests,Abundance,standard error,16.1301,0.795898077645624,15,18.6986,2.38769423293687,15,LER,2.244,0.128,3,NA,NA,NA,1,0,FALSE,FALSE
1974,520,"Zhou H., Chen L., Chen J., Francis F., Haubruge E., Liu Y., Bragard C., Cheng D.",2013,China,39.5,116.616666666666,Simplified,Monoculture,Intercropping,Wheat-Pea,520_C1,520_T1,Insect,Pests,Abundance,standard error,4.492,0.201395134002786,15,4.988,0.402790268005571,15,LER,2.237,0.117,3,NA,NA,NA,1,0,FALSE,FALSE
1975,520,"Zhou H., Chen L., Chen J., Francis F., Haubruge E., Liu Y., Bragard C., Cheng D.",2013,China,39.5,116.616666666666,Simplified,Monoculture,Intercropping,Wheat-Pea,520_C1,520_T2,Insect,Pests,Abundance,standard error,4.881,0.12006248373243,15,4.988,0.402790268005571,15,LER,2.366,0.18,3,NA,NA,NA,1,0,FALSE,FALSE
1976,520,"Zhou H., Chen L., Chen J., Francis F., Haubruge E., Liu Y., Bragard C., Cheng D.",2013,China,39.5,116.616666666666,Simplified,Monoculture,Intercropping,Wheat-Pea,520_C1,520_T3,Insect,Pests,Abundance,standard error,4.361,0.402790268005571,15,4.988,0.402790268005571,15,LER,2.244,0.128,3,NA,NA,NA,1,0,FALSE,FALSE
1977,520,"Zhou H., Chen L., Chen J., Francis F., Haubruge E., Liu Y., Bragard C., Cheng D.",2013,China,39.5,116.616666666666,Simplified,Monoculture,Intercropping,Wheat-Pea,520_C1,520_T1,Insect,Natural enemies,Abundance,standard error,2.831,0.426028168082816,15,2.474,0.0503487835006964,15,LER,2.237,0.117,3,NA,NA,NA,1,0,FALSE,FALSE
1978,520,"Zhou H., Chen L., Chen J., Francis F., Haubruge E., Liu Y., Bragard C., Cheng D.",2013,China,39.5,116.616666666666,Simplified,Monoculture,Intercropping,Wheat-Pea,520_C1,520_T2,Insect,Natural enemies,Abundance,standard error,2.817,0.263362867542104,15,2.474,0.0503487835006964,15,LER,2.366,0.18,3,NA,NA,NA,1,0,FALSE,FALSE
1979,520,"Zhou H., Chen L., Chen J., Francis F., Haubruge E., Liu Y., Bragard C., Cheng D.",2013,China,39.5,116.616666666666,Simplified,Monoculture,Intercropping,Wheat-Pea,520_C1,520_T3,Insect,Natural enemies,Abundance,standard error,2.941,0.1045705503476,15,2.474,0.0503487835006964,15,LER,2.244,0.128,3,NA,NA,NA,1,0,FALSE,FALSE
1980,520,"Zhou H., Chen L., Chen J., Francis F., Haubruge E., Liu Y., Bragard C., Cheng D.",2013,China,39.5,116.616666666666,Simplified,Monoculture,Intercropping,Wheat-Pea,520_C1,520_T1,Insect,Natural enemies,Abundance,standard error,2.501,0.185903200617956,15,2.193,0,15,LER,2.237,0.117,3,NA,NA,NA,1,0,TRUE,FALSE
1981,520,"Zhou H., Chen L., Chen J., Francis F., Haubruge E., Liu Y., Bragard C., Cheng D.",2013,China,39.5,116.616666666666,Simplified,Monoculture,Intercropping,Wheat-Pea,520_C1,520_T2,Insect,Natural enemies,Abundance,standard error,2.388,0.185903200617956,15,2.193,0,15,LER,2.366,0.18,3,NA,NA,NA,1,0,TRUE,FALSE
1982,520,"Zhou H., Chen L., Chen J., Francis F., Haubruge E., Liu Y., Bragard C., Cheng D.",2013,China,39.5,116.616666666666,Simplified,Monoculture,Intercropping,Wheat-Pea,520_C1,520_T3,Insect,Natural enemies,Abundance,standard error,2.55,0,15,2.193,0,15,LER,2.244,0.128,3,NA,NA,NA,1,0,TRUE,FALSE
1983,522,"Straub C.S., Simasek N.P., Gapinski M.R., Dohm R., Aikens E.O., Muscella S.",2013,United States of America,40.202042,-75.470325,Simplified,Monoculture,Intercropping,Alfalfa-Grasses,522_C1,522_T1,Insect,Pests,Abundance,standard error,0.13,0.105328058939677,6,0.15,0.110227038425243,6,NA,NA,NA,NA,NA,NA,NA,NA,NA,FALSE,FALSE
1984,522,"Straub C.S., Simasek N.P., Gapinski M.R., Dohm R., Aikens E.O., Muscella S.",2013,United States of America,40.202042,-75.470325,Simplified,Monoculture,Intercropping,Alfalfa-Grasses,522_C1,522_T1,Plants,Autotrophs,Species richness,standard error,5.21,0.220454076850486,6,3.46,1.02878569196893,6,NA,NA,NA,NA,NA,NA,NA,NA,NA,FALSE,FALSE
1985,522,"Straub C.S., Simasek N.P., Gapinski M.R., Dohm R., Aikens E.O., Muscella S.",2013,United States of America,40.202042,-75.470325,Simplified,Monoculture,Intercropping,Alfalfa-Grasses,522_C1,522_T1,Insect,Pests,Abundance,standard error,0.103,0.0514392845984467,6,0.057,0.0293938769133981,6,NA,NA,NA,NA,NA,NA,NA,NA,NA,FALSE,FALSE
1986,522,"Straub C.S., Simasek N.P., Gapinski M.R., Dohm R., Aikens E.O., Muscella S.",2013,United States of America,40.202042,-75.470325,Simplified,Monoculture,Intercropping,Alfalfa-Grasses,522_C1,522_T1,Insect,Pests,Abundance,standard error,0.11,0.0612372435695794,6,0.08,0.0538887743412299,6,NA,NA,NA,NA,NA,NA,NA,NA,NA,FALSE,FALSE
1987,522,"Straub C.S., Simasek N.P., Gapinski M.R., Dohm R., Aikens E.O., Muscella S.",2013,United States of America,40.202042,-75.470325,Simplified,Monoculture,Intercropping,Alfalfa-Grasses,522_C1,522_T1,Insect,Pests,Abundance,standard error,0.164,0.0489897948556636,6,0.06,0.0293938769133981,6,NA,NA,NA,NA,NA,NA,NA,NA,NA,FALSE,FALSE
1988,522,"Straub C.S., Simasek N.P., Gapinski M.R., Dohm R., Aikens E.O., Muscella S.",2013,United States of America,40.202042,-75.470325,Simplified,Monoculture,Intercropping,Alfalfa-Grasses,522_C1,522_T1,Insect,Pests,Abundance,standard error,0.11,0.0538887743412299,6,0.04,0.026944387170615,6,NA,NA,NA,NA,NA,NA,NA,NA,NA,FALSE,FALSE
1989,522,"Straub C.S., Simasek N.P., Gapinski M.R., Dohm R., Aikens E.O., Muscella S.",2013,United States of America,40.202042,-75.470325,Simplified,Monoculture,Intercropping,Alfalfa-Grasses,522_C1,522_T1,Insect,Pests,Abundance,standard error,0.322,0.169014792252039,6,0.126,0.0293938769133981,6,NA,NA,NA,NA,NA,NA,NA,NA,NA,FALSE,FALSE
1990,522,"Straub C.S., Simasek N.P., Gapinski M.R., Dohm R., Aikens E.O., Muscella S.",2013,United States of America,40.202042,-75.470325,Simplified,Monoculture,Intercropping,Alfalfa-Grasses,522_C1,522_T1,Insect,Pests,Abundance,standard error,0.05,0.0195959179422654,6,0.03,0.0293938769133981,6,NA,NA,NA,NA,NA,NA,NA,NA,NA,FALSE,FALSE
1991,522,"Straub C.S., Simasek N.P., Gapinski M.R., Dohm R., Aikens E.O., Muscella S.",2013,United States of America,40.202042,-75.470325,Simplified,Monoculture,Intercropping,Alfalfa-Grasses,522_C1,522_T1,Insect,Pests,Abundance,standard error,0.239,0.117575507653593,6,0.115,0.0342928563989645,6,NA,NA,NA,NA,NA,NA,NA,NA,NA,FALSE,FALSE
1992,524,"Fernandes F.S., Ramalho F.S., Godoy W.A.C., Pachu J.K.S., Nascimento R.B., Malaquias J.B., Zanuncio J.C.",2013,Brazil,-7.164262,-35.85607,Simplified,Monoculture,Intercropping,Cotton-Fennel,"524_C1
",524_T2,Insect,Pests,Abundance,standard deviation,0,0,4,0,0,4,NA,NA,NA,NA,NA,NA,NA,0,NA,TRUE,TRUE
1993,524,"Fernandes F.S., Ramalho F.S., Godoy W.A.C., Pachu J.K.S., Nascimento R.B., Malaquias J.B., Zanuncio J.C.",2013,Brazil,-7.164262,-35.85607,Simplified,Monoculture,Intercropping,Cotton-Fennel,"524_C1
",524_T1,Insect,Pests,Abundance,standard deviation,0,0,4,0,0,4,NA,NA,NA,NA,NA,NA,NA,0,NA,TRUE,TRUE
1994,524,"Fernandes F.S., Ramalho F.S., Godoy W.A.C., Pachu J.K.S., Nascimento R.B., Malaquias J.B., Zanuncio J.C.",2013,Brazil,-7.164262,-35.85607,Simplified,Monoculture,Intercropping,Cotton-Fennel,"524_C1
",524_T2,Insect,Pests,Abundance,standard deviation,0.05,0,4,0,0,4,NA,NA,NA,NA,NA,NA,NA,0,NA,TRUE,TRUE
1995,524,"Fernandes F.S., Ramalho F.S., Godoy W.A.C., Pachu J.K.S., Nascimento R.B., Malaquias J.B., Zanuncio J.C.",2013,Brazil,-7.164262,-35.85607,Simplified,Monoculture,Intercropping,Cotton-Fennel,"524_C1
",524_T1,Insect,Pests,Abundance,standard deviation,0.56,0.08,4,0,0,4,NA,NA,NA,NA,NA,NA,NA,0,NA,TRUE,TRUE
1996,524,"Fernandes F.S., Ramalho F.S., Godoy W.A.C., Pachu J.K.S., Nascimento R.B., Malaquias J.B., Zanuncio J.C.",2013,Brazil,-7.164262,-35.85607,Simplified,Monoculture,Intercropping,Cotton-Fennel,"524_C1
",524_T2,Insect,Pests,Abundance,standard deviation,0,0,4,0,0,4,NA,NA,NA,NA,NA,NA,NA,0,NA,TRUE,TRUE
1997,524,"Fernandes F.S., Ramalho F.S., Godoy W.A.C., Pachu J.K.S., Nascimento R.B., Malaquias J.B., Zanuncio J.C.",2013,Brazil,-7.164262,-35.85607,Simplified,Monoculture,Intercropping,Cotton-Fennel,"524_C1
",524_T1,Insect,Pests,Abundance,standard deviation,0,0,4,0,0,4,NA,NA,NA,NA,NA,NA,NA,0,NA,TRUE,TRUE
1998,524,"Fernandes F.S., Ramalho F.S., Godoy W.A.C., Pachu J.K.S., Nascimento R.B., Malaquias J.B., Zanuncio J.C.",2013,Brazil,-7.164262,-35.85607,Simplified,Monoculture,Intercropping,Cotton-Fennel,"524_C1
",524_T2,Insect,Pests,Abundance,standard deviation,0,0,4,0,0,4,NA,NA,NA,NA,NA,NA,NA,0,NA,TRUE,TRUE
1999,524,"Fernandes F.S., Ramalho F.S., Godoy W.A.C., Pachu J.K.S., Nascimento R.B., Malaquias J.B., Zanuncio J.C.",2013,Brazil,-7.164262,-35.85607,Simplified,Monoculture,Intercropping,Cotton-Fennel,"524_C1
",524_T1,Insect,Pests,Abundance,standard deviation,0,0,4,0,0,4,NA,NA,NA,NA,NA,NA,NA,0,NA,TRUE,TRUE
2000,524,"Fernandes F.S., Ramalho F.S., Godoy W.A.C., Pachu J.K.S., Nascimento R.B., Malaquias J.B., Zanuncio J.C.",2013,Brazil,-7.164262,-35.85607,Simplified,Monoculture,Intercropping,Cotton-Fennel,"524_C1
",524_T2,Insect,Pests,Abundance,standard deviation,0.02,0,4,0.15,0.04,4,NA,NA,NA,NA,NA,NA,NA,0,NA,TRUE,FALSE
2001,524,"Fernandes F.S., Ramalho F.S., Godoy W.A.C., Pachu J.K.S., Nascimento R.B., Malaquias J.B., Zanuncio J.C.",2013,Brazil,-7.164262,-35.85607,Simplified,Monoculture,Intercropping,Cotton-Fennel,"524_C1
",524_T1,Insect,Pests,Abundance,standard deviation,0.28,0.05,4,2.35,0.87,4,NA,NA,NA,NA,NA,NA,NA,0,NA,FALSE,FALSE
2002,524,"Fernandes F.S., Ramalho F.S., Godoy W.A.C., Pachu J.K.S., Nascimento R.B., Malaquias J.B., Zanuncio J.C.",2013,Brazil,-7.164262,-35.85607,Simplified,Monoculture,Intercropping,Cotton-Fennel,"524_C1
",524_T2,Insect,Pests,Abundance,standard deviation,0,0,4,0.02,0,4,NA,NA,NA,NA,NA,NA,NA,0,NA,TRUE,TRUE
2003,524,"Fernandes F.S., Ramalho F.S., Godoy W.A.C., Pachu J.K.S., Nascimento R.B., Malaquias J.B., Zanuncio J.C.",2013,Brazil,-7.164262,-35.85607,Simplified,Monoculture,Intercropping,Cotton-Fennel,"524_C1
",524_T1,Insect,Pests,Abundance,standard deviation,0,0,4,1.37,0.45,4,NA,NA,NA,NA,NA,NA,NA,0,NA,TRUE,TRUE
2004,524,"Fernandes F.S., Ramalho F.S., Godoy W.A.C., Pachu J.K.S., Nascimento R.B., Malaquias J.B., Zanuncio J.C.",2013,Brazil,-7.164262,-35.85607,Simplified,Monoculture,Intercropping,Cotton-Fennel,"524_C1
",524_T2,Insect,Pests,Abundance,standard deviation,0,0,4,0.02,0,4,NA,NA,NA,NA,NA,NA,NA,0,NA,TRUE,TRUE
2005,524,"Fernandes F.S., Ramalho F.S., Godoy W.A.C., Pachu J.K.S., Nascimento R.B., Malaquias J.B., Zanuncio J.C.",2013,Brazil,-7.164262,-35.85607,Simplified,Monoculture,Intercropping,Cotton-Fennel,"524_C1
",524_T1,Insect,Pests,Abundance,standard deviation,0,0,4,3.54,0.87,4,NA,NA,NA,NA,NA,NA,NA,0,NA,TRUE,TRUE
2006,524,"Fernandes F.S., Ramalho F.S., Godoy W.A.C., Pachu J.K.S., Nascimento R.B., Malaquias J.B., Zanuncio J.C.",2013,Brazil,-7.164262,-35.85607,Simplified,Monoculture,Intercropping,Cotton-Fennel,"524_C1
",524_T2,Insect,Pests,Abundance,standard deviation,0,0,4,0.28,0.08,4,NA,NA,NA,NA,NA,NA,NA,0,NA,TRUE,TRUE
2007,524,"Fernandes F.S., Ramalho F.S., Godoy W.A.C., Pachu J.K.S., Nascimento R.B., Malaquias J.B., Zanuncio J.C.",2013,Brazil,-7.164262,-35.85607,Simplified,Monoculture,Intercropping,Cotton-Fennel,"524_C1
",524_T1,Insect,Pests,Abundance,standard deviation,0.01,0,4,27.13,5.78,4,NA,NA,NA,NA,NA,NA,NA,0,NA,TRUE,FALSE
2008,524,"Fernandes F.S., Ramalho F.S., Godoy W.A.C., Pachu J.K.S., Nascimento R.B., Malaquias J.B., Zanuncio J.C.",2013,Brazil,-7.164262,-35.85607,Simplified,Monoculture,Intercropping,Cotton-Fennel,"524_C1
",524_T2,Insect,Pests,Abundance,standard deviation,0.13,0.002,4,0.49,0.09,4,NA,NA,NA,NA,NA,NA,NA,0,NA,FALSE,FALSE
2009,524,"Fernandes F.S., Ramalho F.S., Godoy W.A.C., Pachu J.K.S., Nascimento R.B., Malaquias J.B., Zanuncio J.C.",2013,Brazil,-7.164262,-35.85607,Simplified,Monoculture,Intercropping,Cotton-Fennel,"524_C1
",524_T1,Insect,Pests,Abundance,standard deviation,3.51,0.77,4,19.54,4.65,4,NA,NA,NA,NA,NA,NA,NA,0,NA,FALSE,FALSE
2010,524,"Fernandes F.S., Ramalho F.S., Godoy W.A.C., Pachu J.K.S., Nascimento R.B., Malaquias J.B., Zanuncio J.C.",2013,Brazil,-7.164262,-35.85607,Simplified,Monoculture,Intercropping,Cotton-Fennel,"524_C1
",524_T2,Insect,Pests,Abundance,standard deviation,0.27,0.04,4,0.61,0.09,4,NA,NA,NA,NA,NA,NA,NA,0,NA,FALSE,FALSE
2011,524,"Fernandes F.S., Ramalho F.S., Godoy W.A.C., Pachu J.K.S., Nascimento R.B., Malaquias J.B., Zanuncio J.C.",2013,Brazil,-7.164262,-35.85607,Simplified,Monoculture,Intercropping,Cotton-Fennel,"524_C1
",524_T1,Insect,Pests,Abundance,standard deviation,8.37,2.85,4,23.98,5.46,4,NA,NA,NA,NA,NA,NA,NA,0,NA,FALSE,FALSE
2012,524,"Fernandes F.S., Ramalho F.S., Godoy W.A.C., Pachu J.K.S., Nascimento R.B., Malaquias J.B., Zanuncio J.C.",2013,Brazil,-7.164262,-35.85607,Simplified,Monoculture,Intercropping,Cotton-Fennel,"524_C1
",524_T2,Insect,Pests,Abundance,standard deviation,0.13,0.01,4,1.14,0.12,4,NA,NA,NA,NA,NA,NA,NA,0,NA,FALSE,FALSE
2013,524,"Fernandes F.S., Ramalho F.S., Godoy W.A.C., Pachu J.K.S., Nascimento R.B., Malaquias J.B., Zanuncio J.C.",2013,Brazil,-7.164262,-35.85607,Simplified,Monoculture,Intercropping,Cotton-Fennel,"524_C1
",524_T1,Insect,Pests,Abundance,standard deviation,12.03,2.76,4,20.43,5,4,NA,NA,NA,NA,NA,NA,NA,0,NA,FALSE,FALSE
2014,524,"Fernandes F.S., Ramalho F.S., Godoy W.A.C., Pachu J.K.S., Nascimento R.B., Malaquias J.B., Zanuncio J.C.",2013,Brazil,-7.164262,-35.85607,Simplified,Monoculture,Intercropping,Cotton-Fennel,"524_C1
",524_T2,Insect,Pests,Abundance,standard deviation,0,0,4,0,0,4,NA,NA,NA,NA,NA,NA,NA,0,NA,TRUE,TRUE
2015,524,"Fernandes F.S., Ramalho F.S., Godoy W.A.C., Pachu J.K.S., Nascimento R.B., Malaquias J.B., Zanuncio J.C.",2013,Brazil,-7.164262,-35.85607,Simplified,Monoculture,Intercropping,Cotton-Fennel,"524_C1
",524_T1,Insect,Pests,Abundance,standard deviation,0,0,4,0,0,4,NA,NA,NA,NA,NA,NA,NA,0,NA,TRUE,TRUE
2016,524,"Fernandes F.S., Ramalho F.S., Godoy W.A.C., Pachu J.K.S., Nascimento R.B., Malaquias J.B., Zanuncio J.C.",2013,Brazil,-7.164262,-35.85607,Simplified,Monoculture,Intercropping,Cotton-Fennel,"524_C1
",524_T2,Insect,Pests,Abundance,standard deviation,0.45,0.08,4,0.66,0.08,4,NA,NA,NA,NA,NA,NA,NA,0,NA,FALSE,FALSE
2017,524,"Fernandes F.S., Ramalho F.S., Godoy W.A.C., Pachu J.K.S., Nascimento R.B., Malaquias J.B., Zanuncio J.C.",2013,Brazil,-7.164262,-35.85607,Simplified,Monoculture,Intercropping,Cotton-Fennel,"524_C1
",524_T1,Insect,Pests,Abundance,standard deviation,28.45,6.12,4,36.06,7.76,4,NA,NA,NA,NA,NA,NA,NA,0,NA,FALSE,FALSE
2018,524,"Fernandes F.S., Ramalho F.S., Godoy W.A.C., Pachu J.K.S., Nascimento R.B., Malaquias J.B., Zanuncio J.C.",2013,Brazil,-7.164262,-35.85607,Simplified,Monoculture,Intercropping,Cotton-Fennel,"524_C1
",524_T2,Insect,Pests,Abundance,standard deviation,0.88,0.09,4,0.31,0.07,4,NA,NA,NA,NA,NA,NA,NA,0,NA,FALSE,FALSE
2019,524,"Fernandes F.S., Ramalho F.S., Godoy W.A.C., Pachu J.K.S., Nascimento R.B., Malaquias J.B., Zanuncio J.C.",2013,Brazil,-7.164262,-35.85607,Simplified,Monoculture,Intercropping,Cotton-Fennel,"524_C1
",524_T1,Insect,Pests,Abundance,standard deviation,14.58,3.09,4,11.03,3.76,4,NA,NA,NA,NA,NA,NA,NA,0,NA,FALSE,FALSE
2020,524,"Fernandes F.S., Ramalho F.S., Godoy W.A.C., Pachu J.K.S., Nascimento R.B., Malaquias J.B., Zanuncio J.C.",2013,Brazil,-7.164262,-35.85607,Simplified,Monoculture,Intercropping,Cotton-Fennel,"524_C1
",524_T2,Insect,Pests,Abundance,standard deviation,0.01,0,4,0,0,4,NA,NA,NA,NA,NA,NA,NA,0,NA,TRUE,TRUE
2021,524,"Fernandes F.S., Ramalho F.S., Godoy W.A.C., Pachu J.K.S., Nascimento R.B., Malaquias J.B., Zanuncio J.C.",2013,Brazil,-7.164262,-35.85607,Simplified,Monoculture,Intercropping,Cotton-Fennel,"524_C1
",524_T1,Insect,Pests,Abundance,standard deviation,0,0,4,0,0,4,NA,NA,NA,NA,NA,NA,NA,0,NA,TRUE,TRUE
2022,524,"Fernandes F.S., Ramalho F.S., Godoy W.A.C., Pachu J.K.S., Nascimento R.B., Malaquias J.B., Zanuncio J.C.",2013,Brazil,-7.164262,-35.85607,Simplified,Monoculture,Intercropping,Cotton-Fennel,"524_C1
",524_T2,Insect,Pests,Abundance,standard deviation,0,0,4,0,0,4,NA,NA,NA,NA,NA,NA,NA,0,NA,TRUE,TRUE
2023,524,"Fernandes F.S., Ramalho F.S., Godoy W.A.C., Pachu J.K.S., Nascimento R.B., Malaquias J.B., Zanuncio J.C.",2013,Brazil,-7.164262,-35.85607,Simplified,Monoculture,Intercropping,Cotton-Fennel,"524_C1
",524_T1,Insect,Pests,Abundance,standard deviation,0,0,4,0,0,4,NA,NA,NA,NA,NA,NA,NA,0,NA,TRUE,TRUE
2024,524,"Fernandes F.S., Ramalho F.S., Godoy W.A.C., Pachu J.K.S., Nascimento R.B., Malaquias J.B., Zanuncio J.C.",2013,Brazil,-7.164262,-35.85607,Simplified,Monoculture,Intercropping,Cotton-Fennel,"524_C1
",524_T2,Insect,Pests,Abundance,standard deviation,0,0,4,0,0,4,NA,NA,NA,NA,NA,NA,NA,0,NA,TRUE,TRUE
2025,524,"Fernandes F.S., Ramalho F.S., Godoy W.A.C., Pachu J.K.S., Nascimento R.B., Malaquias J.B., Zanuncio J.C.",2013,Brazil,-7.164262,-35.85607,Simplified,Monoculture,Intercropping,Cotton-Fennel,"524_C1
",524_T1,Insect,Pests,Abundance,standard deviation,0,0,4,0,0,4,NA,NA,NA,NA,NA,NA,NA,0,NA,TRUE,TRUE
2026,524,"Fernandes F.S., Ramalho F.S., Godoy W.A.C., Pachu J.K.S., Nascimento R.B., Malaquias J.B., Zanuncio J.C.",2013,Brazil,-7.164262,-35.85607,Simplified,Monoculture,Intercropping,Cotton-Fennel,"524_C1
",524_T2,Insect,Pests,Abundance,standard deviation,0,0,4,0,0,4,NA,NA,NA,NA,NA,NA,NA,0,NA,TRUE,TRUE
2027,524,"Fernandes F.S., Ramalho F.S., Godoy W.A.C., Pachu J.K.S., Nascimento R.B., Malaquias J.B., Zanuncio J.C.",2013,Brazil,-7.164262,-35.85607,Simplified,Monoculture,Intercropping,Cotton-Fennel,"524_C1
",524_T1,Insect,Pests,Abundance,standard deviation,0,0,4,0,0,4,NA,NA,NA,NA,NA,NA,NA,0,NA,TRUE,TRUE
2028,524,"Fernandes F.S., Ramalho F.S., Godoy W.A.C., Pachu J.K.S., Nascimento R.B., Malaquias J.B., Zanuncio J.C.",2013,Brazil,-7.164262,-35.85607,Simplified,Monoculture,Intercropping,Cotton-Fennel,"524_C1
",524_T2,Insect,Pests,Abundance,standard deviation,0,0,4,0,0,4,NA,NA,NA,NA,NA,NA,NA,0,NA,TRUE,TRUE
2029,524,"Fernandes F.S., Ramalho F.S., Godoy W.A.C., Pachu J.K.S., Nascimento R.B., Malaquias J.B., Zanuncio J.C.",2013,Brazil,-7.164262,-35.85607,Simplified,Monoculture,Intercropping,Cotton-Fennel,"524_C1
",524_T1,Insect,Pests,Abundance,standard deviation,0,0,4,0,0,4,NA,NA,NA,NA,NA,NA,NA,0,NA,TRUE,TRUE
2030,524,"Fernandes F.S., Ramalho F.S., Godoy W.A.C., Pachu J.K.S., Nascimento R.B., Malaquias J.B., Zanuncio J.C.",2013,Brazil,-7.164262,-35.85607,Simplified,Monoculture,Intercropping,Cotton-Fennel,"524_C1
",524_T2,Insect,Pests,Abundance,standard deviation,0,0,4,0,0,4,NA,NA,NA,NA,NA,NA,NA,0,NA,TRUE,TRUE
2031,524,"Fernandes F.S., Ramalho F.S., Godoy W.A.C., Pachu J.K.S., Nascimento R.B., Malaquias J.B., Zanuncio J.C.",2013,Brazil,-7.164262,-35.85607,Simplified,Monoculture,Intercropping,Cotton-Fennel,"524_C1
",524_T1,Insect,Pests,Abundance,standard deviation,0,0,4,0,0,4,NA,NA,NA,NA,NA,NA,NA,0,NA,TRUE,TRUE
2032,524,"Fernandes F.S., Ramalho F.S., Godoy W.A.C., Pachu J.K.S., Nascimento R.B., Malaquias J.B., Zanuncio J.C.",2013,Brazil,-7.164262,-35.85607,Simplified,Monoculture,Intercropping,Cotton-Fennel,"524_C1
",524_T2,Insect,Pests,Abundance,standard deviation,0,0,4,0,0,4,NA,NA,NA,NA,NA,NA,NA,0,NA,TRUE,TRUE
2033,524,"Fernandes F.S., Ramalho F.S., Godoy W.A.C., Pachu J.K.S., Nascimento R.B., Malaquias J.B., Zanuncio J.C.",2013,Brazil,-7.164262,-35.85607,Simplified,Monoculture,Intercropping,Cotton-Fennel,"524_C1
",524_T1,Insect,Pests,Abundance,standard deviation,0,0,4,0,0,4,NA,NA,NA,NA,NA,NA,NA,0,NA,TRUE,TRUE
2034,525,"Zhou H.-B., Chen J.-L., Liu Y., Francis F., Haubruge E., Bragard C., Sun J.-R., Cheng D.-F.",2013,China,39.5,116.616666666666,Simplified,Monoculture,Intercropping,Wheat-Garlic,525_C7,525_T3,Insect,Natural enemies,Abundance,standard deviation,2.53,0,4,2.53,0,4,kg/ha,4771.2,457,4,4075.2,538.8,4,NA,NA,TRUE,FALSE
2035,525,"Zhou H.-B., Chen J.-L., Liu Y., Francis F., Haubruge E., Bragard C., Sun J.-R., Cheng D.-F.",2013,China,39.5,116.616666666666,Simplified,Monoculture,Intercropping,Wheat-Garlic,525_C7,525_T4,Insect,Natural enemies,Abundance,standard deviation,3.04,1.93,4,2.53,0,4,kg/ha,5726.4,408,4,4075.2,538.8,4,NA,NA,TRUE,FALSE
2036,525,"Zhou H.-B., Chen J.-L., Liu Y., Francis F., Haubruge E., Bragard C., Sun J.-R., Cheng D.-F.",2013,China,39.5,116.616666666666,Simplified,Monoculture,Intercropping,Wheat-Garlic,525_C8,525_T3,Insect,Natural enemies,Abundance,standard deviation,2.53,0,4,3.04,1.93,4,kg/ha,4771.2,457,4,4814.4,231.2,4,NA,NA,TRUE,FALSE
2037,525,"Zhou H.-B., Chen J.-L., Liu Y., Francis F., Haubruge E., Bragard C., Sun J.-R., Cheng D.-F.",2013,China,39.5,116.616666666666,Simplified,Monoculture,Intercropping,Wheat-Garlic,525_C8,525_T4,Insect,Natural enemies,Abundance,standard deviation,3.04,1.93,4,3.04,1.93,4,kg/ha,5726.4,408,4,4814.4,231.2,4,NA,NA,FALSE,FALSE
2038,525,"Zhou H.-B., Chen J.-L., Liu Y., Francis F., Haubruge E., Bragard C., Sun J.-R., Cheng D.-F.",2013,China,39.5,116.616666666666,Simplified,Monoculture,Intercropping,Wheat-Garlic,525_C1,525_T1,Insect,Pests,Abundance,standard deviation,0,0,100,0,0,100,kg/ha,4771.2,457,4,4737.6,307.8,4,NA,NA,TRUE,TRUE
2039,525,"Zhou H.-B., Chen J.-L., Liu Y., Francis F., Haubruge E., Bragard C., Sun J.-R., Cheng D.-F.",2013,China,39.5,116.616666666666,Simplified,Monoculture,Intercropping,Wheat-Garlic,525_C1,525_T2,Insect,Pests,Abundance,standard deviation,0,0,100,0,0,100,kg/ha,5726.4,408,4,4737.6,307.8,4,NA,NA,TRUE,TRUE
2040,525,"Zhou H.-B., Chen J.-L., Liu Y., Francis F., Haubruge E., Bragard C., Sun J.-R., Cheng D.-F.",2013,China,39.5,116.616666666666,Simplified,Monoculture,Intercropping,Wheat-Garlic,525_C2,525_T1,Insect,Pests,Abundance,standard deviation,0,0,100,0,0,100,kg/ha,4771.2,457,4,5020.8,304.8,4,NA,NA,TRUE,TRUE
2041,525,"Zhou H.-B., Chen J.-L., Liu Y., Francis F., Haubruge E., Bragard C., Sun J.-R., Cheng D.-F.",2013,China,39.5,116.616666666666,Simplified,Monoculture,Intercropping,Wheat-Garlic,525_C2,525_T2,Insect,Pests,Abundance,standard deviation,0,0,100,0,0,100,kg/ha,5726.4,408,4,5020.8,304.8,4,NA,NA,TRUE,TRUE
2042,525,"Zhou H.-B., Chen J.-L., Liu Y., Francis F., Haubruge E., Bragard C., Sun J.-R., Cheng D.-F.",2013,China,39.5,116.616666666666,Simplified,Monoculture,Intercropping,Wheat-Garlic,525_C3,525_T1,Insect,Pests,Abundance,standard deviation,0,0,100,0,0,100,kg/ha,4771.2,457,4,4075.2,538.8,4,NA,NA,TRUE,TRUE
2043,525,"Zhou H.-B., Chen J.-L., Liu Y., Francis F., Haubruge E., Bragard C., Sun J.-R., Cheng D.-F.",2013,China,39.5,116.616666666666,Simplified,Monoculture,Intercropping,Wheat-Garlic,525_C3,525_T2,Insect,Pests,Abundance,standard deviation,0,0,100,0,0,100,kg/ha,5726.4,408,4,4075.2,538.8,4,NA,NA,TRUE,TRUE
2044,525,"Zhou H.-B., Chen J.-L., Liu Y., Francis F., Haubruge E., Bragard C., Sun J.-R., Cheng D.-F.",2013,China,39.5,116.616666666666,Simplified,Monoculture,Intercropping,Wheat-Garlic,525_C5,525_T1,Insect,Pests,Abundance,standard deviation,0,0,100,0,0,100,kg/ha,4771.2,457,4,6182.4,457.6,4,NA,NA,TRUE,TRUE
2045,525,"Zhou H.-B., Chen J.-L., Liu Y., Francis F., Haubruge E., Bragard C., Sun J.-R., Cheng D.-F.",2013,China,39.5,116.616666666666,Simplified,Monoculture,Intercropping,Wheat-Garlic,525_C5,525_T2,Insect,Pests,Abundance,standard deviation,0,0,100,0,0,100,kg/ha,5726.4,408,4,6182.4,457.6,4,NA,NA,TRUE,TRUE
2046,525,"Zhou H.-B., Chen J.-L., Liu Y., Francis F., Haubruge E., Bragard C., Sun J.-R., Cheng D.-F.",2013,China,39.5,116.616666666666,Simplified,Monoculture,Intercropping,Wheat-Garlic,525_C6,525_T1,Insect,Pests,Abundance,standard deviation,0,0,100,0,0,100,kg/ha,4771.2,457,4,4814.4,231.2,4,NA,NA,TRUE,TRUE
2047,525,"Zhou H.-B., Chen J.-L., Liu Y., Francis F., Haubruge E., Bragard C., Sun J.-R., Cheng D.-F.",2013,China,39.5,116.616666666666,Simplified,Monoculture,Intercropping,Wheat-Garlic,525_C6,525_T2,Insect,Pests,Abundance,standard deviation,0,0,100,0,0,100,kg/ha,5726.4,408,4,4814.4,231.2,4,NA,NA,TRUE,TRUE
2048,525,"Zhou H.-B., Chen J.-L., Liu Y., Francis F., Haubruge E., Bragard C., Sun J.-R., Cheng D.-F.",2013,China,39.5,116.616666666666,Simplified,Monoculture,Intercropping,Wheat-Garlic,525_C4,525_T1,Insect,Pests,Abundance,standard deviation,0,0,100,0,0,100,kg/ha,4771.2,457,4,5736,189,4,NA,NA,TRUE,TRUE
2049,525,"Zhou H.-B., Chen J.-L., Liu Y., Francis F., Haubruge E., Bragard C., Sun J.-R., Cheng D.-F.",2013,China,39.5,116.616666666666,Simplified,Monoculture,Intercropping,Wheat-Garlic,525_C4,525_T2,Insect,Pests,Abundance,standard deviation,0,0,100,0,0,100,kg/ha,5726.4,408,4,5736,189,4,NA,NA,TRUE,TRUE
2050,525,"Zhou H.-B., Chen J.-L., Liu Y., Francis F., Haubruge E., Bragard C., Sun J.-R., Cheng D.-F.",2013,China,39.5,116.616666666666,Simplified,Monoculture,Intercropping,Wheat-Garlic,525_C1,525_T1,Insect,Pests,Abundance,standard deviation,4266.06,160.55,100,3188.07,183.49,100,kg/ha,4771.2,457,4,4737.6,307.8,4,NA,NA,FALSE,FALSE
2051,525,"Zhou H.-B., Chen J.-L., Liu Y., Francis F., Haubruge E., Bragard C., Sun J.-R., Cheng D.-F.",2013,China,39.5,116.616666666666,Simplified,Monoculture,Intercropping,Wheat-Garlic,525_C1,525_T2,Insect,Pests,Abundance,standard deviation,3087.56,138.25,100,3188.07,183.49,100,kg/ha,5726.4,408,4,4737.6,307.8,4,NA,NA,FALSE,FALSE
2052,525,"Zhou H.-B., Chen J.-L., Liu Y., Francis F., Haubruge E., Bragard C., Sun J.-R., Cheng D.-F.",2013,China,39.5,116.616666666666,Simplified,Monoculture,Intercropping,Wheat-Garlic,525_C3,525_T1,Insect,Pests,Abundance,standard deviation,4266.06,160.55,100,4678.9,183.49,100,kg/ha,4771.2,457,4,4075.2,538.8,4,NA,NA,FALSE,FALSE
2053,525,"Zhou H.-B., Chen J.-L., Liu Y., Francis F., Haubruge E., Bragard C., Sun J.-R., Cheng D.-F.",2013,China,39.5,116.616666666666,Simplified,Monoculture,Intercropping,Wheat-Garlic,525_C3,525_T2,Insect,Pests,Abundance,standard deviation,3087.56,138.25,100,4678.9,183.49,100,kg/ha,5726.4,408,4,4075.2,538.8,4,NA,NA,FALSE,FALSE
2054,525,"Zhou H.-B., Chen J.-L., Liu Y., Francis F., Haubruge E., Bragard C., Sun J.-R., Cheng D.-F.",2013,China,39.5,116.616666666666,Simplified,Monoculture,Intercropping,Wheat-Garlic,525_C5,525_T1,Insect,Pests,Abundance,standard deviation,4266.06,160.55,100,2995.39,138.25,100,kg/ha,4771.2,457,4,6182.4,457.6,4,NA,NA,FALSE,FALSE
2055,525,"Zhou H.-B., Chen J.-L., Liu Y., Francis F., Haubruge E., Bragard C., Sun J.-R., Cheng D.-F.",2013,China,39.5,116.616666666666,Simplified,Monoculture,Intercropping,Wheat-Garlic,525_C5,525_T2,Insect,Pests,Abundance,standard deviation,3087.56,138.25,100,2995.39,138.25,100,kg/ha,5726.4,408,4,6182.4,457.6,4,NA,NA,FALSE,FALSE
2056,525,"Zhou H.-B., Chen J.-L., Liu Y., Francis F., Haubruge E., Bragard C., Sun J.-R., Cheng D.-F.",2013,China,39.5,116.616666666666,Simplified,Monoculture,Intercropping,Wheat-Garlic,525_C6,525_T1,Insect,Pests,Abundance,standard deviation,4266.06,160.55,100,4723.5,161.29,100,kg/ha,4771.2,457,4,4814.4,231.2,4,NA,NA,FALSE,FALSE
2057,525,"Zhou H.-B., Chen J.-L., Liu Y., Francis F., Haubruge E., Bragard C., Sun J.-R., Cheng D.-F.",2013,China,39.5,116.616666666666,Simplified,Monoculture,Intercropping,Wheat-Garlic,525_C6,525_T2,Insect,Pests,Abundance,standard deviation,3087.56,138.25,100,4723.5,161.29,100,kg/ha,5726.4,408,4,4814.4,231.2,4,NA,NA,FALSE,FALSE
2058,525,"Zhou H.-B., Chen J.-L., Liu Y., Francis F., Haubruge E., Bragard C., Sun J.-R., Cheng D.-F.",2013,China,39.5,116.616666666666,Simplified,Monoculture,Intercropping,Wheat-Garlic,525_C2,525_T1,Insect,Pests,Abundance,standard deviation,4266.06,160.55,100,3577.98,114.68,100,kg/ha,4771.2,457,4,5020.8,304.8,4,NA,NA,FALSE,FALSE
2059,525,"Zhou H.-B., Chen J.-L., Liu Y., Francis F., Haubruge E., Bragard C., Sun J.-R., Cheng D.-F.",2013,China,39.5,116.616666666666,Simplified,Monoculture,Intercropping,Wheat-Garlic,525_C2,525_T2,Insect,Pests,Abundance,standard deviation,3087.56,138.25,100,3577.98,114.68,100,kg/ha,5726.4,408,4,5020.8,304.8,4,NA,NA,FALSE,FALSE
2060,525,"Zhou H.-B., Chen J.-L., Liu Y., Francis F., Haubruge E., Bragard C., Sun J.-R., Cheng D.-F.",2013,China,39.5,116.616666666666,Simplified,Monoculture,Intercropping,Wheat-Garlic,525_C4,525_T1,Insect,Pests,Abundance,standard deviation,4266.06,160.55,100,2995.39,138.25,100,kg/ha,4771.2,457,4,5736,189,4,NA,NA,FALSE,FALSE
2061,525,"Zhou H.-B., Chen J.-L., Liu Y., Francis F., Haubruge E., Bragard C., Sun J.-R., Cheng D.-F.",2013,China,39.5,116.616666666666,Simplified,Monoculture,Intercropping,Wheat-Garlic,525_C4,525_T2,Insect,Pests,Abundance,standard deviation,3087.56,138.25,100,2995.39,138.25,100,kg/ha,5726.4,408,4,5736,189,4,NA,NA,FALSE,FALSE
2062,525,"Zhou H.-B., Chen J.-L., Liu Y., Francis F., Haubruge E., Bragard C., Sun J.-R., Cheng D.-F.",2013,China,39.5,116.616666666666,Simplified,Monoculture,Intercropping,Wheat-Garlic,525_C1,525_T1,Insect,Pests,Abundance,standard deviation,597.7,22.99,100,1149.43,114.94,100,kg/ha,4771.2,457,4,4737.6,307.8,4,NA,NA,FALSE,FALSE
2063,525,"Zhou H.-B., Chen J.-L., Liu Y., Francis F., Haubruge E., Bragard C., Sun J.-R., Cheng D.-F.",2013,China,39.5,116.616666666666,Simplified,Monoculture,Intercropping,Wheat-Garlic,525_C1,525_T2,Insect,Pests,Abundance,standard deviation,230.41,0,100,1149.43,114.94,100,kg/ha,5726.4,408,4,4737.6,307.8,4,NA,NA,TRUE,FALSE
2064,525,"Zhou H.-B., Chen J.-L., Liu Y., Francis F., Haubruge E., Bragard C., Sun J.-R., Cheng D.-F.",2013,China,39.5,116.616666666666,Simplified,Monoculture,Intercropping,Wheat-Garlic,525_C2,525_T1,Insect,Pests,Abundance,standard deviation,597.7,22.99,100,873.56,68.97,100,kg/ha,4771.2,457,4,5020.8,304.8,4,NA,NA,FALSE,FALSE
2065,525,"Zhou H.-B., Chen J.-L., Liu Y., Francis F., Haubruge E., Bragard C., Sun J.-R., Cheng D.-F.",2013,China,39.5,116.616666666666,Simplified,Monoculture,Intercropping,Wheat-Garlic,525_C2,525_T2,Insect,Pests,Abundance,standard deviation,230.41,0,100,873.56,68.97,100,kg/ha,5726.4,408,4,5020.8,304.8,4,NA,NA,TRUE,FALSE
2066,525,"Zhou H.-B., Chen J.-L., Liu Y., Francis F., Haubruge E., Bragard C., Sun J.-R., Cheng D.-F.",2013,China,39.5,116.616666666666,Simplified,Monoculture,Intercropping,Wheat-Garlic,525_C3,525_T1,Insect,Pests,Abundance,standard deviation,597.7,22.99,100,1287.36,91.95,100,kg/ha,4771.2,457,4,4075.2,538.8,4,NA,NA,FALSE,FALSE
2067,525,"Zhou H.-B., Chen J.-L., Liu Y., Francis F., Haubruge E., Bragard C., Sun J.-R., Cheng D.-F.",2013,China,39.5,116.616666666666,Simplified,Monoculture,Intercropping,Wheat-Garlic,525_C3,525_T2,Insect,Pests,Abundance,standard deviation,230.41,0,100,1287.36,91.95,100,kg/ha,5726.4,408,4,4075.2,538.8,4,NA,NA,TRUE,FALSE
2068,525,"Zhou H.-B., Chen J.-L., Liu Y., Francis F., Haubruge E., Bragard C., Sun J.-R., Cheng D.-F.",2013,China,39.5,116.616666666666,Simplified,Monoculture,Intercropping,Wheat-Garlic,525_C5,525_T1,Insect,Pests,Abundance,standard deviation,597.7,22.99,100,230.41,0,100,kg/ha,4771.2,457,4,6182.4,457.6,4,NA,NA,TRUE,FALSE
2069,525,"Zhou H.-B., Chen J.-L., Liu Y., Francis F., Haubruge E., Bragard C., Sun J.-R., Cheng D.-F.",2013,China,39.5,116.616666666666,Simplified,Monoculture,Intercropping,Wheat-Garlic,525_C5,525_T2,Insect,Pests,Abundance,standard deviation,230.41,0,100,230.41,0,100,kg/ha,5726.4,408,4,6182.4,457.6,4,NA,NA,TRUE,FALSE
2070,525,"Zhou H.-B., Chen J.-L., Liu Y., Francis F., Haubruge E., Bragard C., Sun J.-R., Cheng D.-F.",2013,China,39.5,116.616666666666,Simplified,Monoculture,Intercropping,Wheat-Garlic,525_C6,525_T1,Insect,Pests,Abundance,standard deviation,597.7,22.99,100,506.91,0,100,kg/ha,4771.2,457,4,4814.4,231.2,4,NA,NA,TRUE,FALSE
2071,525,"Zhou H.-B., Chen J.-L., Liu Y., Francis F., Haubruge E., Bragard C., Sun J.-R., Cheng D.-F.",2013,China,39.5,116.616666666666,Simplified,Monoculture,Intercropping,Wheat-Garlic,525_C6,525_T2,Insect,Pests,Abundance,standard deviation,230.41,0,100,506.91,0,100,kg/ha,5726.4,408,4,4814.4,231.2,4,NA,NA,TRUE,FALSE
2072,525,"Zhou H.-B., Chen J.-L., Liu Y., Francis F., Haubruge E., Bragard C., Sun J.-R., Cheng D.-F.",2013,China,39.5,116.616666666666,Simplified,Monoculture,Intercropping,Wheat-Garlic,525_C4,525_T1,Insect,Pests,Abundance,standard deviation,597.7,22.99,100,345.62,0,100,kg/ha,4771.2,457,4,5736,189,4,NA,NA,TRUE,FALSE
2073,525,"Zhou H.-B., Chen J.-L., Liu Y., Francis F., Haubruge E., Bragard C., Sun J.-R., Cheng D.-F.",2013,China,39.5,116.616666666666,Simplified,Monoculture,Intercropping,Wheat-Garlic,525_C4,525_T2,Insect,Pests,Abundance,standard deviation,230.41,0,100,345.62,0,100,kg/ha,5726.4,408,4,5736,189,4,NA,NA,TRUE,FALSE
2074,525,"Zhou H.-B., Chen J.-L., Liu Y., Francis F., Haubruge E., Bragard C., Sun J.-R., Cheng D.-F.",2013,China,39.5,116.616666666666,Simplified,Monoculture,Intercropping,Wheat-Garlic,525_C3,525_T1,Insect,Pests,Abundance,standard deviation,0,0,100,0,0,100,kg/ha,4771.2,457,4,4075.2,538.8,4,NA,NA,TRUE,TRUE
2075,525,"Zhou H.-B., Chen J.-L., Liu Y., Francis F., Haubruge E., Bragard C., Sun J.-R., Cheng D.-F.",2013,China,39.5,116.616666666666,Simplified,Monoculture,Intercropping,Wheat-Garlic,525_C3,525_T2,Insect,Pests,Abundance,standard deviation,0,0,100,0,0,100,kg/ha,5726.4,408,4,4075.2,538.8,4,NA,NA,TRUE,TRUE
2076,525,"Zhou H.-B., Chen J.-L., Liu Y., Francis F., Haubruge E., Bragard C., Sun J.-R., Cheng D.-F.",2013,China,39.5,116.616666666666,Simplified,Monoculture,Intercropping,Wheat-Garlic,525_C1,525_T1,Insect,Pests,Abundance,standard deviation,0,0,100,0,0,100,kg/ha,4771.2,457,4,4737.6,307.8,4,NA,NA,TRUE,TRUE
2077,525,"Zhou H.-B., Chen J.-L., Liu Y., Francis F., Haubruge E., Bragard C., Sun J.-R., Cheng D.-F.",2013,China,39.5,116.616666666666,Simplified,Monoculture,Intercropping,Wheat-Garlic,525_C1,525_T2,Insect,Pests,Abundance,standard deviation,0,0,100,0,0,100,kg/ha,5726.4,408,4,4737.6,307.8,4,NA,NA,TRUE,TRUE
2078,525,"Zhou H.-B., Chen J.-L., Liu Y., Francis F., Haubruge E., Bragard C., Sun J.-R., Cheng D.-F.",2013,China,39.5,116.616666666666,Simplified,Monoculture,Intercropping,Wheat-Garlic,525_C2,525_T1,Insect,Pests,Abundance,standard deviation,0,0,100,0,0,100,kg/ha,4771.2,457,4,5020.8,304.8,4,NA,NA,TRUE,TRUE
2079,525,"Zhou H.-B., Chen J.-L., Liu Y., Francis F., Haubruge E., Bragard C., Sun J.-R., Cheng D.-F.",2013,China,39.5,116.616666666666,Simplified,Monoculture,Intercropping,Wheat-Garlic,525_C2,525_T2,Insect,Pests,Abundance,standard deviation,0,0,100,0,0,100,kg/ha,5726.4,408,4,5020.8,304.8,4,NA,NA,TRUE,TRUE
2080,525,"Zhou H.-B., Chen J.-L., Liu Y., Francis F., Haubruge E., Bragard C., Sun J.-R., Cheng D.-F.",2013,China,39.5,116.616666666666,Simplified,Monoculture,Intercropping,Wheat-Garlic,525_C4,525_T1,Insect,Pests,Abundance,standard deviation,0,0,100,0,0,100,kg/ha,4771.2,457,4,5736,189,4,NA,NA,TRUE,TRUE
2081,525,"Zhou H.-B., Chen J.-L., Liu Y., Francis F., Haubruge E., Bragard C., Sun J.-R., Cheng D.-F.",2013,China,39.5,116.616666666666,Simplified,Monoculture,Intercropping,Wheat-Garlic,525_C4,525_T2,Insect,Pests,Abundance,standard deviation,0,0,100,0,0,100,kg/ha,5726.4,408,4,5736,189,4,NA,NA,TRUE,TRUE
2082,525,"Zhou H.-B., Chen J.-L., Liu Y., Francis F., Haubruge E., Bragard C., Sun J.-R., Cheng D.-F.",2013,China,39.5,116.616666666666,Simplified,Monoculture,Intercropping,Wheat-Garlic,525_C5,525_T1,Insect,Pests,Abundance,standard deviation,0,0,100,0,0,100,kg/ha,4771.2,457,4,6182.4,457.6,4,NA,NA,TRUE,TRUE
2083,525,"Zhou H.-B., Chen J.-L., Liu Y., Francis F., Haubruge E., Bragard C., Sun J.-R., Cheng D.-F.",2013,China,39.5,116.616666666666,Simplified,Monoculture,Intercropping,Wheat-Garlic,525_C5,525_T2,Insect,Pests,Abundance,standard deviation,0,0,100,0,0,100,kg/ha,5726.4,408,4,6182.4,457.6,4,NA,NA,TRUE,TRUE
2084,525,"Zhou H.-B., Chen J.-L., Liu Y., Francis F., Haubruge E., Bragard C., Sun J.-R., Cheng D.-F.",2013,China,39.5,116.616666666666,Simplified,Monoculture,Intercropping,Wheat-Garlic,525_C6,525_T1,Insect,Pests,Abundance,standard deviation,0,0,100,0,0,100,kg/ha,4771.2,457,4,4814.4,231.2,4,NA,NA,TRUE,TRUE
2085,525,"Zhou H.-B., Chen J.-L., Liu Y., Francis F., Haubruge E., Bragard C., Sun J.-R., Cheng D.-F.",2013,China,39.5,116.616666666666,Simplified,Monoculture,Intercropping,Wheat-Garlic,525_C6,525_T2,Insect,Pests,Abundance,standard deviation,0,0,100,0,0,100,kg/ha,5726.4,408,4,4814.4,231.2,4,NA,NA,TRUE,TRUE
2086,525,"Zhou H.-B., Chen J.-L., Liu Y., Francis F., Haubruge E., Bragard C., Sun J.-R., Cheng D.-F.",2013,China,39.5,116.616666666666,Simplified,Monoculture,Intercropping,Wheat-Garlic,525_C8,525_T4,Insect,Natural enemies,Abundance,standard deviation,22.09,4.14,4,18.22,2.48,4,kg/ha,5726.4,408,4,4814.4,231.2,4,NA,NA,FALSE,FALSE
2087,525,"Zhou H.-B., Chen J.-L., Liu Y., Francis F., Haubruge E., Bragard C., Sun J.-R., Cheng D.-F.",2013,China,39.5,116.616666666666,Simplified,Monoculture,Intercropping,Wheat-Garlic,525_C8,525_T3,Insect,Natural enemies,Abundance,standard deviation,4.42,0,4,18.22,2.48,4,kg/ha,4771.2,457,4,4814.4,231.2,4,NA,NA,TRUE,FALSE
2088,525,"Zhou H.-B., Chen J.-L., Liu Y., Francis F., Haubruge E., Bragard C., Sun J.-R., Cheng D.-F.",2013,China,39.5,116.616666666666,Simplified,Monoculture,Intercropping,Wheat-Garlic,525_C7,525_T4,Insect,Natural enemies,Abundance,standard deviation,22.09,4.14,4,4.42,0,4,kg/ha,5726.4,408,4,4075.2,538.8,4,NA,NA,TRUE,FALSE
2089,525,"Zhou H.-B., Chen J.-L., Liu Y., Francis F., Haubruge E., Bragard C., Sun J.-R., Cheng D.-F.",2013,China,39.5,116.616666666666,Simplified,Monoculture,Intercropping,Wheat-Garlic,525_C7,525_T3,Insect,Natural enemies,Abundance,standard deviation,4.42,0,4,4.42,0,4,kg/ha,4771.2,457,4,4075.2,538.8,4,NA,NA,TRUE,FALSE
2090,525,"Zhou H.-B., Chen J.-L., Liu Y., Francis F., Haubruge E., Bragard C., Sun J.-R., Cheng D.-F.",2013,China,39.5,116.616666666666,Simplified,Monoculture,Intercropping,Wheat-Garlic,525_C3,525_T1,Insect,Pests,Abundance,standard deviation,0,0,100,0,0,100,kg/ha,4771.2,457,4,4075.2,538.8,4,NA,NA,TRUE,TRUE
2091,525,"Zhou H.-B., Chen J.-L., Liu Y., Francis F., Haubruge E., Bragard C., Sun J.-R., Cheng D.-F.",2013,China,39.5,116.616666666666,Simplified,Monoculture,Intercropping,Wheat-Garlic,525_C3,525_T2,Insect,Pests,Abundance,standard deviation,0,0,100,0,0,100,kg/ha,5726.4,408,4,4075.2,538.8,4,NA,NA,TRUE,TRUE
2092,525,"Zhou H.-B., Chen J.-L., Liu Y., Francis F., Haubruge E., Bragard C., Sun J.-R., Cheng D.-F.",2013,China,39.5,116.616666666666,Simplified,Monoculture,Intercropping,Wheat-Garlic,525_C1,525_T1,Insect,Pests,Abundance,standard deviation,0,0,100,0,0,100,kg/ha,4771.2,457,4,4737.6,307.8,4,NA,NA,TRUE,TRUE
2093,525,"Zhou H.-B., Chen J.-L., Liu Y., Francis F., Haubruge E., Bragard C., Sun J.-R., Cheng D.-F.",2013,China,39.5,116.616666666666,Simplified,Monoculture,Intercropping,Wheat-Garlic,525_C1,525_T2,Insect,Pests,Abundance,standard deviation,0,0,100,0,0,100,kg/ha,5726.4,408,4,4737.6,307.8,4,NA,NA,TRUE,TRUE
2094,525,"Zhou H.-B., Chen J.-L., Liu Y., Francis F., Haubruge E., Bragard C., Sun J.-R., Cheng D.-F.",2013,China,39.5,116.616666666666,Simplified,Monoculture,Intercropping,Wheat-Garlic,525_C2,525_T1,Insect,Pests,Abundance,standard deviation,0,0,100,0,0,100,kg/ha,4771.2,457,4,5020.8,304.8,4,NA,NA,TRUE,TRUE
2095,525,"Zhou H.-B., Chen J.-L., Liu Y., Francis F., Haubruge E., Bragard C., Sun J.-R., Cheng D.-F.",2013,China,39.5,116.616666666666,Simplified,Monoculture,Intercropping,Wheat-Garlic,525_C2,525_T2,Insect,Pests,Abundance,standard deviation,0,0,100,0,0,100,kg/ha,5726.4,408,4,5020.8,304.8,4,NA,NA,TRUE,TRUE
2096,525,"Zhou H.-B., Chen J.-L., Liu Y., Francis F., Haubruge E., Bragard C., Sun J.-R., Cheng D.-F.",2013,China,39.5,116.616666666666,Simplified,Monoculture,Intercropping,Wheat-Garlic,525_C4,525_T1,Insect,Pests,Abundance,standard deviation,0,0,100,0,0,100,kg/ha,4771.2,457,4,5736,189,4,NA,NA,TRUE,TRUE
2097,525,"Zhou H.-B., Chen J.-L., Liu Y., Francis F., Haubruge E., Bragard C., Sun J.-R., Cheng D.-F.",2013,China,39.5,116.616666666666,Simplified,Monoculture,Intercropping,Wheat-Garlic,525_C4,525_T2,Insect,Pests,Abundance,standard deviation,0,0,100,0,0,100,kg/ha,5726.4,408,4,5736,189,4,NA,NA,TRUE,TRUE
2098,525,"Zhou H.-B., Chen J.-L., Liu Y., Francis F., Haubruge E., Bragard C., Sun J.-R., Cheng D.-F.",2013,China,39.5,116.616666666666,Simplified,Monoculture,Intercropping,Wheat-Garlic,525_C5,525_T1,Insect,Pests,Abundance,standard deviation,0,0,100,0,0,100,kg/ha,4771.2,457,4,6182.4,457.6,4,NA,NA,TRUE,TRUE
2099,525,"Zhou H.-B., Chen J.-L., Liu Y., Francis F., Haubruge E., Bragard C., Sun J.-R., Cheng D.-F.",2013,China,39.5,116.616666666666,Simplified,Monoculture,Intercropping,Wheat-Garlic,525_C5,525_T2,Insect,Pests,Abundance,standard deviation,0,0,100,0,0,100,kg/ha,5726.4,408,4,6182.4,457.6,4,NA,NA,TRUE,TRUE
2100,525,"Zhou H.-B., Chen J.-L., Liu Y., Francis F., Haubruge E., Bragard C., Sun J.-R., Cheng D.-F.",2013,China,39.5,116.616666666666,Simplified,Monoculture,Intercropping,Wheat-Garlic,525_C6,525_T1,Insect,Pests,Abundance,standard deviation,0,0,100,0,0,100,kg/ha,4771.2,457,4,4814.4,231.2,4,NA,NA,TRUE,TRUE
2101,525,"Zhou H.-B., Chen J.-L., Liu Y., Francis F., Haubruge E., Bragard C., Sun J.-R., Cheng D.-F.",2013,China,39.5,116.616666666666,Simplified,Monoculture,Intercropping,Wheat-Garlic,525_C6,525_T2,Insect,Pests,Abundance,standard deviation,0,0,100,0,0,100,kg/ha,5726.4,408,4,4814.4,231.2,4,NA,NA,TRUE,TRUE
2102,525,"Zhou H.-B., Chen J.-L., Liu Y., Francis F., Haubruge E., Bragard C., Sun J.-R., Cheng D.-F.",2013,China,39.5,116.616666666666,Simplified,Monoculture,Intercropping,Wheat-Garlic,525_C8,525_T4,Insect,Natural enemies,Abundance,standard deviation,58.8,4.14,4,35.89,4.97,4,kg/ha,5726.4,408,4,4814.4,231.2,4,NA,NA,FALSE,FALSE
2103,525,"Zhou H.-B., Chen J.-L., Liu Y., Francis F., Haubruge E., Bragard C., Sun J.-R., Cheng D.-F.",2013,China,39.5,116.616666666666,Simplified,Monoculture,Intercropping,Wheat-Garlic,525_C8,525_T3,Insect,Natural enemies,Abundance,standard deviation,88.74,7.26,4,35.89,4.97,4,kg/ha,4771.2,457,4,4814.4,231.2,4,NA,NA,FALSE,FALSE
2104,525,"Zhou H.-B., Chen J.-L., Liu Y., Francis F., Haubruge E., Bragard C., Sun J.-R., Cheng D.-F.",2013,China,39.5,116.616666666666,Simplified,Monoculture,Intercropping,Wheat-Garlic,525_C7,525_T4,Insect,Natural enemies,Abundance,standard deviation,58.8,4.14,4,52.42,5.68,4,kg/ha,5726.4,408,4,4075.2,538.8,4,NA,NA,FALSE,FALSE
2105,525,"Zhou H.-B., Chen J.-L., Liu Y., Francis F., Haubruge E., Bragard C., Sun J.-R., Cheng D.-F.",2013,China,39.5,116.616666666666,Simplified,Monoculture,Intercropping,Wheat-Garlic,525_C7,525_T3,Insect,Natural enemies,Abundance,standard deviation,88.74,7.26,4,52.42,5.68,4,kg/ha,4771.2,457,4,4075.2,538.8,4,NA,NA,FALSE,FALSE
2106,525,"Zhou H.-B., Chen J.-L., Liu Y., Francis F., Haubruge E., Bragard C., Sun J.-R., Cheng D.-F.",2013,China,39.5,116.616666666666,Simplified,Monoculture,Intercropping,Wheat-Garlic,525_C3,525_T1,Insect,Pests,Abundance,standard deviation,0,0,100,0,0,100,kg/ha,4771.2,457,4,4075.2,538.8,4,NA,NA,TRUE,TRUE
2107,525,"Zhou H.-B., Chen J.-L., Liu Y., Francis F., Haubruge E., Bragard C., Sun J.-R., Cheng D.-F.",2013,China,39.5,116.616666666666,Simplified,Monoculture,Intercropping,Wheat-Garlic,525_C3,525_T2,Insect,Pests,Abundance,standard deviation,0,0,100,0,0,100,kg/ha,5726.4,408,4,4075.2,538.8,4,NA,NA,TRUE,TRUE
2108,525,"Zhou H.-B., Chen J.-L., Liu Y., Francis F., Haubruge E., Bragard C., Sun J.-R., Cheng D.-F.",2013,China,39.5,116.616666666666,Simplified,Monoculture,Intercropping,Wheat-Garlic,525_C5,525_T1,Insect,Pests,Abundance,standard deviation,0,0,100,0,0,100,kg/ha,4771.2,457,4,6182.4,457.6,4,NA,NA,TRUE,TRUE
2109,525,"Zhou H.-B., Chen J.-L., Liu Y., Francis F., Haubruge E., Bragard C., Sun J.-R., Cheng D.-F.",2013,China,39.5,116.616666666666,Simplified,Monoculture,Intercropping,Wheat-Garlic,525_C5,525_T2,Insect,Pests,Abundance,standard deviation,0,0,100,0,0,100,kg/ha,5726.4,408,4,6182.4,457.6,4,NA,NA,TRUE,TRUE
2110,525,"Zhou H.-B., Chen J.-L., Liu Y., Francis F., Haubruge E., Bragard C., Sun J.-R., Cheng D.-F.",2013,China,39.5,116.616666666666,Simplified,Monoculture,Intercropping,Wheat-Garlic,525_C1,525_T1,Insect,Pests,Abundance,standard deviation,0,0,100,0,0,100,kg/ha,4771.2,457,4,4737.6,307.8,4,NA,NA,TRUE,TRUE
2111,525,"Zhou H.-B., Chen J.-L., Liu Y., Francis F., Haubruge E., Bragard C., Sun J.-R., Cheng D.-F.",2013,China,39.5,116.616666666666,Simplified,Monoculture,Intercropping,Wheat-Garlic,525_C1,525_T2,Insect,Pests,Abundance,standard deviation,0,0,100,0,0,100,kg/ha,5726.4,408,4,4737.6,307.8,4,NA,NA,TRUE,TRUE
2112,525,"Zhou H.-B., Chen J.-L., Liu Y., Francis F., Haubruge E., Bragard C., Sun J.-R., Cheng D.-F.",2013,China,39.5,116.616666666666,Simplified,Monoculture,Intercropping,Wheat-Garlic,525_C2,525_T1,Insect,Pests,Abundance,standard deviation,0,0,100,0,0,100,kg/ha,4771.2,457,4,5020.8,304.8,4,NA,NA,TRUE,TRUE
2113,525,"Zhou H.-B., Chen J.-L., Liu Y., Francis F., Haubruge E., Bragard C., Sun J.-R., Cheng D.-F.",2013,China,39.5,116.616666666666,Simplified,Monoculture,Intercropping,Wheat-Garlic,525_C2,525_T2,Insect,Pests,Abundance,standard deviation,0,0,100,0,0,100,kg/ha,5726.4,408,4,5020.8,304.8,4,NA,NA,TRUE,TRUE
2114,525,"Zhou H.-B., Chen J.-L., Liu Y., Francis F., Haubruge E., Bragard C., Sun J.-R., Cheng D.-F.",2013,China,39.5,116.616666666666,Simplified,Monoculture,Intercropping,Wheat-Garlic,525_C4,525_T1,Insect,Pests,Abundance,standard deviation,0,0,100,0,0,100,kg/ha,4771.2,457,4,5736,189,4,NA,NA,TRUE,TRUE
2115,525,"Zhou H.-B., Chen J.-L., Liu Y., Francis F., Haubruge E., Bragard C., Sun J.-R., Cheng D.-F.",2013,China,39.5,116.616666666666,Simplified,Monoculture,Intercropping,Wheat-Garlic,525_C4,525_T2,Insect,Pests,Abundance,standard deviation,0,0,100,0,0,100,kg/ha,5726.4,408,4,5736,189,4,NA,NA,TRUE,TRUE
2116,525,"Zhou H.-B., Chen J.-L., Liu Y., Francis F., Haubruge E., Bragard C., Sun J.-R., Cheng D.-F.",2013,China,39.5,116.616666666666,Simplified,Monoculture,Intercropping,Wheat-Garlic,525_C6,525_T1,Insect,Pests,Abundance,standard deviation,0,0,100,0,0,100,kg/ha,4771.2,457,4,4814.4,231.2,4,NA,NA,TRUE,TRUE
2117,525,"Zhou H.-B., Chen J.-L., Liu Y., Francis F., Haubruge E., Bragard C., Sun J.-R., Cheng D.-F.",2013,China,39.5,116.616666666666,Simplified,Monoculture,Intercropping,Wheat-Garlic,525_C6,525_T2,Insect,Pests,Abundance,standard deviation,0,0,100,0,0,100,kg/ha,5726.4,408,4,4814.4,231.2,4,NA,NA,TRUE,TRUE
2118,525,"Zhou H.-B., Chen J.-L., Liu Y., Francis F., Haubruge E., Bragard C., Sun J.-R., Cheng D.-F.",2013,China,39.5,116.616666666666,Simplified,Monoculture,Intercropping,Wheat-Garlic,525_C8,525_T4,Insect,Natural enemies,Abundance,standard deviation,80.61,4.69,4,44.45,1.1,4,kg/ha,5726.4,408,4,4814.4,231.2,4,NA,NA,FALSE,FALSE
2119,525,"Zhou H.-B., Chen J.-L., Liu Y., Francis F., Haubruge E., Bragard C., Sun J.-R., Cheng D.-F.",2013,China,39.5,116.616666666666,Simplified,Monoculture,Intercropping,Wheat-Garlic,525_C8,525_T3,Insect,Natural enemies,Abundance,standard deviation,99.16,7.58,4,44.45,1.1,4,kg/ha,4771.2,457,4,4814.4,231.2,4,NA,NA,FALSE,FALSE
2120,525,"Zhou H.-B., Chen J.-L., Liu Y., Francis F., Haubruge E., Bragard C., Sun J.-R., Cheng D.-F.",2013,China,39.5,116.616666666666,Simplified,Monoculture,Intercropping,Wheat-Garlic,525_C7,525_T4,Insect,Natural enemies,Abundance,standard deviation,80.61,4.69,4,65.37,6.32,4,kg/ha,5726.4,408,4,4075.2,538.8,4,NA,NA,FALSE,FALSE
2121,525,"Zhou H.-B., Chen J.-L., Liu Y., Francis F., Haubruge E., Bragard C., Sun J.-R., Cheng D.-F.",2013,China,39.5,116.616666666666,Simplified,Monoculture,Intercropping,Wheat-Garlic,525_C7,525_T3,Insect,Natural enemies,Abundance,standard deviation,99.16,7.58,4,65.37,6.32,4,kg/ha,4771.2,457,4,4075.2,538.8,4,NA,NA,FALSE,FALSE
2122,525,"Zhou H.-B., Chen J.-L., Liu Y., Francis F., Haubruge E., Bragard C., Sun J.-R., Cheng D.-F.",2013,China,39.5,116.616666666666,Simplified,Monoculture,Intercropping,Wheat-Garlic,525_C1,525_T1,Insect,Pests,Abundance,standard deviation,68.18,0,100,113.64,0,100,kg/ha,4771.2,457,4,4737.6,307.8,4,NA,NA,TRUE,FALSE
2123,525,"Zhou H.-B., Chen J.-L., Liu Y., Francis F., Haubruge E., Bragard C., Sun J.-R., Cheng D.-F.",2013,China,39.5,116.616666666666,Simplified,Monoculture,Intercropping,Wheat-Garlic,525_C1,525_T2,Insect,Pests,Abundance,standard deviation,207.37,0,100,113.64,0,100,kg/ha,5726.4,408,4,4737.6,307.8,4,NA,NA,TRUE,FALSE
2124,525,"Zhou H.-B., Chen J.-L., Liu Y., Francis F., Haubruge E., Bragard C., Sun J.-R., Cheng D.-F.",2013,China,39.5,116.616666666666,Simplified,Monoculture,Intercropping,Wheat-Garlic,525_C4,525_T1,Insect,Pests,Abundance,standard deviation,68.18,0,100,161.29,0,100,kg/ha,4771.2,457,4,5736,189,4,NA,NA,TRUE,FALSE
2125,525,"Zhou H.-B., Chen J.-L., Liu Y., Francis F., Haubruge E., Bragard C., Sun J.-R., Cheng D.-F.",2013,China,39.5,116.616666666666,Simplified,Monoculture,Intercropping,Wheat-Garlic,525_C4,525_T2,Insect,Pests,Abundance,standard deviation,207.37,0,100,161.29,0,100,kg/ha,5726.4,408,4,5736,189,4,NA,NA,TRUE,FALSE
2126,525,"Zhou H.-B., Chen J.-L., Liu Y., Francis F., Haubruge E., Bragard C., Sun J.-R., Cheng D.-F.",2013,China,39.5,116.616666666666,Simplified,Monoculture,Intercropping,Wheat-Garlic,525_C5,525_T1,Insect,Pests,Abundance,standard deviation,68.18,0,100,207.37,0,100,kg/ha,4771.2,457,4,6182.4,457.6,4,NA,NA,TRUE,FALSE
2127,525,"Zhou H.-B., Chen J.-L., Liu Y., Francis F., Haubruge E., Bragard C., Sun J.-R., Cheng D.-F.",2013,China,39.5,116.616666666666,Simplified,Monoculture,Intercropping,Wheat-Garlic,525_C5,525_T2,Insect,Pests,Abundance,standard deviation,207.37,0,100,207.37,0,100,kg/ha,5726.4,408,4,6182.4,457.6,4,NA,NA,TRUE,FALSE
2128,525,"Zhou H.-B., Chen J.-L., Liu Y., Francis F., Haubruge E., Bragard C., Sun J.-R., Cheng D.-F.",2013,China,39.5,116.616666666666,Simplified,Monoculture,Intercropping,Wheat-Garlic,525_C6,525_T1,Insect,Pests,Abundance,standard deviation,68.18,0,100,322.58,0,100,kg/ha,4771.2,457,4,4814.4,231.2,4,NA,NA,TRUE,FALSE
2129,525,"Zhou H.-B., Chen J.-L., Liu Y., Francis F., Haubruge E., Bragard C., Sun J.-R., Cheng D.-F.",2013,China,39.5,116.616666666666,Simplified,Monoculture,Intercropping,Wheat-Garlic,525_C6,525_T2,Insect,Pests,Abundance,standard deviation,207.37,0,100,322.58,0,100,kg/ha,5726.4,408,4,4814.4,231.2,4,NA,NA,TRUE,FALSE
2130,525,"Zhou H.-B., Chen J.-L., Liu Y., Francis F., Haubruge E., Bragard C., Sun J.-R., Cheng D.-F.",2013,China,39.5,116.616666666666,Simplified,Monoculture,Intercropping,Wheat-Garlic,525_C2,525_T1,Insect,Pests,Abundance,standard deviation,68.18,0,100,90.91,0,100,kg/ha,4771.2,457,4,5020.8,304.8,4,NA,NA,TRUE,FALSE
2131,525,"Zhou H.-B., Chen J.-L., Liu Y., Francis F., Haubruge E., Bragard C., Sun J.-R., Cheng D.-F.",2013,China,39.5,116.616666666666,Simplified,Monoculture,Intercropping,Wheat-Garlic,525_C2,525_T2,Insect,Pests,Abundance,standard deviation,207.37,0,100,90.91,0,100,kg/ha,5726.4,408,4,5020.8,304.8,4,NA,NA,TRUE,FALSE
2132,525,"Zhou H.-B., Chen J.-L., Liu Y., Francis F., Haubruge E., Bragard C., Sun J.-R., Cheng D.-F.",2013,China,39.5,116.616666666666,Simplified,Monoculture,Intercropping,Wheat-Garlic,525_C3,525_T1,Insect,Pests,Abundance,standard deviation,68.18,0,100,136.36,0,100,kg/ha,4771.2,457,4,4075.2,538.8,4,NA,NA,TRUE,FALSE
2133,525,"Zhou H.-B., Chen J.-L., Liu Y., Francis F., Haubruge E., Bragard C., Sun J.-R., Cheng D.-F.",2013,China,39.5,116.616666666666,Simplified,Monoculture,Intercropping,Wheat-Garlic,525_C3,525_T2,Insect,Pests,Abundance,standard deviation,207.37,0,100,136.36,0,100,kg/ha,5726.4,408,4,4075.2,538.8,4,NA,NA,TRUE,FALSE
2134,525,"Zhou H.-B., Chen J.-L., Liu Y., Francis F., Haubruge E., Bragard C., Sun J.-R., Cheng D.-F.",2013,China,39.5,116.616666666666,Simplified,Monoculture,Intercropping,Wheat-Garlic,525_C7,525_T3,Insect,Natural enemies,Abundance,standard deviation,58.42,5.05,4,45.47,5.37,4,kg/ha,4771.2,457,4,4075.2,538.8,4,NA,NA,FALSE,FALSE
2135,525,"Zhou H.-B., Chen J.-L., Liu Y., Francis F., Haubruge E., Bragard C., Sun J.-R., Cheng D.-F.",2013,China,39.5,116.616666666666,Simplified,Monoculture,Intercropping,Wheat-Garlic,525_C7,525_T4,Insect,Natural enemies,Abundance,standard deviation,73.16,6.07,4,45.47,5.37,4,kg/ha,5726.4,408,4,4075.2,538.8,4,NA,NA,FALSE,FALSE
2136,525,"Zhou H.-B., Chen J.-L., Liu Y., Francis F., Haubruge E., Bragard C., Sun J.-R., Cheng D.-F.",2013,China,39.5,116.616666666666,Simplified,Monoculture,Intercropping,Wheat-Garlic,525_C8,525_T3,Insect,Natural enemies,Abundance,standard deviation,58.42,5.05,4,40.86,3.87,4,kg/ha,4771.2,457,4,4814.4,231.2,4,NA,NA,FALSE,FALSE
2137,525,"Zhou H.-B., Chen J.-L., Liu Y., Francis F., Haubruge E., Bragard C., Sun J.-R., Cheng D.-F.",2013,China,39.5,116.616666666666,Simplified,Monoculture,Intercropping,Wheat-Garlic,525_C8,525_T4,Insect,Natural enemies,Abundance,standard deviation,73.16,6.07,4,40.86,3.87,4,kg/ha,5726.4,408,4,4814.4,231.2,4,NA,NA,FALSE,FALSE
2138,525,"Zhou H.-B., Chen J.-L., Liu Y., Francis F., Haubruge E., Bragard C., Sun J.-R., Cheng D.-F.",2013,China,39.5,116.616666666666,Simplified,Monoculture,Intercropping,Wheat-Garlic,525_C4,525_T1,Insect,Pests,Abundance,standard deviation,136.36,0,100,299.54,0,100,kg/ha,4771.2,457,4,5736,189,4,NA,NA,TRUE,FALSE
2139,525,"Zhou H.-B., Chen J.-L., Liu Y., Francis F., Haubruge E., Bragard C., Sun J.-R., Cheng D.-F.",2013,China,39.5,116.616666666666,Simplified,Monoculture,Intercropping,Wheat-Garlic,525_C4,525_T2,Insect,Pests,Abundance,standard deviation,253.46,0,100,299.54,0,100,kg/ha,5726.4,408,4,5736,189,4,NA,NA,TRUE,FALSE
2140,525,"Zhou H.-B., Chen J.-L., Liu Y., Francis F., Haubruge E., Bragard C., Sun J.-R., Cheng D.-F.",2013,China,39.5,116.616666666666,Simplified,Monoculture,Intercropping,Wheat-Garlic,525_C1,525_T1,Insect,Pests,Abundance,standard deviation,136.36,0,100,227.27,0,100,kg/ha,4771.2,457,4,4737.6,307.8,4,NA,NA,TRUE,FALSE
2141,525,"Zhou H.-B., Chen J.-L., Liu Y., Francis F., Haubruge E., Bragard C., Sun J.-R., Cheng D.-F.",2013,China,39.5,116.616666666666,Simplified,Monoculture,Intercropping,Wheat-Garlic,525_C1,525_T2,Insect,Pests,Abundance,standard deviation,253.46,0,100,227.27,0,100,kg/ha,5726.4,408,4,4737.6,307.8,4,NA,NA,TRUE,FALSE
2142,525,"Zhou H.-B., Chen J.-L., Liu Y., Francis F., Haubruge E., Bragard C., Sun J.-R., Cheng D.-F.",2013,China,39.5,116.616666666666,Simplified,Monoculture,Intercropping,Wheat-Garlic,525_C2,525_T1,Insect,Pests,Abundance,standard deviation,136.36,0,100,159.09,0,100,kg/ha,4771.2,457,4,5020.8,304.8,4,NA,NA,TRUE,FALSE
2143,525,"Zhou H.-B., Chen J.-L., Liu Y., Francis F., Haubruge E., Bragard C., Sun J.-R., Cheng D.-F.",2013,China,39.5,116.616666666666,Simplified,Monoculture,Intercropping,Wheat-Garlic,525_C2,525_T2,Insect,Pests,Abundance,standard deviation,253.46,0,100,159.09,0,100,kg/ha,5726.4,408,4,5020.8,304.8,4,NA,NA,TRUE,FALSE
2144,525,"Zhou H.-B., Chen J.-L., Liu Y., Francis F., Haubruge E., Bragard C., Sun J.-R., Cheng D.-F.",2013,China,39.5,116.616666666666,Simplified,Monoculture,Intercropping,Wheat-Garlic,525_C3,525_T1,Insect,Pests,Abundance,standard deviation,136.36,0,100,159.09,0,100,kg/ha,4771.2,457,4,4075.2,538.8,4,NA,NA,TRUE,FALSE
2145,525,"Zhou H.-B., Chen J.-L., Liu Y., Francis F., Haubruge E., Bragard C., Sun J.-R., Cheng D.-F.",2013,China,39.5,116.616666666666,Simplified,Monoculture,Intercropping,Wheat-Garlic,525_C3,525_T2,Insect,Pests,Abundance,standard deviation,253.46,0,100,159.09,0,100,kg/ha,5726.4,408,4,4075.2,538.8,4,NA,NA,TRUE,FALSE
2146,525,"Zhou H.-B., Chen J.-L., Liu Y., Francis F., Haubruge E., Bragard C., Sun J.-R., Cheng D.-F.",2013,China,39.5,116.616666666666,Simplified,Monoculture,Intercropping,Wheat-Garlic,525_C5,525_T1,Insect,Pests,Abundance,standard deviation,136.36,0,100,253.46,0,100,kg/ha,4771.2,457,4,6182.4,457.6,4,NA,NA,TRUE,FALSE
2147,525,"Zhou H.-B., Chen J.-L., Liu Y., Francis F., Haubruge E., Bragard C., Sun J.-R., Cheng D.-F.",2013,China,39.5,116.616666666666,Simplified,Monoculture,Intercropping,Wheat-Garlic,525_C5,525_T2,Insect,Pests,Abundance,standard deviation,253.46,0,100,253.46,0,100,kg/ha,5726.4,408,4,6182.4,457.6,4,NA,NA,TRUE,FALSE
2148,525,"Zhou H.-B., Chen J.-L., Liu Y., Francis F., Haubruge E., Bragard C., Sun J.-R., Cheng D.-F.",2013,China,39.5,116.616666666666,Simplified,Monoculture,Intercropping,Wheat-Garlic,525_C6,525_T1,Insect,Pests,Abundance,standard deviation,136.36,0,100,414.75,0,100,kg/ha,4771.2,457,4,4814.4,231.2,4,NA,NA,TRUE,FALSE
2149,525,"Zhou H.-B., Chen J.-L., Liu Y., Francis F., Haubruge E., Bragard C., Sun J.-R., Cheng D.-F.",2013,China,39.5,116.616666666666,Simplified,Monoculture,Intercropping,Wheat-Garlic,525_C6,525_T2,Insect,Pests,Abundance,standard deviation,253.46,0,100,414.75,0,100,kg/ha,5726.4,408,4,4814.4,231.2,4,NA,NA,TRUE,FALSE
2150,525,"Zhou H.-B., Chen J.-L., Liu Y., Francis F., Haubruge E., Bragard C., Sun J.-R., Cheng D.-F.",2013,China,39.5,116.616666666666,Simplified,Monoculture,Intercropping,Wheat-Garlic,525_C3,525_T1,Insect,Pests,Abundance,standard deviation,272.73,0,100,340.91,0,100,kg/ha,4771.2,457,4,4075.2,538.8,4,NA,NA,TRUE,FALSE
2151,525,"Zhou H.-B., Chen J.-L., Liu Y., Francis F., Haubruge E., Bragard C., Sun J.-R., Cheng D.-F.",2013,China,39.5,116.616666666666,Simplified,Monoculture,Intercropping,Wheat-Garlic,525_C3,525_T2,Insect,Pests,Abundance,standard deviation,368.66,0,100,340.91,0,100,kg/ha,5726.4,408,4,4075.2,538.8,4,NA,NA,TRUE,FALSE
2152,525,"Zhou H.-B., Chen J.-L., Liu Y., Francis F., Haubruge E., Bragard C., Sun J.-R., Cheng D.-F.",2013,China,39.5,116.616666666666,Simplified,Monoculture,Intercropping,Wheat-Garlic,525_C5,525_T1,Insect,Pests,Abundance,standard deviation,272.73,0,100,414.75,0,100,kg/ha,4771.2,457,4,6182.4,457.6,4,NA,NA,TRUE,FALSE
2153,525,"Zhou H.-B., Chen J.-L., Liu Y., Francis F., Haubruge E., Bragard C., Sun J.-R., Cheng D.-F.",2013,China,39.5,116.616666666666,Simplified,Monoculture,Intercropping,Wheat-Garlic,525_C5,525_T2,Insect,Pests,Abundance,standard deviation,368.66,0,100,414.75,0,100,kg/ha,5726.4,408,4,6182.4,457.6,4,NA,NA,TRUE,FALSE
2154,525,"Zhou H.-B., Chen J.-L., Liu Y., Francis F., Haubruge E., Bragard C., Sun J.-R., Cheng D.-F.",2013,China,39.5,116.616666666666,Simplified,Monoculture,Intercropping,Wheat-Garlic,525_C1,525_T1,Insect,Pests,Abundance,standard deviation,272.73,0,100,250,0,100,kg/ha,4771.2,457,4,4737.6,307.8,4,NA,NA,TRUE,FALSE
2155,525,"Zhou H.-B., Chen J.-L., Liu Y., Francis F., Haubruge E., Bragard C., Sun J.-R., Cheng D.-F.",2013,China,39.5,116.616666666666,Simplified,Monoculture,Intercropping,Wheat-Garlic,525_C1,525_T2,Insect,Pests,Abundance,standard deviation,368.66,0,100,250,0,100,kg/ha,5726.4,408,4,4737.6,307.8,4,NA,NA,TRUE,FALSE
2156,525,"Zhou H.-B., Chen J.-L., Liu Y., Francis F., Haubruge E., Bragard C., Sun J.-R., Cheng D.-F.",2013,China,39.5,116.616666666666,Simplified,Monoculture,Intercropping,Wheat-Garlic,525_C2,525_T1,Insect,Pests,Abundance,standard deviation,272.73,0,100,250,0,100,kg/ha,4771.2,457,4,5020.8,304.8,4,NA,NA,TRUE,FALSE
2157,525,"Zhou H.-B., Chen J.-L., Liu Y., Francis F., Haubruge E., Bragard C., Sun J.-R., Cheng D.-F.",2013,China,39.5,116.616666666666,Simplified,Monoculture,Intercropping,Wheat-Garlic,525_C2,525_T2,Insect,Pests,Abundance,standard deviation,368.66,0,100,250,0,100,kg/ha,5726.4,408,4,5020.8,304.8,4,NA,NA,TRUE,FALSE
2158,525,"Zhou H.-B., Chen J.-L., Liu Y., Francis F., Haubruge E., Bragard C., Sun J.-R., Cheng D.-F.",2013,China,39.5,116.616666666666,Simplified,Monoculture,Intercropping,Wheat-Garlic,525_C4,525_T1,Insect,Pests,Abundance,standard deviation,272.73,0,100,345.62,0,100,kg/ha,4771.2,457,4,5736,189,4,NA,NA,TRUE,FALSE
2159,525,"Zhou H.-B., Chen J.-L., Liu Y., Francis F., Haubruge E., Bragard C., Sun J.-R., Cheng D.-F.",2013,China,39.5,116.616666666666,Simplified,Monoculture,Intercropping,Wheat-Garlic,525_C4,525_T2,Insect,Pests,Abundance,standard deviation,368.66,0,100,345.62,0,100,kg/ha,5726.4,408,4,5736,189,4,NA,NA,TRUE,FALSE
2160,525,"Zhou H.-B., Chen J.-L., Liu Y., Francis F., Haubruge E., Bragard C., Sun J.-R., Cheng D.-F.",2013,China,39.5,116.616666666666,Simplified,Monoculture,Intercropping,Wheat-Garlic,525_C6,525_T1,Insect,Pests,Abundance,standard deviation,272.73,0,100,460.83,0,100,kg/ha,4771.2,457,4,4814.4,231.2,4,NA,NA,TRUE,FALSE
2161,525,"Zhou H.-B., Chen J.-L., Liu Y., Francis F., Haubruge E., Bragard C., Sun J.-R., Cheng D.-F.",2013,China,39.5,116.616666666666,Simplified,Monoculture,Intercropping,Wheat-Garlic,525_C6,525_T2,Insect,Pests,Abundance,standard deviation,368.66,0,100,460.83,0,100,kg/ha,5726.4,408,4,4814.4,231.2,4,NA,NA,TRUE,FALSE
2162,525,"Zhou H.-B., Chen J.-L., Liu Y., Francis F., Haubruge E., Bragard C., Sun J.-R., Cheng D.-F.",2013,China,39.5,116.616666666666,Simplified,Monoculture,Intercropping,Wheat-Garlic,525_C1,525_T1,Insect,Pests,Abundance,standard deviation,1241.38,91.95,100,1057.47,91.95,100,kg/ha,4771.2,457,4,4737.6,307.8,4,NA,NA,FALSE,FALSE
2163,525,"Zhou H.-B., Chen J.-L., Liu Y., Francis F., Haubruge E., Bragard C., Sun J.-R., Cheng D.-F.",2013,China,39.5,116.616666666666,Simplified,Monoculture,Intercropping,Wheat-Garlic,525_C1,525_T2,Insect,Pests,Abundance,standard deviation,1338.46,92.31,100,1057.47,91.95,100,kg/ha,5726.4,408,4,4737.6,307.8,4,NA,NA,FALSE,FALSE
2164,525,"Zhou H.-B., Chen J.-L., Liu Y., Francis F., Haubruge E., Bragard C., Sun J.-R., Cheng D.-F.",2013,China,39.5,116.616666666666,Simplified,Monoculture,Intercropping,Wheat-Garlic,525_C3,525_T1,Insect,Pests,Abundance,standard deviation,1241.38,91.95,100,1402.3,114.94,100,kg/ha,4771.2,457,4,4075.2,538.8,4,NA,NA,FALSE,FALSE
2165,525,"Zhou H.-B., Chen J.-L., Liu Y., Francis F., Haubruge E., Bragard C., Sun J.-R., Cheng D.-F.",2013,China,39.5,116.616666666666,Simplified,Monoculture,Intercropping,Wheat-Garlic,525_C3,525_T2,Insect,Pests,Abundance,standard deviation,1338.46,92.31,100,1402.3,114.94,100,kg/ha,5726.4,408,4,4075.2,538.8,4,NA,NA,FALSE,FALSE
2166,525,"Zhou H.-B., Chen J.-L., Liu Y., Francis F., Haubruge E., Bragard C., Sun J.-R., Cheng D.-F.",2013,China,39.5,116.616666666666,Simplified,Monoculture,Intercropping,Wheat-Garlic,525_C5,525_T1,Insect,Pests,Abundance,standard deviation,1241.38,91.95,100,1038.46,92.31,100,kg/ha,4771.2,457,4,6182.4,457.6,4,NA,NA,FALSE,FALSE
2167,525,"Zhou H.-B., Chen J.-L., Liu Y., Francis F., Haubruge E., Bragard C., Sun J.-R., Cheng D.-F.",2013,China,39.5,116.616666666666,Simplified,Monoculture,Intercropping,Wheat-Garlic,525_C5,525_T2,Insect,Pests,Abundance,standard deviation,1338.46,92.31,100,1038.46,92.31,100,kg/ha,5726.4,408,4,6182.4,457.6,4,NA,NA,FALSE,FALSE
2168,525,"Zhou H.-B., Chen J.-L., Liu Y., Francis F., Haubruge E., Bragard C., Sun J.-R., Cheng D.-F.",2013,China,39.5,116.616666666666,Simplified,Monoculture,Intercropping,Wheat-Garlic,525_C6,525_T1,Insect,Pests,Abundance,standard deviation,1241.38,91.95,100,1915.38,69.23,100,kg/ha,4771.2,457,4,4814.4,231.2,4,NA,NA,FALSE,FALSE
2169,525,"Zhou H.-B., Chen J.-L., Liu Y., Francis F., Haubruge E., Bragard C., Sun J.-R., Cheng D.-F.",2013,China,39.5,116.616666666666,Simplified,Monoculture,Intercropping,Wheat-Garlic,525_C6,525_T2,Insect,Pests,Abundance,standard deviation,1338.46,92.31,100,1915.38,69.23,100,kg/ha,5726.4,408,4,4814.4,231.2,4,NA,NA,FALSE,FALSE
2170,525,"Zhou H.-B., Chen J.-L., Liu Y., Francis F., Haubruge E., Bragard C., Sun J.-R., Cheng D.-F.",2013,China,39.5,116.616666666666,Simplified,Monoculture,Intercropping,Wheat-Garlic,525_C2,525_T1,Insect,Pests,Abundance,standard deviation,1241.38,91.95,100,1195.4,91.95,100,kg/ha,4771.2,457,4,5020.8,304.8,4,NA,NA,FALSE,FALSE
2171,525,"Zhou H.-B., Chen J.-L., Liu Y., Francis F., Haubruge E., Bragard C., Sun J.-R., Cheng D.-F.",2013,China,39.5,116.616666666666,Simplified,Monoculture,Intercropping,Wheat-Garlic,525_C2,525_T2,Insect,Pests,Abundance,standard deviation,1338.46,92.31,100,1195.4,91.95,100,kg/ha,5726.4,408,4,5020.8,304.8,4,NA,NA,FALSE,FALSE
2172,525,"Zhou H.-B., Chen J.-L., Liu Y., Francis F., Haubruge E., Bragard C., Sun J.-R., Cheng D.-F.",2013,China,39.5,116.616666666666,Simplified,Monoculture,Intercropping,Wheat-Garlic,525_C4,525_T1,Insect,Pests,Abundance,standard deviation,1241.38,91.95,100,1223.08,46.15,100,kg/ha,4771.2,457,4,5736,189,4,NA,NA,FALSE,FALSE
2173,525,"Zhou H.-B., Chen J.-L., Liu Y., Francis F., Haubruge E., Bragard C., Sun J.-R., Cheng D.-F.",2013,China,39.5,116.616666666666,Simplified,Monoculture,Intercropping,Wheat-Garlic,525_C4,525_T2,Insect,Pests,Abundance,standard deviation,1338.46,92.31,100,1223.08,46.15,100,kg/ha,5726.4,408,4,5736,189,4,NA,NA,FALSE,FALSE
2174,525,"Zhou H.-B., Chen J.-L., Liu Y., Francis F., Haubruge E., Bragard C., Sun J.-R., Cheng D.-F.",2013,China,39.5,116.616666666666,Simplified,Monoculture,Intercropping,Wheat-Garlic,525_C1,525_T1,Insect,Pests,Abundance,standard deviation,2643.68,114.94,100,2321.84,114.94,100,kg/ha,4771.2,457,4,4737.6,307.8,4,NA,NA,FALSE,FALSE
2175,525,"Zhou H.-B., Chen J.-L., Liu Y., Francis F., Haubruge E., Bragard C., Sun J.-R., Cheng D.-F.",2013,China,39.5,116.616666666666,Simplified,Monoculture,Intercropping,Wheat-Garlic,525_C1,525_T2,Insect,Pests,Abundance,standard deviation,2584.62,92.31,100,2321.84,114.94,100,kg/ha,5726.4,408,4,4737.6,307.8,4,NA,NA,FALSE,FALSE
2176,525,"Zhou H.-B., Chen J.-L., Liu Y., Francis F., Haubruge E., Bragard C., Sun J.-R., Cheng D.-F.",2013,China,39.5,116.616666666666,Simplified,Monoculture,Intercropping,Wheat-Garlic,525_C2,525_T1,Insect,Pests,Abundance,standard deviation,2643.68,114.94,100,2298.85,137.93,100,kg/ha,4771.2,457,4,5020.8,304.8,4,NA,NA,FALSE,FALSE
2177,525,"Zhou H.-B., Chen J.-L., Liu Y., Francis F., Haubruge E., Bragard C., Sun J.-R., Cheng D.-F.",2013,China,39.5,116.616666666666,Simplified,Monoculture,Intercropping,Wheat-Garlic,525_C2,525_T2,Insect,Pests,Abundance,standard deviation,2584.62,92.31,100,2298.85,137.93,100,kg/ha,5726.4,408,4,5020.8,304.8,4,NA,NA,FALSE,FALSE
2178,525,"Zhou H.-B., Chen J.-L., Liu Y., Francis F., Haubruge E., Bragard C., Sun J.-R., Cheng D.-F.",2013,China,39.5,116.616666666666,Simplified,Monoculture,Intercropping,Wheat-Garlic,525_C4,525_T1,Insect,Pests,Abundance,standard deviation,2643.68,114.94,100,2792.31,138.46,100,kg/ha,4771.2,457,4,5736,189,4,NA,NA,FALSE,FALSE
2179,525,"Zhou H.-B., Chen J.-L., Liu Y., Francis F., Haubruge E., Bragard C., Sun J.-R., Cheng D.-F.",2013,China,39.5,116.616666666666,Simplified,Monoculture,Intercropping,Wheat-Garlic,525_C4,525_T2,Insect,Pests,Abundance,standard deviation,2584.62,92.31,100,2792.31,138.46,100,kg/ha,5726.4,408,4,5736,189,4,NA,NA,FALSE,FALSE
2180,525,"Zhou H.-B., Chen J.-L., Liu Y., Francis F., Haubruge E., Bragard C., Sun J.-R., Cheng D.-F.",2013,China,39.5,116.616666666666,Simplified,Monoculture,Intercropping,Wheat-Garlic,525_C5,525_T1,Insect,Pests,Abundance,standard deviation,2643.68,114.94,100,2746.15,92.31,100,kg/ha,4771.2,457,4,6182.4,457.6,4,NA,NA,FALSE,FALSE
2181,525,"Zhou H.-B., Chen J.-L., Liu Y., Francis F., Haubruge E., Bragard C., Sun J.-R., Cheng D.-F.",2013,China,39.5,116.616666666666,Simplified,Monoculture,Intercropping,Wheat-Garlic,525_C5,525_T2,Insect,Pests,Abundance,standard deviation,2584.62,92.31,100,2746.15,92.31,100,kg/ha,5726.4,408,4,6182.4,457.6,4,NA,NA,FALSE,FALSE
2182,525,"Zhou H.-B., Chen J.-L., Liu Y., Francis F., Haubruge E., Bragard C., Sun J.-R., Cheng D.-F.",2013,China,39.5,116.616666666666,Simplified,Monoculture,Intercropping,Wheat-Garlic,525_C6,525_T1,Insect,Pests,Abundance,standard deviation,2643.68,114.94,100,3415.38,92.31,100,kg/ha,4771.2,457,4,4814.4,231.2,4,NA,NA,FALSE,FALSE
2183,525,"Zhou H.-B., Chen J.-L., Liu Y., Francis F., Haubruge E., Bragard C., Sun J.-R., Cheng D.-F.",2013,China,39.5,116.616666666666,Simplified,Monoculture,Intercropping,Wheat-Garlic,525_C6,525_T2,Insect,Pests,Abundance,standard deviation,2584.62,92.31,100,3415.38,92.31,100,kg/ha,5726.4,408,4,4814.4,231.2,4,NA,NA,FALSE,FALSE
2184,525,"Zhou H.-B., Chen J.-L., Liu Y., Francis F., Haubruge E., Bragard C., Sun J.-R., Cheng D.-F.",2013,China,39.5,116.616666666666,Simplified,Monoculture,Intercropping,Wheat-Garlic,525_C3,525_T1,Insect,Pests,Abundance,standard deviation,2643.68,114.94,100,3241.38,183.91,100,kg/ha,4771.2,457,4,4075.2,538.8,4,NA,NA,FALSE,FALSE
2185,525,"Zhou H.-B., Chen J.-L., Liu Y., Francis F., Haubruge E., Bragard C., Sun J.-R., Cheng D.-F.",2013,China,39.5,116.616666666666,Simplified,Monoculture,Intercropping,Wheat-Garlic,525_C3,525_T2,Insect,Pests,Abundance,standard deviation,2584.62,92.31,100,3241.38,183.91,100,kg/ha,5726.4,408,4,4075.2,538.8,4,NA,NA,FALSE,FALSE
2186,525,"Zhou H.-B., Chen J.-L., Liu Y., Francis F., Haubruge E., Bragard C., Sun J.-R., Cheng D.-F.",2013,China,39.5,116.616666666666,Simplified,Monoculture,Intercropping,Wheat-Garlic,525_C4,525_T1,Insect,Pests,Abundance,standard deviation,3899.08,206.42,100,2834.1,115.21,100,kg/ha,4771.2,457,4,5736,189,4,NA,NA,FALSE,FALSE
2187,525,"Zhou H.-B., Chen J.-L., Liu Y., Francis F., Haubruge E., Bragard C., Sun J.-R., Cheng D.-F.",2013,China,39.5,116.616666666666,Simplified,Monoculture,Intercropping,Wheat-Garlic,525_C4,525_T2,Insect,Pests,Abundance,standard deviation,2995.39,207.37,100,2834.1,115.21,100,kg/ha,5726.4,408,4,5736,189,4,NA,NA,FALSE,FALSE
2188,525,"Zhou H.-B., Chen J.-L., Liu Y., Francis F., Haubruge E., Bragard C., Sun J.-R., Cheng D.-F.",2013,China,39.5,116.616666666666,Simplified,Monoculture,Intercropping,Wheat-Garlic,525_C5,525_T1,Insect,Pests,Abundance,standard deviation,3899.08,206.42,100,2903.23,138.25,100,kg/ha,4771.2,457,4,6182.4,457.6,4,NA,NA,FALSE,FALSE
2189,525,"Zhou H.-B., Chen J.-L., Liu Y., Francis F., Haubruge E., Bragard C., Sun J.-R., Cheng D.-F.",2013,China,39.5,116.616666666666,Simplified,Monoculture,Intercropping,Wheat-Garlic,525_C5,525_T2,Insect,Pests,Abundance,standard deviation,2995.39,207.37,100,2903.23,138.25,100,kg/ha,5726.4,408,4,6182.4,457.6,4,NA,NA,FALSE,FALSE
2190,525,"Zhou H.-B., Chen J.-L., Liu Y., Francis F., Haubruge E., Bragard C., Sun J.-R., Cheng D.-F.",2013,China,39.5,116.616666666666,Simplified,Monoculture,Intercropping,Wheat-Garlic,525_C1,525_T1,Insect,Pests,Abundance,standard deviation,3899.08,206.42,100,3990.83,252.29,100,kg/ha,4771.2,457,4,4737.6,307.8,4,NA,NA,FALSE,FALSE
2191,525,"Zhou H.-B., Chen J.-L., Liu Y., Francis F., Haubruge E., Bragard C., Sun J.-R., Cheng D.-F.",2013,China,39.5,116.616666666666,Simplified,Monoculture,Intercropping,Wheat-Garlic,525_C1,525_T2,Insect,Pests,Abundance,standard deviation,2995.39,207.37,100,3990.83,252.29,100,kg/ha,5726.4,408,4,4737.6,307.8,4,NA,NA,FALSE,FALSE
2192,525,"Zhou H.-B., Chen J.-L., Liu Y., Francis F., Haubruge E., Bragard C., Sun J.-R., Cheng D.-F.",2013,China,39.5,116.616666666666,Simplified,Monoculture,Intercropping,Wheat-Garlic,525_C2,525_T1,Insect,Pests,Abundance,standard deviation,3899.08,206.42,100,3807.34,206.42,100,kg/ha,4771.2,457,4,5020.8,304.8,4,NA,NA,FALSE,FALSE
2193,525,"Zhou H.-B., Chen J.-L., Liu Y., Francis F., Haubruge E., Bragard C., Sun J.-R., Cheng D.-F.",2013,China,39.5,116.616666666666,Simplified,Monoculture,Intercropping,Wheat-Garlic,525_C2,525_T2,Insect,Pests,Abundance,standard deviation,2995.39,207.37,100,3807.34,206.42,100,kg/ha,5726.4,408,4,5020.8,304.8,4,NA,NA,FALSE,FALSE
2194,525,"Zhou H.-B., Chen J.-L., Liu Y., Francis F., Haubruge E., Bragard C., Sun J.-R., Cheng D.-F.",2013,China,39.5,116.616666666666,Simplified,Monoculture,Intercropping,Wheat-Garlic,525_C3,525_T1,Insect,Pests,Abundance,standard deviation,3899.08,206.42,100,5871.56,252.29,100,kg/ha,4771.2,457,4,4075.2,538.8,4,NA,NA,FALSE,FALSE
2195,525,"Zhou H.-B., Chen J.-L., Liu Y., Francis F., Haubruge E., Bragard C., Sun J.-R., Cheng D.-F.",2013,China,39.5,116.616666666666,Simplified,Monoculture,Intercropping,Wheat-Garlic,525_C3,525_T2,Insect,Pests,Abundance,standard deviation,2995.39,207.37,100,5871.56,252.29,100,kg/ha,5726.4,408,4,4075.2,538.8,4,NA,NA,FALSE,FALSE
2196,525,"Zhou H.-B., Chen J.-L., Liu Y., Francis F., Haubruge E., Bragard C., Sun J.-R., Cheng D.-F.",2013,China,39.5,116.616666666666,Simplified,Monoculture,Intercropping,Wheat-Garlic,525_C6,525_T1,Insect,Pests,Abundance,standard deviation,3899.08,206.42,100,4078.34,138.25,100,kg/ha,4771.2,457,4,4814.4,231.2,4,NA,NA,FALSE,FALSE
2197,525,"Zhou H.-B., Chen J.-L., Liu Y., Francis F., Haubruge E., Bragard C., Sun J.-R., Cheng D.-F.",2013,China,39.5,116.616666666666,Simplified,Monoculture,Intercropping,Wheat-Garlic,525_C6,525_T2,Insect,Pests,Abundance,standard deviation,2995.39,207.37,100,4078.34,138.25,100,kg/ha,5726.4,408,4,4814.4,231.2,4,NA,NA,FALSE,FALSE
2230,528,"Nakahira K., Takada Y., Teramoto T., Kagoshima K., Takagi M.",2012,Japan,32.8652777777777,130.112222222222,Simplified,Monoculture,Intercropping,Potato-Barley,528_C1,528_T1,Insect,Pests,Abundance,standard error,0.36,0.387298334620742,60,0.71,0.387298334620742,60,NA,NA,NA,NA,NA,NA,NA,NA,NA,FALSE,FALSE
2231,528,"Nakahira K., Takada Y., Teramoto T., Kagoshima K., Takagi M.",2012,Japan,32.8652777777777,130.112222222222,Simplified,Monoculture,Intercropping,Potato-Barley,528_C1,528_T2,Insect,Pests,Abundance,standard error,0.39,0.387298334620742,60,0.71,0.387298334620742,60,NA,NA,NA,NA,NA,NA,NA,NA,NA,FALSE,FALSE
2232,528,"Nakahira K., Takada Y., Teramoto T., Kagoshima K., Takagi M.",2012,Japan,32.8652777777777,130.112222222222,Simplified,Monoculture,Intercropping,Potato-Barley,528_C1,528_T1,Insect,Pests,Abundance,standard error,1.63,1.62665300540712,60,4.13,1.62665300540712,60,NA,NA,NA,NA,NA,NA,NA,NA,NA,FALSE,FALSE
2233,528,"Nakahira K., Takada Y., Teramoto T., Kagoshima K., Takagi M.",2012,Japan,32.8652777777777,130.112222222222,Simplified,Monoculture,Intercropping,Potato-Barley,528_C1,528_T2,Insect,Pests,Abundance,standard error,2.16,1.62665300540712,60,4.13,1.62665300540712,60,NA,NA,NA,NA,NA,NA,NA,NA,NA,FALSE,FALSE
2234,528,"Nakahira K., Takada Y., Teramoto T., Kagoshima K., Takagi M.",2012,Japan,32.8652777777777,130.112222222222,Simplified,Monoculture,Intercropping,Potato-Barley,528_C1,528_T1,Insect,Natural enemies,Abundance,standard error,0.29,0.387298334620742,60,0.73,0.387298334620742,60,NA,NA,NA,NA,NA,NA,NA,NA,NA,FALSE,FALSE
2235,528,"Nakahira K., Takada Y., Teramoto T., Kagoshima K., Takagi M.",2012,Japan,32.8652777777777,130.112222222222,Simplified,Monoculture,Intercropping,Potato-Barley,528_C1,528_T2,Insect,Natural enemies,Abundance,standard error,0.26,0.387298334620742,60,0.73,0.387298334620742,60,NA,NA,NA,NA,NA,NA,NA,NA,NA,FALSE,FALSE
2236,528,"Nakahira K., Takada Y., Teramoto T., Kagoshima K., Takagi M.",2012,Japan,32.8652777777777,130.112222222222,Simplified,Monoculture,Intercropping,Potato-Barley,528_C1,528_T1,Insect,Natural enemies,Abundance,standard error,0.09,0.542217668469038,60,0.4,0.542217668469038,60,NA,NA,NA,NA,NA,NA,NA,NA,NA,FALSE,FALSE
2237,528,"Nakahira K., Takada Y., Teramoto T., Kagoshima K., Takagi M.",2012,Japan,32.8652777777777,130.112222222222,Simplified,Monoculture,Intercropping,Potato-Barley,528_C1,528_T2,Insect,Natural enemies,Abundance,standard error,0.14,0.542217668469038,60,0.4,0.542217668469038,60,NA,NA,NA,NA,NA,NA,NA,NA,NA,FALSE,FALSE
2298,530,"Bickerton M.W., Hamilton G.C.",2012,United States of America,40.56023,-74.962206,Simplified,Monoculture,Intercropping,Bell pepper-Other,530_C1,530_T1,Insect,Natural enemies,Abundance,standard error,0.721,0.1546,4,0.631,0.1804,4,NA,NA,NA,NA,NA,NA,NA,0,NA,FALSE,FALSE
2299,530,"Bickerton M.W., Hamilton G.C.",2012,United States of America,40.40674,-74.499773,Simplified,Monoculture,Intercropping,Bell pepper-Other,530_C1,530_T2,Insect,Natural enemies,Abundance,standard error,0.3737,0.154,4,0.631,0.1804,4,NA,NA,NA,NA,NA,NA,NA,0,NA,FALSE,FALSE
2300,530,"Bickerton M.W., Hamilton G.C.",2012,United States of America,40.56023,-74.962206,Simplified,Monoculture,Intercropping,Bell pepper-Other,530_C2,530_T1,Insect,Natural enemies,Abundance,standard error,0.721,0.1546,4,0.2835,0.1804,4,NA,NA,NA,NA,NA,NA,NA,0,NA,FALSE,FALSE
2301,530,"Bickerton M.W., Hamilton G.C.",2012,United States of America,40.40674,-74.499773,Simplified,Monoculture,Intercropping,Bell pepper-Other,530_C2,530_T2,Insect,Natural enemies,Abundance,standard error,0.3737,0.154,4,0.2835,0.1804,4,NA,NA,NA,NA,NA,NA,NA,0,NA,FALSE,FALSE
2302,531,"Yao F.L., You M.S., Vasseur L., Yang G., Zheng Y.K.",2012,China,27.6522555555555,117.888716666666,Simplified,Monoculture,Intercropping,Rice-Soybean,531_C1,531_T1,Insect,Pests,Abundance,standard error,122.5,110.471987399521,24,107.04,95.0402020199873,24,NA,NA,NA,NA,NA,NA,NA,1,NA,FALSE,FALSE
2303,531,"Yao F.L., You M.S., Vasseur L., Yang G., Zheng Y.K.",2012,China,27.6522555555555,117.888716666666,Simplified,Monoculture,Intercropping,Rice-Maize,531_C1,531_T2,Insect,Pests,Abundance,standard error,78.83,78.6776105381957,24,107.04,95.0402020199873,24,NA,NA,NA,NA,NA,NA,NA,1,NA,FALSE,FALSE
2304,531,"Yao F.L., You M.S., Vasseur L., Yang G., Zheng Y.K.",2012,China,27.6522555555555,117.888716666666,Simplified,Monoculture,Intercropping,Rice-Soybean,531_C1,531_T1,Insect,Natural enemies,Abundance,standard error,17.75,17.4893567634719,24,18.17,15.1378466104,24,NA,NA,NA,NA,NA,NA,NA,1,NA,FALSE,FALSE
2305,531,"Yao F.L., You M.S., Vasseur L., Yang G., Zheng Y.K.",2012,China,27.6522555555555,117.888716666666,Simplified,Monoculture,Intercropping,Rice-Maize,531_C1,531_T2,Insect,Natural enemies,Abundance,standard error,12.5,12.3944180984829,24,18.17,15.1378466104,24,NA,NA,NA,NA,NA,NA,NA,1,NA,FALSE,FALSE
2306,531,"Yao F.L., You M.S., Vasseur L., Yang G., Zheng Y.K.",2012,China,27.6522555555555,117.888716666666,Simplified,Monoculture,Intercropping,Rice-Soybean,531_C1,531_T1,Insect,Natural enemies,Abundance,standard error,37.79,58.0039171091057,24,50.49,67.3609679265374,24,NA,NA,NA,NA,NA,NA,NA,1,NA,FALSE,FALSE
2307,531,"Yao F.L., You M.S., Vasseur L., Yang G., Zheng Y.K.",2012,China,27.6522555555555,117.888716666666,Simplified,Monoculture,Intercropping,Rice-Maize,531_C1,531_T2,Insect,Natural enemies,Abundance,standard error,41.08,46.5403051128804,24,50.49,67.3609679265374,24,NA,NA,NA,NA,NA,NA,NA,1,NA,FALSE,FALSE
2308,531,"Yao F.L., You M.S., Vasseur L., Yang G., Zheng Y.K.",2012,China,27.6522555555555,117.888716666666,Simplified,Monoculture,Intercropping,Rice-Soybean,531_C1,531_T1,Insect,Pests,Abundance,standard error,47.25,65.1142995047939,20,48.5,67.6634169991436,20,NA,NA,NA,NA,NA,NA,NA,1,NA,FALSE,FALSE
2309,531,"Yao F.L., You M.S., Vasseur L., Yang G., Zheng Y.K.",2012,China,27.6522555555555,117.888716666666,Simplified,Monoculture,Intercropping,Rice-Maize,531_C1,531_T2,Insect,Pests,Abundance,standard error,25.35,39.6231245612963,20,48.5,67.6634169991436,20,NA,NA,NA,NA,NA,NA,NA,1,NA,FALSE,FALSE
2310,531,"Yao F.L., You M.S., Vasseur L., Yang G., Zheng Y.K.",2012,China,27.6522555555555,117.888716666666,Simplified,Monoculture,Intercropping,Rice-Soybean,531_C1,531_T1,Insect,Pests,Abundance,standard error,3.6,5.3218417864495,20,4.3,4.33797187634959,20,NA,NA,NA,NA,NA,NA,NA,1,NA,FALSE,FALSE
2311,531,"Yao F.L., You M.S., Vasseur L., Yang G., Zheng Y.K.",2012,China,27.6522555555555,117.888716666666,Simplified,Monoculture,Intercropping,Rice-Maize,531_C1,531_T2,Insect,Pests,Abundance,standard error,3.1,2.59383885389976,20,4.3,4.33797187634959,20,NA,NA,NA,NA,NA,NA,NA,1,NA,FALSE,FALSE
2312,531,"Yao F.L., You M.S., Vasseur L., Yang G., Zheng Y.K.",2012,China,27.6522555555555,117.888716666666,Simplified,Monoculture,Intercropping,Rice-Soybean,531_C1,531_T1,Insect,Pests,Abundance,standard error,80.13,114.636119962253,24,63.96,88.1816307401944,24,NA,NA,NA,NA,NA,NA,NA,1,NA,FALSE,FALSE
2313,531,"Yao F.L., You M.S., Vasseur L., Yang G., Zheng Y.K.",2012,China,27.6522555555555,117.888716666666,Simplified,Monoculture,Intercropping,Rice-Maize,531_C1,531_T2,Insect,Pests,Abundance,standard error,55.13,79.7553860250203,24,63.96,88.1816307401944,24,NA,NA,NA,NA,NA,NA,NA,1,NA,FALSE,FALSE
2314,533,"Nyasani J.O., Meyhöfer R., Subramanian S., Poehling H.M.",2012,Kenya,-0.5,37.45,Simplified,Monoculture,Intercropping,Green bean-Sunflower,533_C1,533_T1,Insect,Pests,Abundance,standard error,116.2,115.739362362163,40,137,135.97793938724,40,kg/ha,3250,348,4,4500,482,4,0,0,FALSE,FALSE
2315,533,"Nyasani J.O., Meyhöfer R., Subramanian S., Poehling H.M.",2012,Kenya,-0.5,37.45,Simplified,Monoculture,Intercropping,Maize-Green bean,533_C1,533_T2,Insect,Pests,Abundance,standard error,111.2,111.312173637927,40,137,135.97793938724,40,kg/ha,3250,348,4,4500,482,4,0,0,FALSE,FALSE
2316,533,"Nyasani J.O., Meyhöfer R., Subramanian S., Poehling H.M.",2012,Kenya,-0.5,37.45,Simplified,Monoculture,Intercropping,Green bean-Other,533_C1,533_T3,Insect,Pests,Abundance,standard error,100.2,100.560429593354,40,137,135.97793938724,40,kg/ha,3750,402,4,4500,482,4,0,0,FALSE,FALSE
2317,533,"Nyasani J.O., Meyhöfer R., Subramanian S., Poehling H.M.",2012,Kenya,-0.5,37.45,Simplified,Monoculture,Intercropping,Green bean-Potato,533_C1,533_T4,Insect,Pests,Abundance,standard error,58.7,60.7157310752329,40,137,135.97793938724,40,kg/ha,4000,428,4,4500,482,4,0,0,FALSE,FALSE
2318,533,"Nyasani J.O., Meyhöfer R., Subramanian S., Poehling H.M.",2012,Kenya,-0.5,37.45,Simplified,Monoculture,Intercropping,Green bean-Other,533_C1,533_T5,Insect,Pests,Abundance,standard error,51,53.1262646908288,40,137,135.97793938724,40,kg/ha,4250,454,4,4500,482,4,0,0,FALSE,FALSE
2319,533,"Nyasani J.O., Meyhöfer R., Subramanian S., Poehling H.M.",2012,Kenya,-0.5,37.45,Simplified,Monoculture,Intercropping,Green bean-Sunflower,533_C1,533_T5,Insect,Natural enemies,Abundance,standard error,3.7,5.75534534150645,40,8.5,5.12288980947277,40,kg/ha,4250,454,4,4500,482,4,0,0,FALSE,FALSE
2320,533,"Nyasani J.O., Meyhöfer R., Subramanian S., Poehling H.M.",2012,Kenya,-0.5,37.45,Simplified,Monoculture,Intercropping,Maize-Green bean,533_C1,533_T3,Insect,Natural enemies,Abundance,standard error,4.9,6.70402863955696,40,8.5,5.12288980947277,40,kg/ha,3750,402,4,4500,482,4,0,0,FALSE,FALSE
2321,533,"Nyasani J.O., Meyhöfer R., Subramanian S., Poehling H.M.",2012,Kenya,-0.5,37.45,Simplified,Monoculture,Intercropping,Green bean-Other,533_C1,533_T4,Insect,Natural enemies,Abundance,standard error,2.3,4.55367983064247,40,8.5,5.12288980947277,40,kg/ha,4000,428,4,4500,482,4,0,0,FALSE,FALSE
2322,533,"Nyasani J.O., Meyhöfer R., Subramanian S., Poehling H.M.",2012,Kenya,-0.5,37.45,Simplified,Monoculture,Intercropping,Green bean-Potato,533_C1,533_T2,Insect,Natural enemies,Abundance,standard error,4.1,6.13481866072666,40,8.5,5.12288980947277,40,kg/ha,3250,348,4,4500,482,4,0,0,FALSE,FALSE
2323,533,"Nyasani J.O., Meyhöfer R., Subramanian S., Poehling H.M.",2012,Kenya,-0.5,37.45,Simplified,Monoculture,Intercropping,Green bean-Other,533_C1,533_T1,Insect,Natural enemies,Abundance,standard error,3.9,6.00832755431992,40,8.5,5.12288980947277,40,kg/ha,3250,348,4,4500,482,4,0,0,FALSE,FALSE
2324,533,"Nyasani J.O., Meyhöfer R., Subramanian S., Poehling H.M.",2012,Kenya,-0.5,37.45,Simplified,Monoculture,Intercropping,Green bean-Sunflower,533_C1,533_T5,Insect,Natural enemies,Abundance,standard error,3.1,6.13481866072666,40,2.3,5.12288980947277,40,kg/ha,4250,454,4,4500,482,4,0,0,FALSE,FALSE
2325,533,"Nyasani J.O., Meyhöfer R., Subramanian S., Poehling H.M.",2012,Kenya,-0.5,37.45,Simplified,Monoculture,Intercropping,Maize-Green bean,533_C1,533_T3,Insect,Natural enemies,Abundance,standard error,8.5,11.4474451298095,40,2.3,5.12288980947277,40,kg/ha,3750,402,4,4500,482,4,0,0,FALSE,FALSE
2326,533,"Nyasani J.O., Meyhöfer R., Subramanian S., Poehling H.M.",2012,Kenya,-0.5,37.45,Simplified,Monoculture,Intercropping,Green bean-Other,533_C1,533_T4,Insect,Natural enemies,Abundance,standard error,5.3,8.34841302284452,40,2.3,5.12288980947277,40,kg/ha,4000,428,4,4500,482,4,0,0,FALSE,FALSE
2327,533,"Nyasani J.O., Meyhöfer R., Subramanian S., Poehling H.M.",2012,Kenya,-0.5,37.45,Simplified,Monoculture,Intercropping,Green bean-Potato,533_C1,533_T2,Insect,Natural enemies,Abundance,standard error,6.6,9.61332408691187,40,2.3,5.12288980947277,40,kg/ha,3250,348,4,4500,482,4,0,0,FALSE,FALSE
2328,533,"Nyasani J.O., Meyhöfer R., Subramanian S., Poehling H.M.",2012,Kenya,-0.5,37.45,Simplified,Monoculture,Intercropping,Green bean-Other,533_C1,533_T1,Insect,Natural enemies,Abundance,standard error,4.7,7.77920304401421,40,2.3,5.12288980947277,40,kg/ha,3250,348,4,4500,482,4,0,0,FALSE,FALSE
2329,533,"Nyasani J.O., Meyhöfer R., Subramanian S., Poehling H.M.",2012,Kenya,-0.5,37.45,Simplified,Monoculture,Intercropping,Green bean-Sunflower,533_C1,533_T1,Insect,Pests,Abundance,standard error,8.5,15.1789327688082,40,26.5,41.1096095821889,40,kg/ha,3500,500,4,5250,748,4,0,0,FALSE,FALSE
2330,533,"Nyasani J.O., Meyhöfer R., Subramanian S., Poehling H.M.",2012,Kenya,-0.5,37.45,Simplified,Monoculture,Intercropping,Maize-Green bean,533_C1,533_T2,Insect,Pests,Abundance,standard error,10.7,18.3412104289766,40,26.5,41.1096095821889,40,kg/ha,3250,464,4,5250,748,4,0,0,FALSE,FALSE
2331,533,"Nyasani J.O., Meyhöfer R., Subramanian S., Poehling H.M.",2012,Kenya,-0.5,37.45,Simplified,Monoculture,Intercropping,Green bean-Other,533_C1,533_T3,Insect,Pests,Abundance,standard error,9.5,16.4438438328756,40,26.5,41.1096095821889,40,kg/ha,4000,572,4,5250,748,4,0,0,FALSE,FALSE
2332,533,"Nyasani J.O., Meyhöfer R., Subramanian S., Poehling H.M.",2012,Kenya,-0.5,37.45,Simplified,Monoculture,Intercropping,Green bean-Potato,533_C1,533_T4,Insect,Pests,Abundance,standard error,15,24.6657657493134,40,26.5,41.1096095821889,40,kg/ha,3750,536,4,5250,748,4,0,0,FALSE,FALSE
2333,533,"Nyasani J.O., Meyhöfer R., Subramanian S., Poehling H.M.",2012,Kenya,-0.5,37.45,Simplified,Monoculture,Intercropping,Green bean-Other,533_C1,533_T5,Insect,Pests,Abundance,standard error,14,23.400854685246,40,26.5,41.1096095821889,40,kg/ha,4500,642,4,5250,748,4,0,0,FALSE,FALSE
2334,533,"Nyasani J.O., Meyhöfer R., Subramanian S., Poehling H.M.",2012,Kenya,-0.5,37.45,Simplified,Monoculture,Intercropping,Green bean-Sunflower,533_C1,533_T5,Insect,Natural enemies,Abundance,standard error,4.3,6.26130976713339,40,10.8,10.1825340657422,40,kg/ha,4500,642,4,5250,748,4,0,0,FALSE,FALSE
2335,533,"Nyasani J.O., Meyhöfer R., Subramanian S., Poehling H.M.",2012,Kenya,-0.5,37.45,Simplified,Monoculture,Intercropping,Maize-Green bean,533_C1,533_T3,Insect,Natural enemies,Abundance,standard error,5.7,7.2099930651839,40,10.8,10.1825340657422,40,kg/ha,4000,572,4,5250,748,4,0,0,FALSE,FALSE
2336,533,"Nyasani J.O., Meyhöfer R., Subramanian S., Poehling H.M.",2012,Kenya,-0.5,37.45,Simplified,Monoculture,Intercropping,Green bean-Other,533_C1,533_T4,Insect,Natural enemies,Abundance,standard error,4.2,6.19806421393002,40,10.8,10.1825340657422,40,kg/ha,3750,536,4,5250,748,4,0,0,FALSE,FALSE
2337,533,"Nyasani J.O., Meyhöfer R., Subramanian S., Poehling H.M.",2012,Kenya,-0.5,37.45,Simplified,Monoculture,Intercropping,Green bean-Potato,533_C1,533_T2,Insect,Natural enemies,Abundance,standard error,4.5,6.38780087354013,40,10.8,10.1825340657422,40,kg/ha,3250,464,4,5250,748,4,0,0,FALSE,FALSE
2338,533,"Nyasani J.O., Meyhöfer R., Subramanian S., Poehling H.M.",2012,Kenya,-0.5,37.45,Simplified,Monoculture,Intercropping,Green bean-Other,533_C1,533_T1,Insect,Natural enemies,Abundance,standard error,4.4,6.32455532033676,40,10.8,10.1825340657422,40,kg/ha,3500,500,4,5250,748,4,0,0,FALSE,FALSE
2339,533,"Nyasani J.O., Meyhöfer R., Subramanian S., Poehling H.M.",2012,Kenya,-0.5,37.45,Simplified,Monoculture,Intercropping,Green bean-Sunflower,533_C1,533_T5,Insect,Natural enemies,Abundance,standard error,3.7,6.51429197994686,40,3.2,6.00832755431992,40,kg/ha,4500,642,4,5250,748,4,0,0,FALSE,FALSE
2340,533,"Nyasani J.O., Meyhöfer R., Subramanian S., Poehling H.M.",2012,Kenya,-0.5,37.45,Simplified,Monoculture,Intercropping,Maize-Green bean,533_C1,533_T3,Insect,Natural enemies,Abundance,standard error,10.7,12.5226195342668,40,3.2,6.00832755431992,40,kg/ha,4000,572,4,5250,748,4,0,0,FALSE,FALSE
2341,533,"Nyasani J.O., Meyhöfer R., Subramanian S., Poehling H.M.",2012,Kenya,-0.5,37.45,Simplified,Monoculture,Intercropping,Green bean-Other,533_C1,533_T4,Insect,Natural enemies,Abundance,standard error,5.4,8.22192191643779,40,3.2,6.00832755431992,40,kg/ha,3750,536,4,5250,748,4,0,0,FALSE,FALSE
2342,533,"Nyasani J.O., Meyhöfer R., Subramanian S., Poehling H.M.",2012,Kenya,-0.5,37.45,Simplified,Monoculture,Intercropping,Green bean-Potato,533_C1,533_T2,Insect,Natural enemies,Abundance,standard error,6.7,9.23385076769167,40,3.2,6.00832755431992,40,kg/ha,3250,464,4,5250,748,4,0,0,FALSE,FALSE
2343,533,"Nyasani J.O., Meyhöfer R., Subramanian S., Poehling H.M.",2012,Kenya,-0.5,37.45,Simplified,Monoculture,Intercropping,Green bean-Other,533_C1,533_T1,Insect,Natural enemies,Abundance,standard error,4.3,7.14674751198054,40,3.2,6.00832755431992,40,kg/ha,3500,500,4,5250,748,4,0,0,FALSE,FALSE
2344,534,"Ramalho F.S., Fernandes F.S., Nascimento A.R.B., Júnior J.L.N., Malaquias J.B., Silva C.A.D.",2012,Brazil,-7.164262,-35.85607,Simplified,Monoculture,Intercropping,Cotton-Fennel,534_C1,534_T1,Insect,Pests,Abundance,standard deviation,12.62,1.647,20,13.411,1.4902,20,g/plant,82.22,122.541193074003,60,74.2,117.428855057009,60,1,1,FALSE,FALSE
2345,534,"Ramalho F.S., Fernandes F.S., Nascimento A.R.B., Júnior J.L.N., Malaquias J.B., Silva C.A.D.",2012,Brazil,-7.164262,-35.85607,Simplified,Monoculture,Intercropping,Cotton-Fennel,534_C1,534_T2,Insect,Pests,Abundance,standard deviation,10.35,1.647,20,13.411,1.4902,20,g/plant,81.2,133.075707775687,60,74.2,117.428855057009,60,1,1,FALSE,FALSE
2346,534,"Ramalho F.S., Fernandes F.S., Nascimento A.R.B., Júnior J.L.N., Malaquias J.B., Silva C.A.D.",2012,Brazil,-7.164262,-35.85607,Simplified,Monoculture,Intercropping,Cotton-Fennel,534_C1,534_T3,Insect,Pests,Abundance,standard deviation,11.68,1.647,20,13.411,1.4902,20,g/plant,80.88,148.490181493592,60,74.2,117.428855057009,60,1,1,FALSE,FALSE
2347,534,"Ramalho F.S., Fernandes F.S., Nascimento A.R.B., Júnior J.L.N., Malaquias J.B., Silva C.A.D.",2012,Brazil,-7.164262,-35.85607,Simplified,Monoculture,Intercropping,Cotton-Fennel,534_C1,534_T4,Insect,Pests,Abundance,standard deviation,12.078,1.4902,20,13.411,1.4902,20,g/plant,83.9,143.22292414275,60,74.2,117.428855057009,60,1,1,FALSE,FALSE
2348,534,"Ramalho F.S., Fernandes F.S., Nascimento A.R.B., Júnior J.L.N., Malaquias J.B., Silva C.A.D.",2012,Brazil,-7.164262,-35.85607,Simplified,Monoculture,Intercropping,Cotton-Fennel,534_C2,534_T5,Insect,Pests,Abundance,standard deviation,334.975,98.522,20,602.956,106.4,20,g/plant,59.32,109.373049696897,60,15.24,68.396885894023,60,1,1,FALSE,FALSE
2349,534,"Ramalho F.S., Fernandes F.S., Nascimento A.R.B., Júnior J.L.N., Malaquias J.B., Silva C.A.D.",2012,Brazil,-7.164262,-35.85607,Simplified,Monoculture,Intercropping,Cotton-Fennel,534_C2,534_T6,Insect,Pests,Abundance,standard deviation,350.739,86.699,20,602.956,106.4,20,g/plant,58.15,121.766596404761,60,15.24,68.396885894023,60,1,1,FALSE,FALSE
2350,534,"Ramalho F.S., Fernandes F.S., Nascimento A.R.B., Júnior J.L.N., Malaquias J.B., Silva C.A.D.",2012,Brazil,-7.164262,-35.85607,Simplified,Monoculture,Intercropping,Cotton-Fennel,534_C2,534_T7,Insect,Pests,Abundance,standard deviation,362.562,70.936,20,602.956,106.4,20,g/plant,57.81,109.218130363049,60,15.24,68.396885894023,60,1,1,FALSE,FALSE
2351,534,"Ramalho F.S., Fernandes F.S., Nascimento A.R.B., Júnior J.L.N., Malaquias J.B., Silva C.A.D.",2012,Brazil,-7.164262,-35.85607,Simplified,Monoculture,Intercropping,Cotton-Fennel,534_C2,534_T8,Insect,Pests,Abundance,standard deviation,354.68,98.522,20,602.956,106.4,20,g/plant,62.38,115.414903716981,60,15.24,68.396885894023,60,1,1,FALSE,FALSE
2352,534,"Ramalho F.S., Fernandes F.S., Nascimento A.R.B., Júnior J.L.N., Malaquias J.B., Silva C.A.D.",2012,Brazil,-7.164262,-35.85607,Simplified,Monoculture,Intercropping,Cotton-Fennel,534_C2,534_T5,Insect,Natural enemies,Abundance,standard error,19.92,12.6114233930988,20,10.04,8.40761559539921,20,NA,NA,NA,NA,NA,NA,NA,1,NA,FALSE,FALSE
2353,534,"Ramalho F.S., Fernandes F.S., Nascimento A.R.B., Júnior J.L.N., Malaquias J.B., Silva C.A.D.",2012,Brazil,-7.164262,-35.85607,Simplified,Monoculture,Intercropping,Cotton-Fennel,534_C2,534_T6,Insect,Natural enemies,Abundance,standard error,18.5,8.89955055044916,20,10.04,8.40761559539921,20,NA,NA,NA,NA,NA,NA,NA,1,NA,FALSE,FALSE
2354,534,"Ramalho F.S., Fernandes F.S., Nascimento A.R.B., Júnior J.L.N., Malaquias J.B., Silva C.A.D.",2012,Brazil,-7.164262,-35.85607,Simplified,Monoculture,Intercropping,Cotton-Fennel,534_C2,534_T7,Insect,Natural enemies,Abundance,standard error,19.46,12.3878165953488,20,10.04,8.40761559539921,20,NA,NA,NA,NA,NA,NA,NA,1,NA,FALSE,FALSE
2355,534,"Ramalho F.S., Fernandes F.S., Nascimento A.R.B., Júnior J.L.N., Malaquias J.B., Silva C.A.D.",2012,Brazil,-7.164262,-35.85607,Simplified,Monoculture,Intercropping,Cotton-Fennel,534_C2,534_T8,Insect,Natural enemies,Abundance,standard error,19.63,10.822569011099,20,10.04,8.40761559539921,20,NA,NA,NA,NA,NA,NA,NA,1,NA,FALSE,FALSE
2356,534,"Ramalho F.S., Fernandes F.S., Nascimento A.R.B., Júnior J.L.N., Malaquias J.B., Silva C.A.D.",2012,Brazil,-7.164262,-35.85607,Simplified,Monoculture,Intercropping,Cotton-Fennel,534_C2,534_T5,Insect,Natural enemies,Abundance,standard error,8.8,6.3951544156494,20,4.75,4.91934955049954,20,NA,NA,NA,NA,NA,NA,NA,1,NA,FALSE,FALSE
2357,534,"Ramalho F.S., Fernandes F.S., Nascimento A.R.B., Júnior J.L.N., Malaquias J.B., Silva C.A.D.",2012,Brazil,-7.164262,-35.85607,Simplified,Monoculture,Intercropping,Cotton-Fennel,534_C2,534_T6,Insect,Natural enemies,Abundance,standard error,9.39,5.76905538194946,20,4.75,4.91934955049954,20,NA,NA,NA,NA,NA,NA,NA,1,NA,FALSE,FALSE
2358,534,"Ramalho F.S., Fernandes F.S., Nascimento A.R.B., Júnior J.L.N., Malaquias J.B., Silva C.A.D.",2012,Brazil,-7.164262,-35.85607,Simplified,Monoculture,Intercropping,Cotton-Fennel,534_C2,534_T7,Insect,Natural enemies,Abundance,standard error,9.88,11.6275534829989,20,4.75,4.91934955049954,20,NA,NA,NA,NA,NA,NA,NA,1,NA,FALSE,FALSE
2359,534,"Ramalho F.S., Fernandes F.S., Nascimento A.R.B., Júnior J.L.N., Malaquias J.B., Silva C.A.D.",2012,Brazil,-7.164262,-35.85607,Simplified,Monoculture,Intercropping,Cotton-Fennel,534_C2,534_T8,Insect,Natural enemies,Abundance,standard error,9.91,6.30571169654941,20,4.75,4.91934955049954,20,NA,NA,NA,NA,NA,NA,NA,1,NA,FALSE,FALSE
2360,534,"Ramalho F.S., Fernandes F.S., Nascimento A.R.B., Júnior J.L.N., Malaquias J.B., Silva C.A.D.",2012,Brazil,-7.164262,-35.85607,Simplified,Monoculture,Intercropping,Cotton-Fennel,534_C2,534_T5,Insect,Natural enemies,Abundance,standard error,7.43,4.38269323589959,20,2.51,4.51685731454958,20,NA,NA,NA,NA,NA,NA,NA,1,NA,FALSE,FALSE
2361,534,"Ramalho F.S., Fernandes F.S., Nascimento A.R.B., Júnior J.L.N., Malaquias J.B., Silva C.A.D.",2012,Brazil,-7.164262,-35.85607,Simplified,Monoculture,Intercropping,Cotton-Fennel,534_C2,534_T6,Insect,Natural enemies,Abundance,standard error,6.46,4.91934955049954,20,2.51,4.51685731454958,20,NA,NA,NA,NA,NA,NA,NA,1,NA,FALSE,FALSE
2362,534,"Ramalho F.S., Fernandes F.S., Nascimento A.R.B., Júnior J.L.N., Malaquias J.B., Silva C.A.D.",2012,Brazil,-7.164262,-35.85607,Simplified,Monoculture,Intercropping,Cotton-Fennel,534_C2,534_T7,Insect,Natural enemies,Abundance,standard error,5.02,5.3665631459995,20,2.51,4.51685731454958,20,NA,NA,NA,NA,NA,NA,NA,1,NA,FALSE,FALSE
2363,534,"Ramalho F.S., Fernandes F.S., Nascimento A.R.B., Júnior J.L.N., Malaquias J.B., Silva C.A.D.",2012,Brazil,-7.164262,-35.85607,Simplified,Monoculture,Intercropping,Cotton-Fennel,534_C2,534_T8,Insect,Natural enemies,Abundance,standard error,7.02,8.40761559539921,20,2.51,4.51685731454958,20,NA,NA,NA,NA,NA,NA,NA,1,NA,FALSE,FALSE
2368,536,"Wang G., Cui L.L., Dong J., Francis F., Liu Y., Tooker J.",2011,China,36.15,117.15,Simplified,Monoculture,Intercropping,Wheat-Oilseed rape,536_C1,536_T1,Insect,Natural enemies,Abundance,standard error,15.368,5.411,100,11.147,7.576,100,kg/ha,5630,173.205080756888,3,5390,155.884572681199,3,1,0,FALSE,FALSE
2369,536,"Wang G., Cui L.L., Dong J., Francis F., Liu Y., Tooker J.",2011,China,36.15,117.15,Simplified,Monoculture,Intercropping,Wheat-Oilseed rape,536_C1,536_T2,Insect,Natural enemies,Abundance,standard error,19.372,8.658,100,11.147,7.576,100,kg/ha,6420,225.166604983954,3,5390,155.884572681199,3,1,0,FALSE,FALSE
2370,536,"Wang G., Cui L.L., Dong J., Francis F., Liu Y., Tooker J.",2011,China,36.15,117.15,Simplified,Monoculture,Intercropping,Wheat-Oilseed rape,536_C2,536_T1,Insect,Natural enemies,Abundance,standard error,15.368,5.411,100,15.909,4.329,100,kg/ha,5630,173.205080756888,3,5720,311.769145362398,3,1,0,FALSE,FALSE
2371,536,"Wang G., Cui L.L., Dong J., Francis F., Liu Y., Tooker J.",2011,China,36.15,117.15,Simplified,Monoculture,Intercropping,Wheat-Oilseed rape,536_C2,536_T2,Insect,Natural enemies,Abundance,standard error,19.372,8.658,100,15.909,4.329,100,kg/ha,6420,225.166604983954,3,5720,311.769145362398,3,1,0,FALSE,FALSE
2372,536,"Wang G., Cui L.L., Dong J., Francis F., Liu Y., Tooker J.",2011,China,36.15,117.15,Simplified,Monoculture,Intercropping,Wheat-Oilseed rape,536_C1,536_T1,Insect,Pests,Abundance,standard error,500,225.225,100,873.874,315.315,100,kg/ha,5630,173.205080756888,3,5390,155.884572681199,3,1,0,FALSE,FALSE
2373,536,"Wang G., Cui L.L., Dong J., Francis F., Liu Y., Tooker J.",2011,China,36.15,117.15,Simplified,Monoculture,Intercropping,Wheat-Oilseed rape,536_C1,536_T2,Insect,Pests,Abundance,standard error,346.847,270.27,100,873.874,315.315,100,kg/ha,6420,225.166604983954,3,5390,155.884572681199,3,1,0,FALSE,FALSE
2374,536,"Wang G., Cui L.L., Dong J., Francis F., Liu Y., Tooker J.",2011,China,36.15,117.15,Simplified,Monoculture,Intercropping,Wheat-Oilseed rape,536_C2,536_T1,Insect,Pests,Abundance,standard error,500,225.225,100,527.027,180.18,100,kg/ha,5630,173.205080756888,3,5720,311.769145362398,3,1,0,FALSE,FALSE
2375,536,"Wang G., Cui L.L., Dong J., Francis F., Liu Y., Tooker J.",2011,China,36.15,117.15,Simplified,Monoculture,Intercropping,Wheat-Oilseed rape,536_C2,536_T2,Insect,Pests,Abundance,standard error,346.847,270.27,100,527.027,180.18,100,kg/ha,6420,225.166604983954,3,5720,311.769145362398,3,1,0,FALSE,FALSE
2376,537,"Lin S., You M.S., Yang G., Chen L.L.",2011,China,27.6528222222222,117.889163888888,Simplified,Monoculture,Intercropping,Rice-Other,537_C1,537_T1,Insect,Pests,Abundance,standard error,29.21,30.3108891324554,75,64.97,61.1413935071814,75,NA,NA,NA,NA,NA,NA,NA,1,NA,FALSE,FALSE
2377,539,"Hanspetersen H.N., McSorley R., Liburd O.E.",2010,United States of America,29.401846,-82.148927,Simplified,Monoculture,Intercropping,Squash-Pigeon pea,539_C1,539_T1,Arachnida,Natural enemies,Abundance,standard error,0.67,0.56,4,1.08,0.58,4,NA,NA,NA,NA,NA,NA,NA,0,NA,FALSE,FALSE
2378,539,"Hanspetersen H.N., McSorley R., Liburd O.E.",2010,United States of America,29.401846,-82.148927,Simplified,Monoculture,Intercropping,Squash-Other,539_C1,539_T3,Arachnida,Natural enemies,Abundance,standard error,0.33,0.28,4,1.08,0.58,4,NA,NA,NA,NA,NA,NA,NA,0,NA,FALSE,FALSE
2379,539,"Hanspetersen H.N., McSorley R., Liburd O.E.",2010,United States of America,29.401846,-82.148927,Simplified,Monoculture,Intercropping,Squash-Sorghum,539_C1,539_T2,Arachnida,Natural enemies,Abundance,standard error,0.5,0.46,4,1.08,0.58,4,NA,NA,NA,NA,NA,NA,NA,0,NA,FALSE,FALSE
2380,539,"Hanspetersen H.N., McSorley R., Liburd O.E.",2010,United States of America,29.401846,-82.148927,Simplified,Monoculture,Intercropping,Squash-Pigeon pea,539_C1,539_T1,Insect,Natural enemies,Abundance,standard error,1.25,1.1,4,1.25,0.92,4,NA,NA,NA,NA,NA,NA,NA,0,NA,FALSE,FALSE
2381,539,"Hanspetersen H.N., McSorley R., Liburd O.E.",2010,United States of America,29.401846,-82.148927,Simplified,Monoculture,Intercropping,Squash-Other,539_C1,539_T3,Insect,Natural enemies,Abundance,standard error,2.33,1.22,4,1.25,0.92,4,NA,NA,NA,NA,NA,NA,NA,0,NA,FALSE,FALSE
2382,539,"Hanspetersen H.N., McSorley R., Liburd O.E.",2010,United States of America,29.401846,-82.148927,Simplified,Monoculture,Intercropping,Squash-Sorghum,539_C1,539_T2,Insect,Natural enemies,Abundance,standard error,0.92,0.52,4,1.25,0.92,4,NA,NA,NA,NA,NA,NA,NA,0,NA,FALSE,FALSE
2383,539,"Hanspetersen H.N., McSorley R., Liburd O.E.",2010,United States of America,29.401846,-82.148927,Simplified,Monoculture,Intercropping,Squash-Pigeon pea,539_C1,539_T1,Insect,Natural enemies,Abundance,standard error,0.17,0.22,4,0.25,0.26,4,NA,NA,NA,NA,NA,NA,NA,0,NA,FALSE,FALSE
2384,539,"Hanspetersen H.N., McSorley R., Liburd O.E.",2010,United States of America,29.401846,-82.148927,Simplified,Monoculture,Intercropping,Squash-Sorghum,539_C1,539_T2,Insect,Natural enemies,Abundance,standard error,1.25,1.1,4,0.25,0.26,4,NA,NA,NA,NA,NA,NA,NA,0,NA,FALSE,FALSE
2385,539,"Hanspetersen H.N., McSorley R., Liburd O.E.",2010,United States of America,29.401846,-82.148927,Simplified,Monoculture,Intercropping,Squash-Other,539_C1,539_T3,Insect,Natural enemies,Abundance,standard error,0.42,0.38,4,0.25,0.26,4,NA,NA,NA,NA,NA,NA,NA,0,NA,FALSE,FALSE
2386,539,"Hanspetersen H.N., McSorley R., Liburd O.E.",2010,United States of America,29.401846,-82.148927,Simplified,Monoculture,Intercropping,Squash-Pigeon pea,539_C1,539_T1,Insect,Natural enemies,Abundance,standard error,0,0,4,0.17,0.22,4,NA,NA,NA,NA,NA,NA,NA,0,NA,TRUE,TRUE
2387,539,"Hanspetersen H.N., McSorley R., Liburd O.E.",2010,United States of America,29.401846,-82.148927,Simplified,Monoculture,Intercropping,Squash-Other,539_C1,539_T3,Insect,Natural enemies,Abundance,standard error,0.08,0.16,4,0.17,0.22,4,NA,NA,NA,NA,NA,NA,NA,0,NA,FALSE,FALSE
2388,539,"Hanspetersen H.N., McSorley R., Liburd O.E.",2010,United States of America,29.401846,-82.148927,Simplified,Monoculture,Intercropping,Squash-Sorghum,539_C1,539_T2,Insect,Natural enemies,Abundance,standard error,0.42,0.38,4,0.17,0.22,4,NA,NA,NA,NA,NA,NA,NA,0,NA,FALSE,FALSE
2389,539,"Hanspetersen H.N., McSorley R., Liburd O.E.",2010,United States of America,29.401846,-82.148927,Simplified,Monoculture,Intercropping,Squash-Pigeon pea,539_C1,539_T1,Insect,Natural enemies,Abundance,standard error,8.25,2.22,4,9.33,3.22,4,NA,NA,NA,NA,NA,NA,NA,0,NA,FALSE,FALSE
2390,539,"Hanspetersen H.N., McSorley R., Liburd O.E.",2010,United States of America,29.401846,-82.148927,Simplified,Monoculture,Intercropping,Squash-Other,539_C1,539_T3,Insect,Natural enemies,Abundance,standard error,7.08,2.36,4,9.33,3.22,4,NA,NA,NA,NA,NA,NA,NA,0,NA,FALSE,FALSE
2391,539,"Hanspetersen H.N., McSorley R., Liburd O.E.",2010,United States of America,29.401846,-82.148927,Simplified,Monoculture,Intercropping,Squash-Sorghum,539_C1,539_T2,Insect,Natural enemies,Abundance,standard error,10.42,4.72,4,9.33,3.22,4,NA,NA,NA,NA,NA,NA,NA,0,NA,FALSE,FALSE
2392,539,"Hanspetersen H.N., McSorley R., Liburd O.E.",2010,United States of America,29.401846,-82.148927,Simplified,Monoculture,Intercropping,Squash-Pigeon pea,539_C1,539_T1,Arachnida,Natural enemies,Abundance,standard error,0.25,0.28,4,0.31,0.3,4,NA,NA,NA,NA,NA,NA,NA,0,NA,FALSE,FALSE
2393,539,"Hanspetersen H.N., McSorley R., Liburd O.E.",2010,United States of America,29.401846,-82.148927,Simplified,Monoculture,Intercropping,Squash-Sorghum,539_C1,539_T2,Arachnida,Natural enemies,Abundance,standard error,0.35,0.24,4,0.31,0.3,4,NA,NA,NA,NA,NA,NA,NA,0,NA,FALSE,FALSE
2394,539,"Hanspetersen H.N., McSorley R., Liburd O.E.",2010,United States of America,29.401846,-82.148927,Simplified,Monoculture,Intercropping,Squash-Other,539_C1,539_T3,Arachnida,Natural enemies,Abundance,standard error,0.19,0.2,4,0.31,0.3,4,NA,NA,NA,NA,NA,NA,NA,0,NA,FALSE,FALSE
2395,539,"Hanspetersen H.N., McSorley R., Liburd O.E.",2010,United States of America,29.401846,-82.148927,Simplified,Monoculture,Intercropping,Squash-Pigeon pea,539_C1,539_T1,Insect,Natural enemies,Abundance,standard error,0.06,0.12,4,0.06,0.12,4,NA,NA,NA,NA,NA,NA,NA,0,NA,FALSE,FALSE
2396,539,"Hanspetersen H.N., McSorley R., Liburd O.E.",2010,United States of America,29.401846,-82.148927,Simplified,Monoculture,Intercropping,Squash-Sorghum,539_C1,539_T2,Insect,Natural enemies,Abundance,standard error,0,0,4,0.06,0.12,4,NA,NA,NA,NA,NA,NA,NA,0,NA,TRUE,TRUE
2397,539,"Hanspetersen H.N., McSorley R., Liburd O.E.",2010,United States of America,29.401846,-82.148927,Simplified,Monoculture,Intercropping,Squash-Other,539_C1,539_T3,Insect,Natural enemies,Abundance,standard error,0,0,4,0.06,0.12,4,NA,NA,NA,NA,NA,NA,NA,0,NA,TRUE,TRUE
2398,539,"Hanspetersen H.N., McSorley R., Liburd O.E.",2010,United States of America,29.401846,-82.148927,Simplified,Monoculture,Intercropping,Squash-Pigeon pea,539_C1,539_T1,Insect,Natural enemies,Abundance,standard error,0,0,4,0.08,0.16,4,NA,NA,NA,NA,NA,NA,NA,0,NA,TRUE,TRUE
2399,539,"Hanspetersen H.N., McSorley R., Liburd O.E.",2010,United States of America,29.401846,-82.148927,Simplified,Monoculture,Intercropping,Squash-Sorghum,539_C1,539_T2,Insect,Natural enemies,Abundance,standard error,0.17,0.22,4,0.08,0.16,4,NA,NA,NA,NA,NA,NA,NA,0,NA,FALSE,FALSE
2400,539,"Hanspetersen H.N., McSorley R., Liburd O.E.",2010,United States of America,29.401846,-82.148927,Simplified,Monoculture,Intercropping,Squash-Other,539_C1,539_T3,Insect,Natural enemies,Abundance,standard error,0.33,0.28,4,0.08,0.16,4,NA,NA,NA,NA,NA,NA,NA,0,NA,FALSE,FALSE
2401,539,"Hanspetersen H.N., McSorley R., Liburd O.E.",2010,United States of America,29.401846,-82.148927,Simplified,Monoculture,Intercropping,Squash-Pigeon pea,539_C1,539_T1,Insect,Natural enemies,Abundance,standard error,0.13,0.18,4,0.13,0.18,4,NA,NA,NA,NA,NA,NA,NA,0,NA,FALSE,FALSE
2402,539,"Hanspetersen H.N., McSorley R., Liburd O.E.",2010,United States of America,29.401846,-82.148927,Simplified,Monoculture,Intercropping,Squash-Sorghum,539_C1,539_T2,Insect,Natural enemies,Abundance,standard error,0.15,0.18,4,0.13,0.18,4,NA,NA,NA,NA,NA,NA,NA,0,NA,FALSE,FALSE
2403,539,"Hanspetersen H.N., McSorley R., Liburd O.E.",2010,United States of America,29.401846,-82.148927,Simplified,Monoculture,Intercropping,Squash-Other,539_C1,539_T3,Insect,Natural enemies,Abundance,standard error,0,0,4,0.13,0.18,4,NA,NA,NA,NA,NA,NA,NA,0,NA,TRUE,TRUE
2404,539,"Hanspetersen H.N., McSorley R., Liburd O.E.",2010,United States of America,29.401846,-82.148927,Simplified,Monoculture,Intercropping,Squash-Pigeon pea,539_C1,539_T1,Insect,Natural enemies,Abundance,standard error,0.75,0.5,4,0.44,0.36,4,NA,NA,NA,NA,NA,NA,NA,0,NA,FALSE,FALSE
2405,539,"Hanspetersen H.N., McSorley R., Liburd O.E.",2010,United States of America,29.401846,-82.148927,Simplified,Monoculture,Intercropping,Squash-Sorghum,539_C1,539_T2,Insect,Natural enemies,Abundance,standard error,0.54,0.4,4,0.44,0.36,4,NA,NA,NA,NA,NA,NA,NA,0,NA,FALSE,FALSE
2406,539,"Hanspetersen H.N., McSorley R., Liburd O.E.",2010,United States of America,29.401846,-82.148927,Simplified,Monoculture,Intercropping,Squash-Other,539_C1,539_T3,Insect,Natural enemies,Abundance,standard error,0.56,0.44,4,0.44,0.36,4,NA,NA,NA,NA,NA,NA,NA,0,NA,FALSE,FALSE
2407,539,"Hanspetersen H.N., McSorley R., Liburd O.E.",2010,United States of America,29.401846,-82.148927,Simplified,Monoculture,Intercropping,Squash-Sorghum,539_C1,539_T2,Arachnida,Natural enemies,Abundance,standard error,0.17,0.22,4,0.25,0.26,4,NA,NA,NA,NA,NA,NA,NA,0,NA,FALSE,FALSE
2408,539,"Hanspetersen H.N., McSorley R., Liburd O.E.",2010,United States of America,29.401846,-82.148927,Simplified,Monoculture,Intercropping,Squash-Pigeon pea,539_C1,539_T1,Arachnida,Natural enemies,Abundance,standard error,0.33,0.28,4,0.25,0.26,4,NA,NA,NA,NA,NA,NA,NA,0,NA,FALSE,FALSE
2409,539,"Hanspetersen H.N., McSorley R., Liburd O.E.",2010,United States of America,29.401846,-82.148927,Simplified,Monoculture,Intercropping,Squash-Other,539_C1,539_T3,Arachnida,Natural enemies,Abundance,standard error,0.17,0.22,4,0.25,0.26,4,NA,NA,NA,NA,NA,NA,NA,0,NA,FALSE,FALSE
2410,539,"Hanspetersen H.N., McSorley R., Liburd O.E.",2010,United States of America,29.401846,-82.148927,Simplified,Monoculture,Intercropping,Squash-Sorghum,539_C1,539_T2,Insect,Natural enemies,Abundance,standard error,0.25,0.26,4,0.17,0.22,4,NA,NA,NA,NA,NA,NA,NA,0,NA,FALSE,FALSE
2411,539,"Hanspetersen H.N., McSorley R., Liburd O.E.",2010,United States of America,29.401846,-82.148927,Simplified,Monoculture,Intercropping,Squash-Pigeon pea,539_C1,539_T1,Insect,Natural enemies,Abundance,standard error,0.42,0.38,4,0.17,0.22,4,NA,NA,NA,NA,NA,NA,NA,0,NA,FALSE,FALSE
2412,539,"Hanspetersen H.N., McSorley R., Liburd O.E.",2010,United States of America,29.401846,-82.148927,Simplified,Monoculture,Intercropping,Squash-Other,539_C1,539_T3,Insect,Natural enemies,Abundance,standard error,0.42,0.38,4,0.17,0.22,4,NA,NA,NA,NA,NA,NA,NA,0,NA,FALSE,FALSE
2413,539,"Hanspetersen H.N., McSorley R., Liburd O.E.",2010,United States of America,29.401846,-82.148927,Simplified,Monoculture,Intercropping,Squash-Sorghum,539_C1,539_T2,Insect,Natural enemies,Abundance,standard error,7.75,3.18,4,12.75,5.76,4,NA,NA,NA,NA,NA,NA,NA,0,NA,FALSE,FALSE
2414,539,"Hanspetersen H.N., McSorley R., Liburd O.E.",2010,United States of America,29.401846,-82.148927,Simplified,Monoculture,Intercropping,Squash-Pigeon pea,539_C1,539_T1,Insect,Natural enemies,Abundance,standard error,6.08,2.74,4,12.75,5.76,4,NA,NA,NA,NA,NA,NA,NA,0,NA,FALSE,FALSE
2415,539,"Hanspetersen H.N., McSorley R., Liburd O.E.",2010,United States of America,29.401846,-82.148927,Simplified,Monoculture,Intercropping,Squash-Other,539_C1,539_T3,Insect,Natural enemies,Abundance,standard error,10.08,5.56,4,12.75,5.76,4,NA,NA,NA,NA,NA,NA,NA,0,NA,FALSE,FALSE
2416,539,"Hanspetersen H.N., McSorley R., Liburd O.E.",2010,United States of America,29.401846,-82.148927,Simplified,Monoculture,Intercropping,Squash-Sorghum,539_C1,539_T2,Insect,Natural enemies,Abundance,standard error,1.8,1.04,4,2,0.98,4,NA,NA,NA,NA,NA,NA,NA,0,NA,FALSE,FALSE
2417,539,"Hanspetersen H.N., McSorley R., Liburd O.E.",2010,United States of America,29.401846,-82.148927,Simplified,Monoculture,Intercropping,Squash-Pigeon pea,539_C1,539_T1,Insect,Natural enemies,Abundance,standard error,2.08,1.16,4,2,0.98,4,NA,NA,NA,NA,NA,NA,NA,0,NA,FALSE,FALSE
2418,539,"Hanspetersen H.N., McSorley R., Liburd O.E.",2010,United States of America,29.401846,-82.148927,Simplified,Monoculture,Intercropping,Squash-Other,539_C1,539_T3,Insect,Natural enemies,Abundance,standard error,2.92,1.24,4,2,0.98,4,NA,NA,NA,NA,NA,NA,NA,0,NA,FALSE,FALSE
2419,541,"Haddad N.M., Crutsinger G.M., Gross K., Haarstad J., Knops J.M.H., Tilman D.",2009,United States of America,45.403133,-93.189533,Simplified,Monoculture,Intercropping,Mixed or nd,541_C1,541_T1,Arachnida,Natural enemies,Species richness,confidence intervals,39.668,5.36700626035213,29,33.032,5.4859798120425,35,NA,NA,NA,NA,NA,NA,NA,1,NA,FALSE,FALSE
2420,541,"Haddad N.M., Crutsinger G.M., Gross K., Haarstad J., Knops J.M.H., Tilman D.",2009,United States of America,45.403133,-93.189533,Simplified,Monoculture,Intercropping,Mixed or nd,541_C1,541_T2,Arachnida,Natural enemies,Species richness,confidence intervals,42.26,2.52272233171745,30,33.032,5.4859798120425,35,NA,NA,NA,NA,NA,NA,NA,1,NA,FALSE,FALSE
2421,541,"Haddad N.M., Crutsinger G.M., Gross K., Haarstad J., Knops J.M.H., Tilman D.",2009,United States of America,45.403133,-93.189533,Simplified,Monoculture,Intercropping,Mixed or nd,541_C1,541_T3,Arachnida,Natural enemies,Species richness,confidence intervals,43.67,1.82817475296508,35,33.032,5.4859798120425,35,NA,NA,NA,NA,NA,NA,NA,1,NA,FALSE,FALSE
2422,541,"Haddad N.M., Crutsinger G.M., Gross K., Haarstad J., Knops J.M.H., Tilman D.",2009,United States of America,45.403133,-93.189533,Simplified,Monoculture,Intercropping,Mixed or nd,541_C1,541_T1,Insect,Herbivores,Species richness,confidence intervals,68.844,6.60524282592933,29,59.799,10.2398163910106,35,NA,NA,NA,NA,NA,NA,NA,1,NA,FALSE,FALSE
2423,541,"Haddad N.M., Crutsinger G.M., Gross K., Haarstad J., Knops J.M.H., Tilman D.",2009,United States of America,45.403133,-93.189533,Simplified,Monoculture,Intercropping,Mixed or nd,541_C1,541_T2,Insect,Herbivores,Species richness,confidence intervals,73.366,4.70934949079102,30,59.799,10.2398163910106,35,NA,NA,NA,NA,NA,NA,NA,1,NA,FALSE,FALSE
2424,541,"Haddad N.M., Crutsinger G.M., Gross K., Haarstad J., Knops J.M.H., Tilman D.",2009,United States of America,45.403133,-93.189533,Simplified,Monoculture,Intercropping,Mixed or nd,541_C1,541_T3,Insect,Herbivores,Species richness,confidence intervals,81.909,2.92566182600303,35,59.799,10.2398163910106,35,NA,NA,NA,NA,NA,NA,NA,1,NA,FALSE,FALSE
3002,613,"Estrada A., Coates-Estrada R., Meritt D., Jr.",1994,Mexico,18.416667,-95,Simplified,Monoculture,Intercropping,Mixed or nd,613_C1,613_T2,Mammals,Other,Abundance,standard deviation,36.2,19,4,9.5,4.5,4,NA,NA,NA,NA,NA,NA,NA,0,NA,FALSE,FALSE
3006,613,"Estrada A., Coates-Estrada R., Meritt D., Jr.",1994,Mexico,18.416667,-95,Simplified,Monoculture,Intercropping,Mixed or nd,613_C1,613_T2,Mammals,Other,Abundance,standard deviation,36.2,19,4,10.5,3.8,4,NA,NA,NA,NA,NA,NA,NA,0,NA,FALSE,FALSE
3014,613,"Estrada A., Coates-Estrada R., Meritt D., Jr.",1994,Mexico,18.416667,-95,Simplified,Monoculture,Intercropping,Mixed or nd,613_C1,613_T2,Mammals,Other,Species richness,standard deviation,8,0.81,4,2,0.81,4,NA,NA,NA,NA,NA,NA,NA,0,NA,FALSE,FALSE
3018,613,"Estrada A., Coates-Estrada R., Meritt D., Jr.",1994,Mexico,18.416667,-95,Simplified,Monoculture,Intercropping,Mixed or nd,613_C1,613_T2,Mammals,Other,Species richness,standard deviation,8,0.81,4,2,1.1,4,NA,NA,NA,NA,NA,NA,NA,0,NA,FALSE,FALSE
3026,635,"Ramalho F.S., Fernandes F.S., Nascimento A.R.B., Nascimento Jr. J.L., Malaquias J.B., Silva C.A.D.",2012,Brazil,-7.164262,-35.85607,Simplified,Monoculture,Intercropping,Cotton-Fennel,635_C1,635_T1,Insect,Pests,Abundance,standard error,0.157,0.229280614095479,60,0.2364,0.800932955995694,60,NA,NA,NA,NA,NA,NA,NA,1,NA,FALSE,FALSE
3027,635,"Ramalho F.S., Fernandes F.S., Nascimento A.R.B., Nascimento Jr. J.L., Malaquias J.B., Silva C.A.D.",2012,Brazil,-7.164262,-35.85607,Simplified,Monoculture,Intercropping,Cotton-Fennel,635_C1,635_T3,Insect,Pests,Abundance,standard error,0.137,0.229280614095479,60,0.2364,0.800932955995694,60,NA,NA,NA,NA,NA,NA,NA,1,NA,FALSE,FALSE
3028,635,"Ramalho F.S., Fernandes F.S., Nascimento A.R.B., Nascimento Jr. J.L., Malaquias J.B., Silva C.A.D.",2012,Brazil,-7.164262,-35.85607,Simplified,Monoculture,Intercropping,Cotton-Fennel,635_C1,635_T5,Insect,Pests,Abundance,standard error,0.177,0.610382175362289,60,0.2364,0.800932955995694,60,NA,NA,NA,NA,NA,NA,NA,1,NA,FALSE,FALSE
3029,635,"Ramalho F.S., Fernandes F.S., Nascimento A.R.B., Nascimento Jr. J.L., Malaquias J.B., Silva C.A.D.",2012,Brazil,-7.164262,-35.85607,Simplified,Monoculture,Intercropping,Cotton-Fennel,635_C1,635_T7,Insect,Pests,Abundance,standard error,0.1182,0.229280614095479,60,0.2364,0.800932955995694,60,NA,NA,NA,NA,NA,NA,NA,1,NA,FALSE,FALSE
3030,635,"Ramalho F.S., Fernandes F.S., Nascimento A.R.B., Nascimento Jr. J.L., Malaquias J.B., Silva C.A.D.",2012,Brazil,-7.164262,-35.85607,Simplified,Monoculture,Intercropping,Cotton-Fennel,635_C2,635_T2,Insect,Pests,Abundance,standard error,5.176,6.37880357120362,60,7.098,3.94889381979308,60,NA,NA,NA,NA,NA,NA,NA,1,NA,FALSE,FALSE
3031,635,"Ramalho F.S., Fernandes F.S., Nascimento A.R.B., Nascimento Jr. J.L., Malaquias J.B., Silva C.A.D.",2012,Brazil,-7.164262,-35.85607,Simplified,Monoculture,Intercropping,Cotton-Fennel,635_C2,635_T4,Insect,Pests,Abundance,standard error,5.372,3.94889381979308,60,7.098,3.94889381979308,60,NA,NA,NA,NA,NA,NA,NA,1,NA,FALSE,FALSE
3032,635,"Ramalho F.S., Fernandes F.S., Nascimento A.R.B., Nascimento Jr. J.L., Malaquias J.B., Silva C.A.D.",2012,Brazil,-7.164262,-35.85607,Simplified,Monoculture,Intercropping,Cotton-Fennel,635_C2,635_T6,Insect,Pests,Abundance,standard error,5.254,4.25253571413574,60,7.098,3.94889381979308,60,NA,NA,NA,NA,NA,NA,NA,1,NA,FALSE,FALSE
3033,635,"Ramalho F.S., Fernandes F.S., Nascimento A.R.B., Nascimento Jr. J.L., Malaquias J.B., Silva C.A.D.",2012,Brazil,-7.164262,-35.85607,Simplified,Monoculture,Intercropping,Cotton-Fennel,635_C2,635_T8,Insect,Pests,Abundance,standard error,3.529,3.64525192545042,60,7.098,3.94889381979308,60,NA,NA,NA,NA,NA,NA,NA,1,NA,FALSE,FALSE
3034,635,"Ramalho F.S., Fernandes F.S., Nascimento A.R.B., Nascimento Jr. J.L., Malaquias J.B., Silva C.A.D.",2012,Brazil,-7.164262,-35.85607,Simplified,Monoculture,Intercropping,Cotton-Fennel,635_C1C2,635_T1T2,Insect,Natural enemies,Abundance,standard error,2.825,6.59646523526047,60,1.548,2.09915697364442,60,NA,NA,NA,NA,NA,NA,NA,1,NA,FALSE,FALSE
3035,635,"Ramalho F.S., Fernandes F.S., Nascimento A.R.B., Nascimento Jr. J.L., Malaquias J.B., Silva C.A.D.",2012,Brazil,-7.164262,-35.85607,Simplified,Monoculture,Intercropping,Cotton-Fennel,635_C1C2,635_T3T4,Insect,Natural enemies,Abundance,standard error,2.6709,6.59646523526047,60,1.548,2.09915697364442,60,NA,NA,NA,NA,NA,NA,NA,1,NA,FALSE,FALSE
3036,635,"Ramalho F.S., Fernandes F.S., Nascimento A.R.B., Nascimento Jr. J.L., Malaquias J.B., Silva C.A.D.",2012,Brazil,-7.164262,-35.85607,Simplified,Monoculture,Intercropping,Cotton-Fennel,635_C1C2,635_T5T6,Insect,Natural enemies,Abundance,standard error,2.5935,7.79631547591553,60,1.548,2.09915697364442,60,NA,NA,NA,NA,NA,NA,NA,1,NA,FALSE,FALSE
3037,635,"Ramalho F.S., Fernandes F.S., Nascimento A.R.B., Nascimento Jr. J.L., Malaquias J.B., Silva C.A.D.",2012,Brazil,-7.164262,-35.85607,Simplified,Monoculture,Intercropping,Cotton-Fennel,635_C1C2,635_T7T8,Insect,Natural enemies,Abundance,standard error,4.8,6.29669632426402,60,1.548,2.09915697364442,60,NA,NA,NA,NA,NA,NA,NA,1,NA,FALSE,FALSE
3038,635,"Ramalho F.S., Fernandes F.S., Nascimento A.R.B., Nascimento Jr. J.L., Malaquias J.B., Silva C.A.D.",2012,Brazil,-7.164262,-35.85607,Simplified,Monoculture,Intercropping,Cotton-Fennel,635_C1C2,635_T1T2,Insect,Natural enemies,Abundance,standard error,1.5064,4.46864818485412,60,0.801,2.72658027573002,60,NA,NA,NA,NA,NA,NA,NA,1,NA,FALSE,FALSE
3039,635,"Ramalho F.S., Fernandes F.S., Nascimento A.R.B., Nascimento Jr. J.L., Malaquias J.B., Silva C.A.D.",2012,Brazil,-7.164262,-35.85607,Simplified,Monoculture,Intercropping,Cotton-Fennel,635_C1C2,635_T3T4,Insect,Natural enemies,Abundance,standard error,1.5384,4.71729371568063,60,0.801,2.72658027573002,60,NA,NA,NA,NA,NA,NA,NA,1,NA,FALSE,FALSE
3040,635,"Ramalho F.S., Fernandes F.S., Nascimento A.R.B., Nascimento Jr. J.L., Malaquias J.B., Silva C.A.D.",2012,Brazil,-7.164262,-35.85607,Simplified,Monoculture,Intercropping,Cotton-Fennel,635_C1C2,635_T5T6,Insect,Natural enemies,Abundance,standard error,1.5705,6.20684311063201,60,0.801,2.72658027573002,60,NA,NA,NA,NA,NA,NA,NA,1,NA,FALSE,FALSE
3041,635,"Ramalho F.S., Fernandes F.S., Nascimento A.R.B., Nascimento Jr. J.L., Malaquias J.B., Silva C.A.D.",2012,Brazil,-7.164262,-35.85607,Simplified,Monoculture,Intercropping,Cotton-Fennel,635_C1C2,635_T7T8,Insect,Natural enemies,Abundance,standard error,3.205,7.69639250558338,60,0.801,2.72658027573002,60,NA,NA,NA,NA,NA,NA,NA,1,NA,FALSE,FALSE
3042,638,"Belay D., Schulthess F., Omwega C.",2009,Ethiopia,8.394056,39.186069,Simplified,Monoculture,Intercropping,Maize-Green bean,638_C1,638_T1,Insect,Pests,Abundance,standard error,1,1.93649167310371,15,0.7,1.16189500386223,15,LER,1.777,0.376,15,NA,NA,NA,1,1,FALSE,FALSE
3043,638,"Belay D., Schulthess F., Omwega C.",2009,Ethiopia,8.394056,39.186069,Simplified,Monoculture,Intercropping,Maize-Green bean,638_C1,638_T2,Insect,Pests,Abundance,standard error,0.3,1.16189500386223,15,0.7,1.16189500386223,15,LER,1.342,0.792,15,NA,NA,NA,1,1,FALSE,FALSE
3044,638,"Belay D., Schulthess F., Omwega C.",2009,Ethiopia,8.394056,39.186069,Simplified,Monoculture,Intercropping,Maize-Green bean,638_C1,638_T3,Insect,Pests,Abundance,standard error,2,1.93649167310371,15,0.7,1.16189500386223,15,LER,1.384,0.926,15,NA,NA,NA,1,1,FALSE,FALSE
3045,638,"Belay D., Schulthess F., Omwega C.",2009,Ethiopia,8.394056,39.186069,Simplified,Monoculture,Intercropping,Maize-Green bean,638_C1,638_T4,Insect,Pests,Abundance,standard error,0.7,2.32379000772445,15,0.7,1.16189500386223,15,LER,1.233,1.146,15,NA,NA,NA,1,1,FALSE,FALSE
3046,638,"Belay D., Schulthess F., Omwega C.",2009,Ethiopia,9.33333333333333,41.1833333333333,Simplified,Monoculture,Intercropping,Maize-Green bean,638_C2,638_T5,Insect,Pests,Abundance,standard error,1.7,4.6475800154489,15,3.7,5.03487835006964,15,LER,2.399,0.233,15,NA,NA,NA,1,1,FALSE,FALSE
3047,638,"Belay D., Schulthess F., Omwega C.",2009,Ethiopia,9.33333333333333,41.1833333333333,Simplified,Monoculture,Intercropping,Maize-Green bean,638_C2,638_T6,Insect,Pests,Abundance,standard error,2,4.26028168082816,15,3.7,5.03487835006964,15,LER,3.641,0.934,15,NA,NA,NA,1,1,FALSE,FALSE
3048,638,"Belay D., Schulthess F., Omwega C.",2009,Ethiopia,9.33333333333333,41.1833333333333,Simplified,Monoculture,Intercropping,Maize-Green bean,638_C2,638_T7,Insect,Pests,Abundance,standard error,4.7,1.16189500386223,15,3.7,5.03487835006964,15,LER,3.353,0.645,15,NA,NA,NA,1,1,FALSE,FALSE
3049,638,"Belay D., Schulthess F., Omwega C.",2009,Ethiopia,9.33333333333333,41.1833333333333,Simplified,Monoculture,Intercropping,Maize-Green bean,638_C2,638_T8,Insect,Pests,Abundance,standard error,4.7,6.97137002317335,15,3.7,5.03487835006964,15,LER,2.952,0.482,15,NA,NA,NA,1,1,FALSE,FALSE
3050,640,"Gianoli E., Ramos I., Alfaro-Tapia A., Valdéz Y., Echegaray E.R., Yábar E.",2006,Peru,-13.3,-72.1166666666666,Simplified,Monoculture,Intercropping,Maize-Green bean,640_C1,640_T1,Insect,Pests,Abundance,standard error,47.37,20.1395134002786,60,47.33,15.1820947171331,60,kg per plot,69.1642651,7.98640142053103,3,74.0634006,18.9677032893237,3,1,0,FALSE,FALSE
3051,640,"Gianoli E., Ramos I., Alfaro-Tapia A., Valdéz Y., Echegaray E.R., Yábar E.",2006,Peru,-13.3,-72.1166666666666,Simplified,Monoculture,Intercropping,Maize-Green bean,640_C1,640_T2,Insect,Pests,Abundance,standard error,48.33,40.0466477997847,60,47.33,15.1820947171331,60,kg per plot,65.9942363,5.49065097769761,3,74.0634006,18.9677032893237,3,1,0,FALSE,FALSE
3052,640,"Gianoli E., Ramos I., Alfaro-Tapia A., Valdéz Y., Echegaray E.R., Yábar E.",2006,Peru,-13.3,-72.1166666666666,Simplified,Monoculture,Intercropping,Maize-Green bean,640_C1,640_T1,Insect,Pests,Abundance,standard error,54.43,21.7661664056857,60,55.9,32.0683021065974,60,kg per plot,69.1642651,7.98640142053103,3,74.0634006,18.9677032893237,3,1,0,FALSE,FALSE
3053,640,"Gianoli E., Ramos I., Alfaro-Tapia A., Valdéz Y., Echegaray E.R., Yábar E.",2006,Peru,-13.3,-72.1166666666666,Simplified,Monoculture,Intercropping,Maize-Green bean,640_C1,640_T2,Insect,Pests,Abundance,standard error,42.53,10.7668937024566,60,55.9,32.0683021065974,60,kg per plot,65.9942363,5.49065097769761,3,74.0634006,18.9677032893237,3,1,0,FALSE,FALSE
3054,640,"Gianoli E., Ramos I., Alfaro-Tapia A., Valdéz Y., Echegaray E.R., Yábar E.",2006,Peru,-13.3,-72.1166666666666,Simplified,Monoculture,Intercropping,Maize-Green bean,640_C1,640_T1,Insect,Pests,Abundance,standard error,33.11,17.6608040587058,60,43.22,12.0837080401671,60,kg per plot,69.1642651,7.98640142053103,3,74.0634006,18.9677032893237,3,1,0,FALSE,FALSE
3055,640,"Gianoli E., Ramos I., Alfaro-Tapia A., Valdéz Y., Echegaray E.R., Yábar E.",2006,Peru,-13.3,-72.1166666666666,Simplified,Monoculture,Intercropping,Maize-Green bean,640_C1,640_T2,Insect,Pests,Abundance,standard error,33.33,10.7668937024566,60,43.22,12.0837080401671,60,kg per plot,65.9942363,5.49065097769761,3,74.0634006,18.9677032893237,3,1,0,FALSE,FALSE
3056,643,"Skelton L.E., Barrett G.W.",2005,United States of America,38.7666666666666,-97.6,Simplified,Monoculture,Intercropping,Wheat-Alfalfa,643_C1,643_T1,Insect,Pests,Abundance,standard error,1.804,2.52773960288634,30,1.1328,2.29824385129168,30,LER,1.056831644,0.3351492964,9,NA,NA,NA,1,1,FALSE,FALSE
3057,643,"Skelton L.E., Barrett G.W.",2005,United States of America,38.7666666666666,-97.6,Simplified,Monoculture,Intercropping,Wheat-Alfalfa,643_C1,643_T2,Insect,Pests,Abundance,standard error,3.944,5.28552267992485,30,1.1328,2.29824385129168,30,LER,0.6443946149,0.5654859207,9,NA,NA,NA,1,1,FALSE,FALSE
3058,643,"Skelton L.E., Barrett G.W.",2005,United States of America,38.7666666666666,-97.6,Simplified,Monoculture,Intercropping,Wheat-Alfalfa,643_C1,643_T3,Insect,Pests,Abundance,standard error,5.3706,7.5804801958715,30,1.1328,2.29824385129168,30,LER,1.088249236,0.1842246678,9,NA,NA,NA,1,1,FALSE,FALSE
3059,643,"Skelton L.E., Barrett G.W.",2005,United States of America,38.7666666666666,-97.6,Simplified,Monoculture,Intercropping,Wheat-Alfalfa,643_C2,643_T1,Insect,Pests,Abundance,standard error,1.804,2.52773960288634,30,9.524,9.42247115676137,30,LER,1.056831644,0.3351492964,9,NA,NA,NA,1,1,FALSE,FALSE
3060,643,"Skelton L.E., Barrett G.W.",2005,United States of America,38.7666666666666,-97.6,Simplified,Monoculture,Intercropping,Wheat-Alfalfa,643_C2,643_T2,Insect,Pests,Abundance,standard error,3.944,5.28552267992485,30,9.524,9.42247115676137,30,LER,0.6443946149,0.5654859207,9,NA,NA,NA,1,1,FALSE,FALSE
3061,643,"Skelton L.E., Barrett G.W.",2005,United States of America,38.7666666666666,-97.6,Simplified,Monoculture,Intercropping,Wheat-Alfalfa,643_C2,643_T3,Insect,Pests,Abundance,standard error,5.3706,7.5804801958715,30,9.524,9.42247115676137,30,LER,1.088249236,0.1842246678,9,NA,NA,NA,1,1,FALSE,FALSE
3062,643,"Skelton L.E., Barrett G.W.",2005,United States of America,38.7666666666666,-97.6,Simplified,Monoculture,Intercropping,Wheat-Alfalfa,643_C1,643_T1,Insect,Pests,Abundance,standard error,1.428,1.37478361933797,30,0.9887,1.37478361933797,30,LER,1.056831644,0.3351492964,9,NA,NA,NA,1,1,FALSE,FALSE
3063,643,"Skelton L.E., Barrett G.W.",2005,United States of America,38.7666666666666,-97.6,Simplified,Monoculture,Intercropping,Wheat-Alfalfa,643_C1,643_T2,Insect,Pests,Abundance,standard error,2.26,3.43422043555739,30,0.9887,1.37478361933797,30,LER,0.6443946149,0.5654859207,9,NA,NA,NA,1,1,FALSE,FALSE
3064,643,"Skelton L.E., Barrett G.W.",2005,United States of America,38.7666666666666,-97.6,Simplified,Monoculture,Intercropping,Wheat-Alfalfa,643_C1,643_T3,Insect,Pests,Abundance,standard error,2.448,3.00699684070336,30,0.9887,1.37478361933797,30,LER,1.088249236,0.1842246678,9,NA,NA,NA,1,1,FALSE,FALSE
3065,643,"Skelton L.E., Barrett G.W.",2005,United States of America,38.7666666666666,-97.6,Simplified,Monoculture,Intercropping,Wheat-Alfalfa,643_C2,643_T1,Insect,Pests,Abundance,standard error,1.428,1.37478361933797,30,2.432,2.49213763664851,30,LER,1.056831644,0.3351492964,9,NA,NA,NA,1,1,FALSE,FALSE
3066,643,"Skelton L.E., Barrett G.W.",2005,United States of America,38.7666666666666,-97.6,Simplified,Monoculture,Intercropping,Wheat-Alfalfa,643_C2,643_T2,Insect,Pests,Abundance,standard error,2.26,3.43422043555739,30,2.432,2.49213763664851,30,LER,0.6443946149,0.5654859207,9,NA,NA,NA,1,1,FALSE,FALSE
3067,643,"Skelton L.E., Barrett G.W.",2005,United States of America,38.7666666666666,-97.6,Simplified,Monoculture,Intercropping,Wheat-Alfalfa,643_C2,643_T3,Insect,Pests,Abundance,standard error,2.448,3.00699684070336,30,2.432,2.49213763664851,30,LER,1.088249236,0.1842246678,9,NA,NA,NA,1,1,FALSE,FALSE
3068,643,"Skelton L.E., Barrett G.W.",2005,United States of America,38.7666666666666,-97.6,Simplified,Monoculture,Intercropping,Wheat-Alfalfa,643_C1,643_T1,Arachnida,Natural enemies,Abundance,standard error,1.893,2.78243059212624,30,1.144,1.16117182191095,30,LER,1.056831644,0.3351492964,9,NA,NA,NA,1,1,FALSE,FALSE
3069,643,"Skelton L.E., Barrett G.W.",2005,United States of America,38.7666666666666,-97.6,Simplified,Monoculture,Intercropping,Wheat-Alfalfa,643_C1,643_T2,Arachnida,Natural enemies,Abundance,standard error,2.261,2.24018526019613,30,1.144,1.16117182191095,30,LER,0.6443946149,0.5654859207,9,NA,NA,NA,1,1,FALSE,FALSE
3070,643,"Skelton L.E., Barrett G.W.",2005,United States of America,38.7666666666666,-97.6,Simplified,Monoculture,Intercropping,Wheat-Alfalfa,643_C1,643_T3,Arachnida,Natural enemies,Abundance,standard error,1.399,1.46789645411385,30,1.144,1.16117182191095,30,LER,1.088249236,0.1842246678,9,NA,NA,NA,1,1,FALSE,FALSE
3071,643,"Skelton L.E., Barrett G.W.",2005,United States of America,38.7666666666666,-97.6,Simplified,Monoculture,Intercropping,Wheat-Alfalfa,643_C2,643_T1,Arachnida,Natural enemies,Abundance,standard error,1.893,2.78243059212624,30,3.236,2.39902480187263,30,LER,1.056831644,0.3351492964,9,NA,NA,NA,1,1,FALSE,FALSE
3072,643,"Skelton L.E., Barrett G.W.",2005,United States of America,38.7666666666666,-97.6,Simplified,Monoculture,Intercropping,Wheat-Alfalfa,643_C2,643_T2,Arachnida,Natural enemies,Abundance,standard error,2.261,2.24018526019613,30,3.236,2.39902480187263,30,LER,0.6443946149,0.5654859207,9,NA,NA,NA,1,1,FALSE,FALSE
3073,643,"Skelton L.E., Barrett G.W.",2005,United States of America,38.7666666666666,-97.6,Simplified,Monoculture,Intercropping,Wheat-Alfalfa,643_C2,643_T3,Arachnida,Natural enemies,Abundance,standard error,1.399,1.46789645411385,30,3.236,2.39902480187263,30,LER,1.088249236,0.1842246678,9,NA,NA,NA,1,1,FALSE,FALSE
3074,644,"Schader C., Zaller J.G., Köpke U.",2005,Egypt,29.3,30.85,Simplified,Monoculture,Intercropping,Cotton-Basil,644_C1,644_T1,Insect,Pests,Abundance,standard error,7.993454,0.77923,4,10.23071,1.714304,4,NA,NA,NA,NA,NA,NA,NA,NA,NA,FALSE,FALSE
3075,644,"Schader C., Zaller J.G., Köpke U.",2005,Egypt,29.3,30.85,Simplified,Monoculture,Intercropping,Cotton-Basil,644_C1,644_T2,Insect,Pests,Abundance,standard error,6.483481,1.24685,4,10.23071,1.714304,4,NA,NA,NA,NA,NA,NA,NA,NA,NA,FALSE,FALSE
3076,644,"Schader C., Zaller J.G., Köpke U.",2005,Egypt,29.3,30.85,Simplified,Monoculture,Intercropping,Cotton-Basil,644_C2,644_T3,Insect,Pests,Abundance,standard error,5.201195,0.519486,4,10.76312,1.194818,4,NA,NA,NA,NA,NA,NA,NA,NA,NA,FALSE,FALSE
3077,644,"Schader C., Zaller J.G., Köpke U.",2005,Egypt,29.3,30.85,Simplified,Monoculture,Intercropping,Cotton-Basil,644_C2,644_T4,Insect,Pests,Abundance,standard error,9.483449,2.389552,4,10.76312,1.194818,4,NA,NA,NA,NA,NA,NA,NA,NA,NA,FALSE,FALSE
3078,645,"Maluleke M.H., Addo-Bediako A., Ayisi K.K.",2005,South Africa,-23.85,29.7,Simplified,Monoculture,Intercropping,Maize-Legume,645_C1,645_T1,Insect,Pests,Abundance,standard error,11.02,0.447213595499958,20,18.9,1.78885438199983,20,kg/ha,1438,388,4,1974,392,4,1,0,FALSE,FALSE
3079,645,"Maluleke M.H., Addo-Bediako A., Ayisi K.K.",2005,South Africa,-23.85,29.7,Simplified,Monoculture,Intercropping,Maize-Legume,645_C1,645_T2,Insect,Pests,Abundance,standard error,9.9,1.78885438199983,20,18.9,1.78885438199983,20,kg/ha,1217,82,4,1974,392,4,1,0,FALSE,FALSE
3080,645,"Maluleke M.H., Addo-Bediako A., Ayisi K.K.",2005,South Africa,-23.85,29.7,Simplified,Monoculture,Intercropping,Maize-Legume,645_C1,645_T3,Insect,Pests,Abundance,standard error,7.88,0.894427190999916,20,18.9,1.78885438199983,20,kg/ha,733,124,4,1974,392,4,1,0,FALSE,FALSE
3081,645,"Maluleke M.H., Addo-Bediako A., Ayisi K.K.",2005,South Africa,-23.85,29.7,Simplified,Monoculture,Intercropping,Maize-Legume,645_C1,645_T4,Insect,Pests,Abundance,standard error,7.2,1.78885438199983,20,18.9,1.78885438199983,20,kg/ha,819,216,4,1974,392,4,1,0,FALSE,FALSE
3082,645,"Maluleke M.H., Addo-Bediako A., Ayisi K.K.",2005,South Africa,-23.85,29.7,Simplified,Monoculture,Intercropping,Maize-Legume,645_C1,645_T5,Insect,Pests,Abundance,standard error,6.53,0.894427190999916,20,18.9,1.78885438199983,20,kg/ha,572,128,4,1974,392,4,1,0,FALSE,FALSE
3083,645,"Maluleke M.H., Addo-Bediako A., Ayisi K.K.",2005,South Africa,-23.85,29.7,Simplified,Monoculture,Intercropping,Maize-Legume,645_C1,645_T6,Insect,Pests,Abundance,standard error,15.53,0.894427190999916,20,18.9,1.78885438199983,20,kg/ha,1438,388,4,1974,392,4,1,0,FALSE,FALSE
3084,645,"Maluleke M.H., Addo-Bediako A., Ayisi K.K.",2005,South Africa,-23.85,29.7,Simplified,Monoculture,Intercropping,Maize-Legume,645_C1,645_T7,Insect,Pests,Abundance,standard error,14.63,0.894427190999916,20,18.9,1.78885438199983,20,kg/ha,1217,82,4,1974,392,4,1,0,FALSE,FALSE
3085,645,"Maluleke M.H., Addo-Bediako A., Ayisi K.K.",2005,South Africa,-23.85,29.7,Simplified,Monoculture,Intercropping,Maize-Legume,645_C1,645_T8,Insect,Pests,Abundance,standard error,13.73,2.23606797749979,20,18.9,1.78885438199983,20,kg/ha,733,124,4,1974,392,4,1,0,FALSE,FALSE
3086,645,"Maluleke M.H., Addo-Bediako A., Ayisi K.K.",2005,South Africa,-23.85,29.7,Simplified,Monoculture,Intercropping,Maize-Legume,645_C1,645_T9,Insect,Pests,Abundance,standard error,11.7,1.78885438199983,20,18.9,1.78885438199983,20,kg/ha,819,216,4,1974,392,4,1,0,FALSE,FALSE
3087,645,"Maluleke M.H., Addo-Bediako A., Ayisi K.K.",2005,South Africa,-23.85,29.7,Simplified,Monoculture,Intercropping,Maize-Legume,645_C1,645_T10,Insect,Pests,Abundance,standard error,10.35,3.13049516849971,20,18.9,1.78885438199983,20,kg/ha,572,128,4,1974,392,4,1,0,FALSE,FALSE
3088,645,"Maluleke M.H., Addo-Bediako A., Ayisi K.K.",2005,South Africa,-23.85,29.7,Simplified,Monoculture,Intercropping,Maize-Legume,645_C2,645_T1,Insect,Pests,Abundance,standard error,11.02,0.447213595499958,20,18.9,1.78885438199983,20,kg/ha,1438,388,4,1974,392,4,1,0,FALSE,FALSE
3089,645,"Maluleke M.H., Addo-Bediako A., Ayisi K.K.",2005,South Africa,-23.85,29.7,Simplified,Monoculture,Intercropping,Maize-Legume,645_C2,645_T2,Insect,Pests,Abundance,standard error,9.9,1.78885438199983,20,18.9,1.78885438199983,20,kg/ha,1217,82,4,1974,392,4,1,0,FALSE,FALSE
3090,645,"Maluleke M.H., Addo-Bediako A., Ayisi K.K.",2005,South Africa,-23.85,29.7,Simplified,Monoculture,Intercropping,Maize-Legume,645_C2,645_T3,Insect,Pests,Abundance,standard error,7.88,0.894427190999916,20,18.9,1.78885438199983,20,kg/ha,733,124,4,1974,392,4,1,0,FALSE,FALSE
3091,645,"Maluleke M.H., Addo-Bediako A., Ayisi K.K.",2005,South Africa,-23.85,29.7,Simplified,Monoculture,Intercropping,Maize-Legume,645_C2,645_T4,Insect,Pests,Abundance,standard error,7.2,1.78885438199983,20,18.9,1.78885438199983,20,kg/ha,819,216,4,1974,392,4,1,0,FALSE,FALSE
3092,645,"Maluleke M.H., Addo-Bediako A., Ayisi K.K.",2005,South Africa,-23.85,29.7,Simplified,Monoculture,Intercropping,Maize-Legume,645_C2,645_T5,Insect,Pests,Abundance,standard error,6.53,0.894427190999916,20,18.9,1.78885438199983,20,kg/ha,572,128,4,1974,392,4,1,0,FALSE,FALSE
3093,645,"Maluleke M.H., Addo-Bediako A., Ayisi K.K.",2005,South Africa,-23.85,29.7,Simplified,Monoculture,Intercropping,Maize-Legume,645_C2,645_T6,Insect,Pests,Abundance,standard error,15.53,0.894427190999916,20,18.9,1.78885438199983,20,kg/ha,1438,388,4,1974,392,4,1,0,FALSE,FALSE
3094,645,"Maluleke M.H., Addo-Bediako A., Ayisi K.K.",2005,South Africa,-23.85,29.7,Simplified,Monoculture,Intercropping,Maize-Legume,645_C2,645_T7,Insect,Pests,Abundance,standard error,14.63,0.894427190999916,20,18.9,1.78885438199983,20,kg/ha,1217,82,4,1974,392,4,1,0,FALSE,FALSE
3095,645,"Maluleke M.H., Addo-Bediako A., Ayisi K.K.",2005,South Africa,-23.85,29.7,Simplified,Monoculture,Intercropping,Maize-Legume,645_C2,645_T8,Insect,Pests,Abundance,standard error,13.73,2.23606797749979,20,18.9,1.78885438199983,20,kg/ha,733,124,4,1974,392,4,1,0,FALSE,FALSE
3096,645,"Maluleke M.H., Addo-Bediako A., Ayisi K.K.",2005,South Africa,-23.85,29.7,Simplified,Monoculture,Intercropping,Maize-Legume,645_C2,645_T9,Insect,Pests,Abundance,standard error,11.7,1.78885438199983,20,18.9,1.78885438199983,20,kg/ha,819,216,4,1974,392,4,1,0,FALSE,FALSE
3097,645,"Maluleke M.H., Addo-Bediako A., Ayisi K.K.",2005,South Africa,-23.85,29.7,Simplified,Monoculture,Intercropping,Maize-Legume,645_C2,645_T10,Insect,Pests,Abundance,standard error,10.35,3.13049516849971,20,18.9,1.78885438199983,20,kg/ha,572,128,4,1974,392,4,1,0,FALSE,FALSE
3098,645,"Maluleke M.H., Addo-Bediako A., Ayisi K.K.",2005,South Africa,-23.85,29.7,Simplified,Monoculture,Intercropping,Maize-Legume,645_C1,645_T1,Insect,Pests,Abundance,standard error,3.55,0.447213595499958,20,6.09,2.23606797749979,20,kg/ha,1438,388,4,1974,392,4,1,0,FALSE,FALSE
3099,645,"Maluleke M.H., Addo-Bediako A., Ayisi K.K.",2005,South Africa,-23.85,29.7,Simplified,Monoculture,Intercropping,Maize-Legume,645_C1,645_T2,Insect,Pests,Abundance,standard error,3.19,0.447213595499958,20,6.09,2.23606797749979,20,kg/ha,1217,82,4,1974,392,4,1,0,FALSE,FALSE
3100,645,"Maluleke M.H., Addo-Bediako A., Ayisi K.K.",2005,South Africa,-23.85,29.7,Simplified,Monoculture,Intercropping,Maize-Legume,645_C1,645_T3,Insect,Pests,Abundance,standard error,2.54,0.447213595499958,20,6.09,2.23606797749979,20,kg/ha,733,124,4,1974,392,4,1,0,FALSE,FALSE
3101,645,"Maluleke M.H., Addo-Bediako A., Ayisi K.K.",2005,South Africa,-23.85,29.7,Simplified,Monoculture,Intercropping,Maize-Legume,645_C1,645_T4,Insect,Pests,Abundance,standard error,2.32,0.447213595499958,20,6.09,2.23606797749979,20,kg/ha,819,216,4,1974,392,4,1,0,FALSE,FALSE
3102,645,"Maluleke M.H., Addo-Bediako A., Ayisi K.K.",2005,South Africa,-23.85,29.7,Simplified,Monoculture,Intercropping,Maize-Legume,645_C1,645_T5,Insect,Pests,Abundance,standard error,2.1,0.447213595499958,20,6.09,2.23606797749979,20,kg/ha,572,128,4,1974,392,4,1,0,FALSE,FALSE
3103,645,"Maluleke M.H., Addo-Bediako A., Ayisi K.K.",2005,South Africa,-23.85,29.7,Simplified,Monoculture,Intercropping,Maize-Legume,645_C1,645_T6,Insect,Pests,Abundance,standard error,5,0.447213595499958,20,6.09,2.23606797749979,20,kg/ha,1438,388,4,1974,392,4,1,0,FALSE,FALSE
3104,645,"Maluleke M.H., Addo-Bediako A., Ayisi K.K.",2005,South Africa,-23.85,29.7,Simplified,Monoculture,Intercropping,Maize-Legume,645_C1,645_T7,Insect,Pests,Abundance,standard error,4.71,0.447213595499958,20,6.09,2.23606797749979,20,kg/ha,1217,82,4,1974,392,4,1,0,FALSE,FALSE
3105,645,"Maluleke M.H., Addo-Bediako A., Ayisi K.K.",2005,South Africa,-23.85,29.7,Simplified,Monoculture,Intercropping,Maize-Legume,645_C1,645_T8,Insect,Pests,Abundance,standard error,4.42,0.894427190999916,20,6.09,2.23606797749979,20,kg/ha,733,124,4,1974,392,4,1,0,FALSE,FALSE
3106,645,"Maluleke M.H., Addo-Bediako A., Ayisi K.K.",2005,South Africa,-23.85,29.7,Simplified,Monoculture,Intercropping,Maize-Legume,645_C1,645_T9,Insect,Pests,Abundance,standard error,3.77,0.447213595499958,20,6.09,2.23606797749979,20,kg/ha,819,216,4,1974,392,4,1,0,FALSE,FALSE
3107,645,"Maluleke M.H., Addo-Bediako A., Ayisi K.K.",2005,South Africa,-23.85,29.7,Simplified,Monoculture,Intercropping,Maize-Legume,645_C1,645_T10,Insect,Pests,Abundance,standard error,3.33,1.78885438199983,20,6.09,2.23606797749979,20,kg/ha,572,128,4,1974,392,4,1,0,FALSE,FALSE
3108,645,"Maluleke M.H., Addo-Bediako A., Ayisi K.K.",2005,South Africa,-23.85,29.7,Simplified,Monoculture,Intercropping,Maize-Legume,645_C2,645_T1,Insect,Pests,Abundance,standard error,3.55,0.447213595499958,20,6.09,2.23606797749979,20,kg/ha,1438,388,4,1974,392,4,1,0,FALSE,FALSE
3109,645,"Maluleke M.H., Addo-Bediako A., Ayisi K.K.",2005,South Africa,-23.85,29.7,Simplified,Monoculture,Intercropping,Maize-Legume,645_C2,645_T2,Insect,Pests,Abundance,standard error,3.19,0.447213595499958,20,6.09,2.23606797749979,20,kg/ha,1217,82,4,1974,392,4,1,0,FALSE,FALSE
3110,645,"Maluleke M.H., Addo-Bediako A., Ayisi K.K.",2005,South Africa,-23.85,29.7,Simplified,Monoculture,Intercropping,Maize-Legume,645_C2,645_T3,Insect,Pests,Abundance,standard error,2.54,0.447213595499958,20,6.09,2.23606797749979,20,kg/ha,733,124,4,1974,392,4,1,0,FALSE,FALSE
3111,645,"Maluleke M.H., Addo-Bediako A., Ayisi K.K.",2005,South Africa,-23.85,29.7,Simplified,Monoculture,Intercropping,Maize-Legume,645_C2,645_T4,Insect,Pests,Abundance,standard error,2.32,0.447213595499958,20,6.09,2.23606797749979,20,kg/ha,819,216,4,1974,392,4,1,0,FALSE,FALSE
3112,645,"Maluleke M.H., Addo-Bediako A., Ayisi K.K.",2005,South Africa,-23.85,29.7,Simplified,Monoculture,Intercropping,Maize-Legume,645_C2,645_T5,Insect,Pests,Abundance,standard error,2.1,0.447213595499958,20,6.09,2.23606797749979,20,kg/ha,572,128,4,1974,392,4,1,0,FALSE,FALSE
3113,645,"Maluleke M.H., Addo-Bediako A., Ayisi K.K.",2005,South Africa,-23.85,29.7,Simplified,Monoculture,Intercropping,Maize-Legume,645_C2,645_T6,Insect,Pests,Abundance,standard error,5,0.447213595499958,20,6.09,2.23606797749979,20,kg/ha,1438,388,4,1974,392,4,1,0,FALSE,FALSE
3114,645,"Maluleke M.H., Addo-Bediako A., Ayisi K.K.",2005,South Africa,-23.85,29.7,Simplified,Monoculture,Intercropping,Maize-Legume,645_C2,645_T7,Insect,Pests,Abundance,standard error,4.71,0.447213595499958,20,6.09,2.23606797749979,20,kg/ha,1217,82,4,1974,392,4,1,0,FALSE,FALSE
3115,645,"Maluleke M.H., Addo-Bediako A., Ayisi K.K.",2005,South Africa,-23.85,29.7,Simplified,Monoculture,Intercropping,Maize-Legume,645_C2,645_T8,Insect,Pests,Abundance,standard error,4.42,0.894427190999916,20,6.09,2.23606797749979,20,kg/ha,733,124,4,1974,392,4,1,0,FALSE,FALSE
3116,645,"Maluleke M.H., Addo-Bediako A., Ayisi K.K.",2005,South Africa,-23.85,29.7,Simplified,Monoculture,Intercropping,Maize-Legume,645_C2,645_T9,Insect,Pests,Abundance,standard error,3.77,0.447213595499958,20,6.09,2.23606797749979,20,kg/ha,819,216,4,1974,392,4,1,0,FALSE,FALSE
3117,645,"Maluleke M.H., Addo-Bediako A., Ayisi K.K.",2005,South Africa,-23.85,29.7,Simplified,Monoculture,Intercropping,Maize-Legume,645_C2,645_T10,Insect,Pests,Abundance,standard error,3.33,1.78885438199983,20,6.09,2.23606797749979,20,kg/ha,572,128,4,1974,392,4,1,0,FALSE,FALSE
3118,645,"Maluleke M.H., Addo-Bediako A., Ayisi K.K.",2005,South Africa,-23.9,29.5833333333333,Simplified,Monoculture,Intercropping,Maize-Legume,645_C1,645_T1,Insect,Pests,Abundance,standard deviation,3.26,0.1,20,5.86,0.1,20,kg/ha,4729,308,4,5181,76,4,1,0,FALSE,FALSE
3119,645,"Maluleke M.H., Addo-Bediako A., Ayisi K.K.",2005,South Africa,-23.9,29.5833333333333,Simplified,Monoculture,Intercropping,Maize-Legume,645_C1,645_T2,Insect,Pests,Abundance,standard deviation,2.9,0.1,20,5.86,0.1,20,kg/ha,3055,472,4,5181,76,4,1,0,FALSE,FALSE
3120,645,"Maluleke M.H., Addo-Bediako A., Ayisi K.K.",2005,South Africa,-23.9,29.5833333333333,Simplified,Monoculture,Intercropping,Maize-Legume,645_C1,645_T3,Insect,Pests,Abundance,standard deviation,2.24,0.2,20,5.86,0.1,20,kg/ha,2567,18,4,5181,76,4,1,0,FALSE,FALSE
3121,645,"Maluleke M.H., Addo-Bediako A., Ayisi K.K.",2005,South Africa,-23.9,29.5833333333333,Simplified,Monoculture,Intercropping,Maize-Legume,645_C1,645_T4,Insect,Pests,Abundance,standard deviation,2.03,0.1,20,5.86,0.1,20,kg/ha,2041,86,4,5181,76,4,1,0,FALSE,FALSE
3122,645,"Maluleke M.H., Addo-Bediako A., Ayisi K.K.",2005,South Africa,-23.9,29.5833333333333,Simplified,Monoculture,Intercropping,Maize-Legume,645_C1,645_T5,Insect,Pests,Abundance,standard deviation,1.81,0.1,20,5.86,0.1,20,kg/ha,1583,20,4,5181,76,4,1,0,FALSE,FALSE
3123,645,"Maluleke M.H., Addo-Bediako A., Ayisi K.K.",2005,South Africa,-23.9,29.5833333333333,Simplified,Monoculture,Intercropping,Maize-Legume,645_C1,645_T6,Insect,Pests,Abundance,standard deviation,4.71,0.3,20,5.86,0.1,20,kg/ha,4729,308,4,5181,76,4,1,0,FALSE,FALSE
3124,645,"Maluleke M.H., Addo-Bediako A., Ayisi K.K.",2005,South Africa,-23.9,29.5833333333333,Simplified,Monoculture,Intercropping,Maize-Legume,645_C1,645_T7,Insect,Pests,Abundance,standard deviation,4.42,0.3,20,5.86,0.1,20,kg/ha,3055,472,4,5181,76,4,1,0,FALSE,FALSE
3125,645,"Maluleke M.H., Addo-Bediako A., Ayisi K.K.",2005,South Africa,-23.9,29.5833333333333,Simplified,Monoculture,Intercropping,Maize-Legume,645_C1,645_T8,Insect,Pests,Abundance,standard deviation,4.13,0.1,20,5.86,0.1,20,kg/ha,2567,18,4,5181,76,4,1,0,FALSE,FALSE
3126,645,"Maluleke M.H., Addo-Bediako A., Ayisi K.K.",2005,South Africa,-23.9,29.5833333333333,Simplified,Monoculture,Intercropping,Maize-Legume,645_C1,645_T9,Insect,Pests,Abundance,standard deviation,3.48,0.1,20,5.86,0.1,20,kg/ha,2041,86,4,5181,76,4,1,0,FALSE,FALSE
3127,645,"Maluleke M.H., Addo-Bediako A., Ayisi K.K.",2005,South Africa,-23.9,29.5833333333333,Simplified,Monoculture,Intercropping,Maize-Legume,645_C1,645_T10,Insect,Pests,Abundance,standard deviation,3.05,0.4,20,5.86,0.1,20,kg/ha,1583,20,4,5181,76,4,1,0,FALSE,FALSE
3128,645,"Maluleke M.H., Addo-Bediako A., Ayisi K.K.",2005,South Africa,-23.9,29.5833333333333,Simplified,Monoculture,Intercropping,Maize-Legume,645_C2,645_T1,Insect,Pests,Abundance,standard deviation,3.26,0.1,20,5.86,0.1,20,kg/ha,4729,308,4,5181,76,4,1,0,FALSE,FALSE
3129,645,"Maluleke M.H., Addo-Bediako A., Ayisi K.K.",2005,South Africa,-23.9,29.5833333333333,Simplified,Monoculture,Intercropping,Maize-Legume,645_C2,645_T2,Insect,Pests,Abundance,standard deviation,2.9,0.1,20,5.86,0.1,20,kg/ha,3055,472,4,5181,76,4,1,0,FALSE,FALSE
3130,645,"Maluleke M.H., Addo-Bediako A., Ayisi K.K.",2005,South Africa,-23.9,29.5833333333333,Simplified,Monoculture,Intercropping,Maize-Legume,645_C2,645_T3,Insect,Pests,Abundance,standard deviation,2.24,0.2,20,5.86,0.1,20,kg/ha,2567,18,4,5181,76,4,1,0,FALSE,FALSE
3131,645,"Maluleke M.H., Addo-Bediako A., Ayisi K.K.",2005,South Africa,-23.9,29.5833333333333,Simplified,Monoculture,Intercropping,Maize-Legume,645_C2,645_T4,Insect,Pests,Abundance,standard deviation,2.03,0.1,20,5.86,0.1,20,kg/ha,2041,86,4,5181,76,4,1,0,FALSE,FALSE
3132,645,"Maluleke M.H., Addo-Bediako A., Ayisi K.K.",2005,South Africa,-23.9,29.5833333333333,Simplified,Monoculture,Intercropping,Maize-Legume,645_C2,645_T5,Insect,Pests,Abundance,standard deviation,1.81,0.1,20,5.86,0.1,20,kg/ha,1583,20,4,5181,76,4,1,0,FALSE,FALSE
3133,645,"Maluleke M.H., Addo-Bediako A., Ayisi K.K.",2005,South Africa,-23.9,29.5833333333333,Simplified,Monoculture,Intercropping,Maize-Legume,645_C2,645_T6,Insect,Pests,Abundance,standard deviation,4.71,0.3,20,5.86,0.1,20,kg/ha,4729,308,4,5181,76,4,1,0,FALSE,FALSE
3134,645,"Maluleke M.H., Addo-Bediako A., Ayisi K.K.",2005,South Africa,-23.9,29.5833333333333,Simplified,Monoculture,Intercropping,Maize-Legume,645_C2,645_T7,Insect,Pests,Abundance,standard deviation,4.42,0.3,20,5.86,0.1,20,kg/ha,3055,472,4,5181,76,4,1,0,FALSE,FALSE
3135,645,"Maluleke M.H., Addo-Bediako A., Ayisi K.K.",2005,South Africa,-23.9,29.5833333333333,Simplified,Monoculture,Intercropping,Maize-Legume,645_C2,645_T8,Insect,Pests,Abundance,standard deviation,4.13,0.1,20,5.86,0.1,20,kg/ha,2567,18,4,5181,76,4,1,0,FALSE,FALSE
3136,645,"Maluleke M.H., Addo-Bediako A., Ayisi K.K.",2005,South Africa,-23.9,29.5833333333333,Simplified,Monoculture,Intercropping,Maize-Legume,645_C2,645_T9,Insect,Pests,Abundance,standard deviation,3.48,0.1,20,5.86,0.1,20,kg/ha,2041,86,4,5181,76,4,1,0,FALSE,FALSE
3137,645,"Maluleke M.H., Addo-Bediako A., Ayisi K.K.",2005,South Africa,-23.9,29.5833333333333,Simplified,Monoculture,Intercropping,Maize-Legume,645_C2,645_T10,Insect,Pests,Abundance,standard deviation,3.05,0.4,20,5.86,0.1,20,kg/ha,1583,20,4,5181,76,4,1,0,FALSE,FALSE
3138,645,"Maluleke M.H., Addo-Bediako A., Ayisi K.K.",2005,South Africa,-23.9,29.5833333333333,Simplified,Monoculture,Intercropping,Maize-Legume,645_C1,645_T1,Insect,Pests,Abundance,standard deviation,2.69,0.2,20,5.22,0.2,20,kg/ha,4729,308,4,5181,76,4,1,0,FALSE,FALSE
3139,645,"Maluleke M.H., Addo-Bediako A., Ayisi K.K.",2005,South Africa,-23.9,29.5833333333333,Simplified,Monoculture,Intercropping,Maize-Legume,645_C1,645_T2,Insect,Pests,Abundance,standard deviation,2.33,0.1,20,5.22,0.2,20,kg/ha,3055,472,4,5181,76,4,1,0,FALSE,FALSE
3140,645,"Maluleke M.H., Addo-Bediako A., Ayisi K.K.",2005,South Africa,-23.9,29.5833333333333,Simplified,Monoculture,Intercropping,Maize-Legume,645_C1,645_T3,Insect,Pests,Abundance,standard deviation,1.67,0.1,20,5.22,0.2,20,kg/ha,2567,18,4,5181,76,4,1,0,FALSE,FALSE
3141,645,"Maluleke M.H., Addo-Bediako A., Ayisi K.K.",2005,South Africa,-23.9,29.5833333333333,Simplified,Monoculture,Intercropping,Maize-Legume,645_C1,645_T4,Insect,Pests,Abundance,standard deviation,1.45,0.3,20,5.22,0.2,20,kg/ha,2041,86,4,5181,76,4,1,0,FALSE,FALSE
3142,645,"Maluleke M.H., Addo-Bediako A., Ayisi K.K.",2005,South Africa,-23.9,29.5833333333333,Simplified,Monoculture,Intercropping,Maize-Legume,645_C1,645_T5,Insect,Pests,Abundance,standard deviation,1.23,0.1,20,5.22,0.2,20,kg/ha,1583,20,4,5181,76,4,1,0,FALSE,FALSE
3143,645,"Maluleke M.H., Addo-Bediako A., Ayisi K.K.",2005,South Africa,-23.9,29.5833333333333,Simplified,Monoculture,Intercropping,Maize-Legume,645_C1,645_T6,Insect,Pests,Abundance,standard deviation,4.13,0.1,20,5.22,0.2,20,kg/ha,4729,308,4,5181,76,4,1,0,FALSE,FALSE
3144,645,"Maluleke M.H., Addo-Bediako A., Ayisi K.K.",2005,South Africa,-23.9,29.5833333333333,Simplified,Monoculture,Intercropping,Maize-Legume,645_C1,645_T7,Insect,Pests,Abundance,standard deviation,3.85,0.1,20,5.22,0.2,20,kg/ha,3055,472,4,5181,76,4,1,0,FALSE,FALSE
3145,645,"Maluleke M.H., Addo-Bediako A., Ayisi K.K.",2005,South Africa,-23.9,29.5833333333333,Simplified,Monoculture,Intercropping,Maize-Legume,645_C1,645_T8,Insect,Pests,Abundance,standard deviation,3.56,0.1,20,5.22,0.2,20,kg/ha,2567,18,4,5181,76,4,1,0,FALSE,FALSE
3146,645,"Maluleke M.H., Addo-Bediako A., Ayisi K.K.",2005,South Africa,-23.9,29.5833333333333,Simplified,Monoculture,Intercropping,Maize-Legume,645_C1,645_T9,Insect,Pests,Abundance,standard deviation,2.93,0.2,20,5.22,0.2,20,kg/ha,2041,86,4,5181,76,4,1,0,FALSE,FALSE
3147,645,"Maluleke M.H., Addo-Bediako A., Ayisi K.K.",2005,South Africa,-23.9,29.5833333333333,Simplified,Monoculture,Intercropping,Maize-Legume,645_C1,645_T10,Insect,Pests,Abundance,standard deviation,2.47,0.1,20,5.22,0.2,20,kg/ha,1583,20,4,5181,76,4,1,0,FALSE,FALSE
3148,645,"Maluleke M.H., Addo-Bediako A., Ayisi K.K.",2005,South Africa,-23.9,29.5833333333333,Simplified,Monoculture,Intercropping,Maize-Legume,645_C2,645_T1,Insect,Pests,Abundance,standard deviation,2.69,0.2,20,5.22,0.2,20,kg/ha,4729,308,4,5181,76,4,1,0,FALSE,FALSE
3149,645,"Maluleke M.H., Addo-Bediako A., Ayisi K.K.",2005,South Africa,-23.9,29.5833333333333,Simplified,Monoculture,Intercropping,Maize-Legume,645_C2,645_T2,Insect,Pests,Abundance,standard deviation,2.33,0.1,20,5.22,0.2,20,kg/ha,3055,472,4,5181,76,4,1,0,FALSE,FALSE
3150,645,"Maluleke M.H., Addo-Bediako A., Ayisi K.K.",2005,South Africa,-23.9,29.5833333333333,Simplified,Monoculture,Intercropping,Maize-Legume,645_C2,645_T3,Insect,Pests,Abundance,standard deviation,1.67,0.1,20,5.22,0.2,20,kg/ha,2567,18,4,5181,76,4,1,0,FALSE,FALSE
3151,645,"Maluleke M.H., Addo-Bediako A., Ayisi K.K.",2005,South Africa,-23.9,29.5833333333333,Simplified,Monoculture,Intercropping,Maize-Legume,645_C2,645_T4,Insect,Pests,Abundance,standard deviation,1.45,0.3,20,5.22,0.2,20,kg/ha,2041,86,4,5181,76,4,1,0,FALSE,FALSE
3152,645,"Maluleke M.H., Addo-Bediako A., Ayisi K.K.",2005,South Africa,-23.9,29.5833333333333,Simplified,Monoculture,Intercropping,Maize-Legume,645_C2,645_T5,Insect,Pests,Abundance,standard deviation,1.23,0.1,20,5.22,0.2,20,kg/ha,1583,20,4,5181,76,4,1,0,FALSE,FALSE
3153,645,"Maluleke M.H., Addo-Bediako A., Ayisi K.K.",2005,South Africa,-23.9,29.5833333333333,Simplified,Monoculture,Intercropping,Maize-Legume,645_C2,645_T6,Insect,Pests,Abundance,standard deviation,4.13,0.1,20,5.22,0.2,20,kg/ha,4729,308,4,5181,76,4,1,0,FALSE,FALSE
3154,645,"Maluleke M.H., Addo-Bediako A., Ayisi K.K.",2005,South Africa,-23.9,29.5833333333333,Simplified,Monoculture,Intercropping,Maize-Legume,645_C2,645_T7,Insect,Pests,Abundance,standard deviation,3.85,0.1,20,5.22,0.2,20,kg/ha,3055,472,4,5181,76,4,1,0,FALSE,FALSE
3155,645,"Maluleke M.H., Addo-Bediako A., Ayisi K.K.",2005,South Africa,-23.9,29.5833333333333,Simplified,Monoculture,Intercropping,Maize-Legume,645_C2,645_T8,Insect,Pests,Abundance,standard deviation,3.56,0.1,20,5.22,0.2,20,kg/ha,2567,18,4,5181,76,4,1,0,FALSE,FALSE
3156,645,"Maluleke M.H., Addo-Bediako A., Ayisi K.K.",2005,South Africa,-23.9,29.5833333333333,Simplified,Monoculture,Intercropping,Maize-Legume,645_C2,645_T9,Insect,Pests,Abundance,standard deviation,2.93,0.2,20,5.22,0.2,20,kg/ha,2041,86,4,5181,76,4,1,0,FALSE,FALSE
3157,645,"Maluleke M.H., Addo-Bediako A., Ayisi K.K.",2005,South Africa,-23.9,29.5833333333333,Simplified,Monoculture,Intercropping,Maize-Legume,645_C2,645_T10,Insect,Pests,Abundance,standard deviation,2.47,0.1,20,5.22,0.2,20,kg/ha,1583,20,4,5181,76,4,1,0,FALSE,FALSE
3446,654,"Weiss M.J., Schatz B.G., Gardner J.C., Nead B.A.",1994,United States of America,47.508203,-99.120673,Simplified,Monoculture,Intercropping,Oilseed Rape-Pea,654_C1,654_T1,Insect,Pests,Abundance,standard deviation,8.56,7.47,3,33.99,27.59,3,LER,0.962,0.529,3,NA,NA,NA,0,0,FALSE,FALSE
3447,654,"Weiss M.J., Schatz B.G., Gardner J.C., Nead B.A.",1994,United States of America,47.508203,-99.120673,Simplified,Monoculture,Intercropping,Oilseed Rape-Pea,654_C1,654_T2,Insect,Pests,Abundance,standard deviation,14.4,12.84,3,33.99,27.59,3,LER,0.911,0.415,3,NA,NA,NA,0,0,FALSE,FALSE
3448,654,"Weiss M.J., Schatz B.G., Gardner J.C., Nead B.A.",1994,United States of America,47.508203,-99.120673,Simplified,Monoculture,Intercropping,Oilseed Rape-Pea,654_C1,654_T3,Insect,Pests,Abundance,standard deviation,21.18,16.47,3,33.99,27.59,3,LER,0.907,0.461,3,NA,NA,NA,0,0,FALSE,FALSE
3473,657,"Letourneau, D.",1986,Mexico,18,-93.5,Simplified,Monoculture,Intercropping,Squash-Other,657_C1,657_T1,Insect,Herbivores,Abundance,standard error,0.06,0.254558441227157,18,0.33,1.1879393923934,18,NA,NA,NA,NA,NA,NA,NA,0,NA,FALSE,FALSE
3474,657,"Letourneau, D.",1986,Mexico,18,-93.5,Simplified,Monoculture,Intercropping,Squash-Other,657_C1,657_T1,Insect,Herbivores,Abundance,standard error,0.11,0.466690475583121,18,0.55,0.848528137423857,18,NA,NA,NA,NA,NA,NA,NA,0,NA,FALSE,FALSE
3475,657,"Letourneau, D.",1986,Mexico,18,-93.5,Simplified,Monoculture,Intercropping,Squash-Other,657_C1,657_T1,Insect,Herbivores,Abundance,standard error,0.5,1.1879393923934,18,4.17,11.5399826689645,18,NA,NA,NA,NA,NA,NA,NA,0,NA,FALSE,FALSE
3476,657,"Letourneau, D.",1986,Mexico,18,-93.5,Simplified,Monoculture,Intercropping,Squash-Other,657_C1,657_T1,Insect,Herbivores,Abundance,standard error,0,0,18,0.22,0.424264068711929,18,NA,NA,NA,NA,NA,NA,NA,0,NA,TRUE,TRUE
3477,657,"Letourneau, D.",1986,Mexico,18,-93.5,Simplified,Monoculture,Intercropping,Squash-Other,657_C1,657_T1,Insect,Herbivores,Abundance,standard error,0.22,0.763675323681471,18,0.22,0.551543289325507,18,NA,NA,NA,NA,NA,NA,NA,0,NA,FALSE,FALSE
3478,657,"Letourneau, D.",1986,Mexico,18,-93.5,Simplified,Monoculture,Intercropping,Squash-Other,657_C1,657_T1,Insect,Herbivores,Abundance,standard error,0.11,0.466690475583121,18,0.28,0.975807358037436,18,NA,NA,NA,NA,NA,NA,NA,0,NA,FALSE,FALSE
3479,657,"Letourneau, D.",1986,Mexico,18,-93.5,Simplified,Monoculture,Intercropping,Squash-Other,657_C1,657_T1,Insect,Herbivores,Abundance,standard error,0.72,1.56977705423414,18,9.28,19.2191623126504,18,NA,NA,NA,NA,NA,NA,NA,0,NA,FALSE,FALSE
3480,657,"Letourneau, D.",1986,Mexico,18,-93.5,Simplified,Monoculture,Intercropping,Squash-Other,657_C1,657_T1,Insect,Herbivores,Abundance,standard error,0.11,0.339411254969543,18,0.55,1.23036579926459,18,NA,NA,NA,NA,NA,NA,NA,0,NA,FALSE,FALSE
3481,657,"Letourneau, D.",1986,Mexico,18,-93.5,Simplified,Monoculture,Intercropping,Squash-Other,657_C1,657_T1,Insect,Herbivores,Abundance,standard error,0,0,18,0,0,18,NA,NA,NA,NA,NA,NA,NA,0,NA,TRUE,TRUE
3482,657,"Letourneau, D.",1986,Mexico,18,-93.5,Simplified,Monoculture,Intercropping,Squash-Other,657_C1,657_T1,Insect,Herbivores,Abundance,standard error,0.11,0.339411254969543,18,0.33,0.975807358037436,18,NA,NA,NA,NA,NA,NA,NA,0,NA,FALSE,FALSE
3483,657,"Letourneau, D.",1986,Mexico,18,-93.5,Simplified,Monoculture,Intercropping,Squash-Other,657_C1,657_T1,Insect,Herbivores,Abundance,standard error,0.56,0.975807358037436,18,11.72,17.9887965133858,18,NA,NA,NA,NA,NA,NA,NA,0,NA,FALSE,FALSE
3484,657,"Letourneau, D.",1986,Mexico,18,-93.5,Simplified,Monoculture,Intercropping,Squash-Other,657_C1,657_T1,Insect,Herbivores,Abundance,standard error,0,0,18,0.28,0.5939696961967,18,NA,NA,NA,NA,NA,NA,NA,0,NA,TRUE,TRUE
3485,657,"Letourneau, D.",1986,Mexico,18,-93.5,Simplified,Monoculture,Intercropping,Squash-Other,657_C1,657_T1,Insect,Herbivores,Abundance,standard error,0.27,1.14551298552221,18,0,0,18,NA,NA,NA,NA,NA,NA,NA,0,NA,TRUE,TRUE
3486,657,"Letourneau, D.",1986,Mexico,18,-93.5,Simplified,Monoculture,Intercropping,Squash-Other,657_C1,657_T1,Insect,Herbivores,Abundance,standard error,0.11,0.339411254969543,18,0.72,1.35764501987817,18,NA,NA,NA,NA,NA,NA,NA,0,NA,FALSE,FALSE
3487,657,"Letourneau, D.",1986,Mexico,18,-93.5,Simplified,Monoculture,Intercropping,Squash-Other,657_C1,657_T1,Insect,Herbivores,Abundance,standard error,0.11,0.339411254969543,18,4.17,12.770348468229,18,NA,NA,NA,NA,NA,NA,NA,0,NA,FALSE,FALSE
3488,657,"Letourneau, D.",1986,Mexico,18,-93.5,Simplified,Monoculture,Intercropping,Squash-Other,657_C1,657_T1,Insect,Herbivores,Abundance,standard error,0.06,0.254558441227157,18,2.56,3.94565583902093,18,NA,NA,NA,NA,NA,NA,NA,0,NA,FALSE,FALSE
3489,657,"Letourneau, D.",1986,Mexico,18,-93.5,Simplified,Monoculture,Intercropping,Squash-Other,657_C1,657_T1,Insect,Herbivores,Abundance,standard error,0.06,0.254558441227157,18,0.17,0.509116882454314,18,NA,NA,NA,NA,NA,NA,NA,0,NA,FALSE,FALSE
3490,657,"Letourneau, D.",1986,Mexico,18,-93.5,Simplified,Monoculture,Intercropping,Squash-Other,657_C1,657_T1,Insect,Herbivores,Abundance,standard error,0.39,0.763675323681471,18,2,2.07889393668845,18,NA,NA,NA,NA,NA,NA,NA,0,NA,FALSE,FALSE
3491,657,"Letourneau, D.",1986,Mexico,18,-93.5,Simplified,Monoculture,Intercropping,Squash-Other,657_C1,657_T1,Insect,Herbivores,Abundance,standard error,0.11,0.339411254969543,18,0.33,0.763675323681471,18,NA,NA,NA,NA,NA,NA,NA,0,NA,FALSE,FALSE
3492,657,"Letourneau, D.",1986,Mexico,18,-93.5,Simplified,Monoculture,Intercropping,Squash-Other,657_C1,657_T1,Insect,Herbivores,Abundance,standard error,0.11,0.466690475583121,18,1.56,2.67286363288515,18,NA,NA,NA,NA,NA,NA,NA,0,NA,FALSE,FALSE
3493,657,"Letourneau, D.",1986,Mexico,18,-93.5,Simplified,Monoculture,Intercropping,Squash-Other,657_C1,657_T1,Insect,Herbivores,Abundance,standard error,0,0,18,0.17,0.509116882454314,18,NA,NA,NA,NA,NA,NA,NA,0,NA,TRUE,TRUE
3494,657,"Letourneau, D.",1986,Mexico,18,-93.5,Simplified,Monoculture,Intercropping,Squash-Other,657_C1,657_T1,Insect,Herbivores,Abundance,standard error,0.72,1.01823376490863,18,2.11,4.45477272147525,18,NA,NA,NA,NA,NA,NA,NA,0,NA,FALSE,FALSE
3495,657,"Letourneau, D.",1986,Mexico,18,-93.5,Simplified,Monoculture,Intercropping,Squash-Other,657_C1,657_T1,Insect,Herbivores,Abundance,standard error,0.89,2.41830519165799,18,0.39,1.65462986797652,18,NA,NA,NA,NA,NA,NA,NA,0,NA,FALSE,FALSE
3496,657,"Letourneau, D.",1986,Mexico,18,-93.5,Simplified,Monoculture,Intercropping,Squash-Other,657_C1,657_T1,Insect,Herbivores,Abundance,standard error,0.39,1.1879393923934,18,0.89,1.44249783362056,18,NA,NA,NA,NA,NA,NA,NA,0,NA,FALSE,FALSE
3628,684,"Parachnowitsch A.L., Cook-Patton S.C., McArt S.H.",2014,United States of America,42.456945,-76.549387,Simplified,Monoculture,Intercropping,Mixed or nd,684_C1,684_T2,Insect,Natural enemies,Abundance,standard error,85,57.5499782797526,23,32,37.5233260785874,22,NA,NA,NA,NA,NA,NA,NA,1,NA,FALSE,FALSE
3630,684,"Parachnowitsch A.L., Cook-Patton S.C., McArt S.H.",2014,United States of America,42.456945,-76.549387,Simplified,Monoculture,Intercropping,Mixed or nd,684_C2,684_T2,Insect,Natural enemies,Abundance,standard error,85,57.5499782797526,23,97,78.3836717690617,24,NA,NA,NA,NA,NA,NA,NA,1,NA,FALSE,FALSE
3632,684,"Parachnowitsch A.L., Cook-Patton S.C., McArt S.H.",2014,United States of America,42.456945,-76.549387,Simplified,Monoculture,Intercropping,Mixed or nd,684_C1,684_T2,Insect,Natural enemies,Species richness,standard error,12,2.87749891398763,23,5,2.34520787991171,22,NA,NA,NA,NA,NA,NA,NA,1,NA,FALSE,FALSE
3634,684,"Parachnowitsch A.L., Cook-Patton S.C., McArt S.H.",2014,United States of America,42.456945,-76.549387,Simplified,Monoculture,Intercropping,Mixed or nd,684_C2,684_T2,Insect,Natural enemies,Species richness,standard error,12,2.87749891398763,23,10.8,2.44948974278318,24,NA,NA,NA,NA,NA,NA,NA,1,NA,FALSE,FALSE
3639,693,"Cook-Patton S.C., Mcart S.H., Parachnowitsch A.L., Thaler J.S., Agrawal A.A.",2011,United States of America,42.456631,-76.547299,Simplified,Monoculture,Intercropping,Mixed or nd,693_C2,693_T2,Insect,Other,Species richness,standard error,23.2586138517697,8.02245170168073,98,17.9195231119133,5.98468536516332,132,NA,NA,NA,NA,NA,NA,NA,0,NA,FALSE,FALSE
3685,722,"Wale M., Schulthess F., Kairu E.W., Omwega C.O.",2007,Ethiopia,12.068611,37.728056,Simplified,Monoculture,Intercropping,Maize-Potato,722_C1,722_T1,Insect,Pests,Abundance,standard error,0.2,0.6,36,1,1.86,36,kg/ha,735.4,395.4,4,1015.4,708.92,4,NA,NA,FALSE,FALSE
3686,722,"Wale M., Schulthess F., Kairu E.W., Omwega C.O.",2007,Ethiopia,12.068611,37.728056,Simplified,Monoculture,Intercropping,Maize-Mustard,722_C1,722_T2,Insect,Pests,Abundance,standard error,0.05,0.3,36,1,1.86,36,kg/ha,1400.9,1089.52,4,1015.4,708.92,4,NA,NA,FALSE,FALSE
3687,722,"Wale M., Schulthess F., Kairu E.W., Omwega C.O.",2007,Ethiopia,12.068611,37.728056,Simplified,Monoculture,Intercropping,Maize-Faba bean,722_C1,722_T3,Insect,Pests,Abundance,standard error,1.87,2.4,36,1,1.86,36,kg/ha,1613.2,657.2,4,1015.4,708.92,4,NA,NA,FALSE,FALSE
3688,722,"Wale M., Schulthess F., Kairu E.W., Omwega C.O.",2007,Ethiopia,12.068611,37.728056,Simplified,Monoculture,Intercropping,Maize-Cowpea,722_C1,722_T4,Insect,Pests,Abundance,standard error,0.8,1.8,36,1,1.86,36,kg/ha,2168.8,1076.42,4,1015.4,708.92,4,NA,NA,FALSE,FALSE
3689,722,"Wale M., Schulthess F., Kairu E.W., Omwega C.O.",2007,Ethiopia,12.417778,37.316667,Simplified,Monoculture,Intercropping,Maize-Potato,722_C1,722_T5,Insect,Pests,Abundance,standard error,0.21,0.42,36,1,1.86,36,kg/ha,1882.2,755.2,4,1015.4,708.92,4,NA,NA,FALSE,FALSE
3690,722,"Wale M., Schulthess F., Kairu E.W., Omwega C.O.",2007,Ethiopia,12.417778,37.316667,Simplified,Monoculture,Intercropping,Maize-Mustard,722_C1,722_T6,Insect,Pests,Abundance,standard error,0.14,0.438,36,1,1.86,36,kg/ha,2261.2,444.2,4,1015.4,708.92,4,NA,NA,FALSE,FALSE
3691,722,"Wale M., Schulthess F., Kairu E.W., Omwega C.O.",2007,Ethiopia,12.417778,37.316667,Simplified,Monoculture,Intercropping,Maize-Faba bean,722_C1,722_T7,Insect,Pests,Abundance,standard error,0.4,0.72,36,1,1.86,36,kg/ha,2447.7,601.62,4,1015.4,708.92,4,NA,NA,FALSE,FALSE
3692,722,"Wale M., Schulthess F., Kairu E.W., Omwega C.O.",2007,Ethiopia,12.417778,37.316667,Simplified,Monoculture,Intercropping,Maize-Cowpea,722_C1,722_T8,Insect,Pests,Abundance,standard error,0.26,0.54,36,1,1.86,36,kg/ha,2600.3,715.52,4,1015.4,708.92,4,NA,NA,FALSE,FALSE
3693,722,"Wale M., Schulthess F., Kairu E.W., Omwega C.O.",2007,Ethiopia,12.068611,37.728056,Simplified,Monoculture,Intercropping,Maize-Potato,722_C2,722_T1,Insect,Pests,Abundance,standard error,0.2,0.6,36,0.5,1.5,36,kg/ha,735.4,395.4,4,2130.6,343.84,4,NA,NA,FALSE,FALSE
3694,722,"Wale M., Schulthess F., Kairu E.W., Omwega C.O.",2007,Ethiopia,12.068611,37.728056,Simplified,Monoculture,Intercropping,Maize-Mustard,722_C2,722_T2,Insect,Pests,Abundance,standard error,0.05,0.3,36,0.5,1.5,36,kg/ha,1400.9,1089.52,4,2130.6,343.84,4,NA,NA,FALSE,FALSE
3695,722,"Wale M., Schulthess F., Kairu E.W., Omwega C.O.",2007,Ethiopia,12.068611,37.728056,Simplified,Monoculture,Intercropping,Maize-Faba bean,722_C2,722_T3,Insect,Pests,Abundance,standard error,1.87,2.4,36,0.5,1.5,36,kg/ha,1613.2,657.2,4,2130.6,343.84,4,NA,NA,FALSE,FALSE
3696,722,"Wale M., Schulthess F., Kairu E.W., Omwega C.O.",2007,Ethiopia,12.068611,37.728056,Simplified,Monoculture,Intercropping,Maize-Cowpea,722_C2,722_T4,Insect,Pests,Abundance,standard error,0.8,1.8,36,0.5,1.5,36,kg/ha,2168.8,1076.42,4,2130.6,343.84,4,NA,NA,FALSE,FALSE
3697,722,"Wale M., Schulthess F., Kairu E.W., Omwega C.O.",2007,Ethiopia,12.417778,37.316667,Simplified,Monoculture,Intercropping,Maize-Potato,722_C2,722_T5,Insect,Pests,Abundance,standard error,0.21,0.42,36,0.5,1.5,36,kg/ha,1882.2,755.2,4,2130.6,343.84,4,NA,NA,FALSE,FALSE
3698,722,"Wale M., Schulthess F., Kairu E.W., Omwega C.O.",2007,Ethiopia,12.417778,37.316667,Simplified,Monoculture,Intercropping,Maize-Mustard,722_C2,722_T6,Insect,Pests,Abundance,standard error,0.14,0.438,36,0.5,1.5,36,kg/ha,2261.2,444.2,4,2130.6,343.84,4,NA,NA,FALSE,FALSE
3699,722,"Wale M., Schulthess F., Kairu E.W., Omwega C.O.",2007,Ethiopia,12.417778,37.316667,Simplified,Monoculture,Intercropping,Maize-Faba bean,722_C2,722_T7,Insect,Pests,Abundance,standard error,0.4,0.72,36,0.5,1.5,36,kg/ha,2447.7,601.62,4,2130.6,343.84,4,NA,NA,FALSE,FALSE
3700,722,"Wale M., Schulthess F., Kairu E.W., Omwega C.O.",2007,Ethiopia,12.417778,37.316667,Simplified,Monoculture,Intercropping,Maize-Cowpea,722_C2,722_T8,Insect,Pests,Abundance,standard error,0.26,0.54,36,0.5,1.5,36,kg/ha,2600.3,715.52,4,2130.6,343.84,4,NA,NA,FALSE,FALSE
3701,722,"Wale M., Schulthess F., Kairu E.W., Omwega C.O.",2007,Ethiopia,12.068611,37.728056,Simplified,Monoculture,Intercropping,Maize-Potato,722_C1,722_T1,Insect,Pests,Abundance,standard error,0.06,0.3,36,0.01,0.06,36,kg/ha,735.4,395.4,4,1015.4,708.92,4,NA,NA,FALSE,FALSE
3702,722,"Wale M., Schulthess F., Kairu E.W., Omwega C.O.",2007,Ethiopia,12.068611,37.728056,Simplified,Monoculture,Intercropping,Maize-Mustard,722_C1,722_T2,Insect,Pests,Abundance,standard error,0,0.06,36,0.01,0.06,36,kg/ha,1400.9,1089.52,4,1015.4,708.92,4,NA,NA,FALSE,TRUE
3703,722,"Wale M., Schulthess F., Kairu E.W., Omwega C.O.",2007,Ethiopia,12.068611,37.728056,Simplified,Monoculture,Intercropping,Maize-Faba bean,722_C1,722_T3,Insect,Pests,Abundance,standard error,0,0.3,36,0.01,0.06,36,kg/ha,1613.2,657.2,4,1015.4,708.92,4,NA,NA,FALSE,TRUE
3704,722,"Wale M., Schulthess F., Kairu E.W., Omwega C.O.",2007,Ethiopia,12.068611,37.728056,Simplified,Monoculture,Intercropping,Maize-Cowpea,722_C1,722_T4,Insect,Pests,Abundance,standard error,0.11,0.42,36,0.01,0.06,36,kg/ha,2168.8,1076.42,4,1015.4,708.92,4,NA,NA,FALSE,FALSE
3705,722,"Wale M., Schulthess F., Kairu E.W., Omwega C.O.",2007,Ethiopia,12.417778,37.316667,Simplified,Monoculture,Intercropping,Maize-Potato,722_C1,722_T5,Insect,Pests,Abundance,standard error,0.4,0.48,36,0.01,0.06,36,kg/ha,1882.2,755.2,4,1015.4,708.92,4,NA,NA,FALSE,FALSE
3706,722,"Wale M., Schulthess F., Kairu E.W., Omwega C.O.",2007,Ethiopia,12.417778,37.316667,Simplified,Monoculture,Intercropping,Maize-Mustard,722_C1,722_T6,Insect,Pests,Abundance,standard error,0.14,1.02,36,0.01,0.06,36,kg/ha,2261.2,444.2,4,1015.4,708.92,4,NA,NA,FALSE,FALSE
3707,722,"Wale M., Schulthess F., Kairu E.W., Omwega C.O.",2007,Ethiopia,12.417778,37.316667,Simplified,Monoculture,Intercropping,Maize-Faba bean,722_C1,722_T7,Insect,Pests,Abundance,standard error,0.25,0.6,36,0.01,0.06,36,kg/ha,2447.7,601.62,4,1015.4,708.92,4,NA,NA,FALSE,FALSE
3708,722,"Wale M., Schulthess F., Kairu E.W., Omwega C.O.",2007,Ethiopia,12.417778,37.316667,Simplified,Monoculture,Intercropping,Maize-Cowpea,722_C1,722_T8,Insect,Pests,Abundance,standard error,0.45,0.78,36,0.01,0.06,36,kg/ha,2600.3,715.52,4,1015.4,708.92,4,NA,NA,FALSE,FALSE
3709,722,"Wale M., Schulthess F., Kairu E.W., Omwega C.O.",2007,Ethiopia,12.068611,37.728056,Simplified,Monoculture,Intercropping,Maize-Potato,722_C2,722_T1,Insect,Pests,Abundance,standard error,0.06,0.3,36,0.32,1.02,36,kg/ha,735.4,395.4,4,2130.6,343.84,4,NA,NA,FALSE,FALSE
3710,722,"Wale M., Schulthess F., Kairu E.W., Omwega C.O.",2007,Ethiopia,12.068611,37.728056,Simplified,Monoculture,Intercropping,Maize-Mustard,722_C2,722_T2,Insect,Pests,Abundance,standard error,0,0.06,36,0.32,1.02,36,kg/ha,1400.9,1089.52,4,2130.6,343.84,4,NA,NA,FALSE,TRUE
3711,722,"Wale M., Schulthess F., Kairu E.W., Omwega C.O.",2007,Ethiopia,12.068611,37.728056,Simplified,Monoculture,Intercropping,Maize-Faba bean,722_C2,722_T3,Insect,Pests,Abundance,standard error,0,0.3,36,0.32,1.02,36,kg/ha,1613.2,657.2,4,2130.6,343.84,4,NA,NA,FALSE,TRUE
3712,722,"Wale M., Schulthess F., Kairu E.W., Omwega C.O.",2007,Ethiopia,12.068611,37.728056,Simplified,Monoculture,Intercropping,Maize-Cowpea,722_C2,722_T4,Insect,Pests,Abundance,standard error,0.11,0.42,36,0.32,1.02,36,kg/ha,2168.8,1076.42,4,2130.6,343.84,4,NA,NA,FALSE,FALSE
3713,722,"Wale M., Schulthess F., Kairu E.W., Omwega C.O.",2007,Ethiopia,12.417778,37.316667,Simplified,Monoculture,Intercropping,Maize-Potato,722_C2,722_T5,Insect,Pests,Abundance,standard error,0.4,0.48,36,0.32,1.02,36,kg/ha,1882.2,755.2,4,2130.6,343.84,4,NA,NA,FALSE,FALSE
3714,722,"Wale M., Schulthess F., Kairu E.W., Omwega C.O.",2007,Ethiopia,12.417778,37.316667,Simplified,Monoculture,Intercropping,Maize-Mustard,722_C2,722_T6,Insect,Pests,Abundance,standard error,0.14,1.02,36,0.32,1.02,36,kg/ha,2261.2,444.2,4,2130.6,343.84,4,NA,NA,FALSE,FALSE
3715,722,"Wale M., Schulthess F., Kairu E.W., Omwega C.O.",2007,Ethiopia,12.417778,37.316667,Simplified,Monoculture,Intercropping,Maize-Faba bean,722_C2,722_T7,Insect,Pests,Abundance,standard error,0.25,0.6,36,0.32,1.02,36,kg/ha,2447.7,601.62,4,2130.6,343.84,4,NA,NA,FALSE,FALSE
3716,722,"Wale M., Schulthess F., Kairu E.W., Omwega C.O.",2007,Ethiopia,12.417778,37.316667,Simplified,Monoculture,Intercropping,Maize-Cowpea,722_C2,722_T8,Insect,Pests,Abundance,standard error,0.45,0.78,36,0.32,1.02,36,kg/ha,2600.3,715.52,4,2130.6,343.84,4,NA,NA,FALSE,FALSE
3717,722,"Wale M., Schulthess F., Kairu E.W., Omwega C.O.",2007,Ethiopia,12.068611,37.728056,Simplified,Monoculture,Intercropping,Maize-Potato,722_C1,722_T1,Insect,Pests,Abundance,standard error,0.1,0.577234787586473,68,0.07,0.329848450049413,68,kg/ha,735.4,395.4,4,1015.4,708.92,4,NA,NA,FALSE,FALSE
3718,722,"Wale M., Schulthess F., Kairu E.W., Omwega C.O.",2007,Ethiopia,12.068611,37.728056,Simplified,Monoculture,Intercropping,Maize-Mustard,722_C1,722_T2,Insect,Pests,Abundance,standard error,0.03,0.24738633753706,68,0.07,0.329848450049413,68,kg/ha,1400.9,1089.52,4,1015.4,708.92,4,NA,NA,FALSE,FALSE
3719,722,"Wale M., Schulthess F., Kairu E.W., Omwega C.O.",2007,Ethiopia,12.068611,37.728056,Simplified,Monoculture,Intercropping,Maize-Faba bean,722_C1,722_T3,Insect,Pests,Abundance,standard error,0,0.0824621125123532,68,0.07,0.329848450049413,68,kg/ha,1613.2,657.2,4,1015.4,708.92,4,NA,NA,FALSE,TRUE
3720,722,"Wale M., Schulthess F., Kairu E.W., Omwega C.O.",2007,Ethiopia,12.068611,37.728056,Simplified,Monoculture,Intercropping,Maize-Cowpea,722_C1,722_T4,Insect,Pests,Abundance,standard error,0,0.0824621125123532,68,0.07,0.329848450049413,68,kg/ha,2168.8,1076.42,4,1015.4,708.92,4,NA,NA,FALSE,TRUE
3721,722,"Wale M., Schulthess F., Kairu E.W., Omwega C.O.",2007,Ethiopia,12.417778,37.316667,Simplified,Monoculture,Intercropping,Maize-Potato,722_C1,722_T5,Insect,Pests,Abundance,standard error,0.11,0.24738633753706,68,0.07,0.329848450049413,68,kg/ha,1882.2,755.2,4,1015.4,708.92,4,NA,NA,FALSE,FALSE
3722,722,"Wale M., Schulthess F., Kairu E.W., Omwega C.O.",2007,Ethiopia,12.417778,37.316667,Simplified,Monoculture,Intercropping,Maize-Mustard,722_C1,722_T6,Insect,Pests,Abundance,standard error,0.1,0.329848450049413,68,0.07,0.329848450049413,68,kg/ha,2261.2,444.2,4,1015.4,708.92,4,NA,NA,FALSE,FALSE
3723,722,"Wale M., Schulthess F., Kairu E.W., Omwega C.O.",2007,Ethiopia,12.417778,37.316667,Simplified,Monoculture,Intercropping,Maize-Faba bean,722_C1,722_T7,Insect,Pests,Abundance,standard error,0.21,0.577234787586473,68,0.07,0.329848450049413,68,kg/ha,2447.7,601.62,4,1015.4,708.92,4,NA,NA,FALSE,FALSE
3724,722,"Wale M., Schulthess F., Kairu E.W., Omwega C.O.",2007,Ethiopia,12.417778,37.316667,Simplified,Monoculture,Intercropping,Maize-Cowpea,722_C1,722_T8,Insect,Pests,Abundance,standard error,0.12,0.24738633753706,68,0.07,0.329848450049413,68,kg/ha,2600.3,715.52,4,1015.4,708.92,4,NA,NA,FALSE,FALSE
3725,722,"Wale M., Schulthess F., Kairu E.W., Omwega C.O.",2007,Ethiopia,12.068611,37.728056,Simplified,Monoculture,Intercropping,Maize-Potato,722_C2,722_T1,Insect,Pests,Abundance,standard error,0.1,0.577234787586473,68,0.27,0.494772675074119,68,kg/ha,735.4,395.4,4,2130.6,343.84,4,NA,NA,FALSE,FALSE
3726,722,"Wale M., Schulthess F., Kairu E.W., Omwega C.O.",2007,Ethiopia,12.068611,37.728056,Simplified,Monoculture,Intercropping,Maize-Mustard,722_C2,722_T2,Insect,Pests,Abundance,standard error,0.03,0.24738633753706,68,0.27,0.494772675074119,68,kg/ha,1400.9,1089.52,4,2130.6,343.84,4,NA,NA,FALSE,FALSE
3727,722,"Wale M., Schulthess F., Kairu E.W., Omwega C.O.",2007,Ethiopia,12.068611,37.728056,Simplified,Monoculture,Intercropping,Maize-Faba bean,722_C2,722_T3,Insect,Pests,Abundance,standard error,0,0.0824621125123532,68,0.27,0.494772675074119,68,kg/ha,1613.2,657.2,4,2130.6,343.84,4,NA,NA,FALSE,TRUE
3728,722,"Wale M., Schulthess F., Kairu E.W., Omwega C.O.",2007,Ethiopia,12.068611,37.728056,Simplified,Monoculture,Intercropping,Maize-Cowpea,722_C2,722_T4,Insect,Pests,Abundance,standard error,0,0.0824621125123532,68,0.27,0.494772675074119,68,kg/ha,2168.8,1076.42,4,2130.6,343.84,4,NA,NA,FALSE,TRUE
3729,722,"Wale M., Schulthess F., Kairu E.W., Omwega C.O.",2007,Ethiopia,12.417778,37.316667,Simplified,Monoculture,Intercropping,Maize-Potato,722_C2,722_T5,Insect,Pests,Abundance,standard error,0.11,0.24738633753706,68,0.27,0.494772675074119,68,kg/ha,1882.2,755.2,4,2130.6,343.84,4,NA,NA,FALSE,FALSE
3730,722,"Wale M., Schulthess F., Kairu E.W., Omwega C.O.",2007,Ethiopia,12.417778,37.316667,Simplified,Monoculture,Intercropping,Maize-Mustard,722_C2,722_T6,Insect,Pests,Abundance,standard error,0.1,0.329848450049413,68,0.27,0.494772675074119,68,kg/ha,2261.2,444.2,4,2130.6,343.84,4,NA,NA,FALSE,FALSE
3731,722,"Wale M., Schulthess F., Kairu E.W., Omwega C.O.",2007,Ethiopia,12.417778,37.316667,Simplified,Monoculture,Intercropping,Maize-Faba bean,722_C2,722_T7,Insect,Pests,Abundance,standard error,0.21,0.577234787586473,68,0.27,0.494772675074119,68,kg/ha,2447.7,601.62,4,2130.6,343.84,4,NA,NA,FALSE,FALSE
3732,722,"Wale M., Schulthess F., Kairu E.W., Omwega C.O.",2007,Ethiopia,12.417778,37.316667,Simplified,Monoculture,Intercropping,Maize-Cowpea,722_C2,722_T8,Insect,Pests,Abundance,standard error,0.12,0.24738633753706,68,0.27,0.494772675074119,68,kg/ha,2600.3,715.52,4,2130.6,343.84,4,NA,NA,FALSE,FALSE
3733,722,"Wale M., Schulthess F., Kairu E.W., Omwega C.O.",2007,Ethiopia,10.855556,39.815556,Simplified,Monoculture,Intercropping,Maize-Sweet potato,722_C3,722_T9,Insect,Pests,Abundance,standard error,0.35,1.1,100,0.23,0.8,100,kg/ha,713.8,95.2,4,1468.8,211.4,4,NA,NA,FALSE,FALSE
3734,722,"Wale M., Schulthess F., Kairu E.W., Omwega C.O.",2007,Ethiopia,10.855556,39.815556,Simplified,Monoculture,Intercropping,Maize-Sesame,722_C3,722_T10,Insect,Pests,Abundance,standard error,0.13,0.8,100,0.23,0.8,100,kg/ha,1707.7,482.8,4,1468.8,211.4,4,NA,NA,FALSE,FALSE
3735,722,"Wale M., Schulthess F., Kairu E.W., Omwega C.O.",2007,Ethiopia,10.855556,39.815556,Simplified,Monoculture,Intercropping,Sorghum-Green bean,722_C3,722_T11,Insect,Pests,Abundance,standard error,0.23,0.8,100,0.23,0.8,100,kg/ha,1698.9,422.4,4,1468.8,211.4,4,NA,NA,FALSE,FALSE
3736,722,"Wale M., Schulthess F., Kairu E.W., Omwega C.O.",2007,Ethiopia,10.855556,39.815556,Simplified,Monoculture,Intercropping,Maize-Cowpea,722_C3,722_T12,Insect,Pests,Abundance,standard error,0.08,0.8,100,0.23,0.8,100,kg/ha,1727.9,170.4,4,1468.8,211.4,4,NA,NA,FALSE,FALSE
3737,722,"Wale M., Schulthess F., Kairu E.W., Omwega C.O.",2007,Ethiopia,10.855556,39.815556,Simplified,Monoculture,Intercropping,Sorghum-Sweet potato,722_C4,722_T13,Insect,Pests,Abundance,standard error,0.1,0.4,100,0.03,0.3,100,kg/ha,955.5,60.8,4,2444.3,427,4,NA,NA,FALSE,FALSE
3738,722,"Wale M., Schulthess F., Kairu E.W., Omwega C.O.",2007,Ethiopia,10.855556,39.815556,Simplified,Monoculture,Intercropping,Sorghum-Sesame,722_C4,722_T14,Insect,Pests,Abundance,standard error,0.03,0.3,100,0.03,0.3,100,kg/ha,2377.3,347.8,4,2444.3,427,4,NA,NA,FALSE,FALSE
3739,722,"Wale M., Schulthess F., Kairu E.W., Omwega C.O.",2007,Ethiopia,10.855556,39.815556,Simplified,Monoculture,Intercropping,Sorghum-Green bean,722_C4,722_T15,Insect,Pests,Abundance,standard error,0.03,0.3,100,0.03,0.3,100,kg/ha,1758.4,345.2,4,2444.3,427,4,NA,NA,FALSE,FALSE
3740,722,"Wale M., Schulthess F., Kairu E.W., Omwega C.O.",2007,Ethiopia,10.855556,39.815556,Simplified,Monoculture,Intercropping,Sorghum-Cowpea,722_C4,722_T16,Insect,Pests,Abundance,standard error,0,0.3,100,0.03,0.3,100,kg/ha,2029.9,525.6,4,2444.3,427,4,NA,NA,FALSE,TRUE
3747,729,"Hooks C.R.R., Johnson M.W.",2006,United States of America,21.51573,-158.061254,Simplified,Monoculture,Intercropping,Broccoli-Chili,729_C1,729_T1,Arachnida,Natural enemies,Abundance,standard error,0.035648,0,1200,0.071296,0,1200,NA,NA,NA,NA,NA,NA,NA,NA,NA,TRUE,FALSE
3749,729,"Hooks C.R.R., Johnson M.W.",2006,United States of America,21.51573,-158.061254,Simplified,Monoculture,Intercropping,Broccoli-Chili,729_C1,729_T1,Insect,Pests,Abundance,standard error,0.059716,0.59648365711057,1200,0.034548,0,1200,NA,NA,NA,NA,NA,NA,NA,NA,NA,TRUE,FALSE
3751,729,"Hooks C.R.R., Johnson M.W.",2006,United States of America,21.51573,-158.061254,Simplified,Monoculture,Intercropping,Broccoli-Chili,729_C1,729_T1,Insect,Pests,Abundance,standard error,0.095518,0,1200,0.092549,0,1200,NA,NA,NA,NA,NA,NA,NA,NA,NA,TRUE,FALSE
3754,729,"Hooks C.R.R., Johnson M.W.",2006,United States of America,21.51573,-158.061254,Simplified,Monoculture,Intercropping,Broccoli-Chili,729_C1,729_T1,Arachnida,Natural enemies,Abundance,standard error,0.382979,2.94815832057914,1200,0.510638,3.31670409141364,1200,NA,NA,NA,NA,NA,NA,NA,NA,NA,FALSE,FALSE
3756,729,"Hooks C.R.R., Johnson M.W.",2006,United States of America,21.51573,-158.061254,Simplified,Monoculture,Intercropping,Broccoli-Chili,729_C1,729_T1,Insect,Pests,Abundance,standard error,0.097619,0.824802594564299,1200,0.119048,1.89701132648174,1200,NA,NA,NA,NA,NA,NA,NA,NA,NA,FALSE,FALSE
3757,729,"Hooks C.R.R., Johnson M.W.",2006,United States of America,21.51573,-158.061254,Simplified,Monoculture,Intercropping,Broccoli-Chili,729_C1,729_T1,Arachnida,Natural enemies,Abundance,standard error,0.329787,2.21113606094243,1200,0.25,3.31670409141364,1200,NA,NA,NA,NA,NA,NA,NA,NA,NA,FALSE,FALSE
3759,729,"Hooks C.R.R., Johnson M.W.",2006,United States of America,21.51573,-158.061254,Simplified,Monoculture,Intercropping,Broccoli-Chili,729_C1,729_T1,Insect,Pests,Abundance,standard error,0.057143,0,1200,0.035714,0,1200,NA,NA,NA,NA,NA,NA,NA,NA,NA,TRUE,FALSE
3761,729,"Hooks C.R.R., Johnson M.W.",2006,United States of America,21.51573,-158.061254,Simplified,Monoculture,Intercropping,Broccoli-Chili,729_C1,729_T1,Arachnida,Natural enemies,Abundance,standard error,0.123148,1.34715447711092,1200,0.084259,2.02071439515831,1200,NA,NA,NA,NA,NA,NA,NA,NA,NA,FALSE,FALSE
3763,729,"Hooks C.R.R., Johnson M.W.",2006,United States of America,21.51573,-158.061254,Simplified,Monoculture,Intercropping,Broccoli-Chili,729_C1,729_T1,Insect,Pests,Abundance,standard error,0.079822,1.05429932656718,1200,0.07981,1.05530391603557,1200,NA,NA,NA,NA,NA,NA,NA,NA,NA,FALSE,FALSE
3765,729,"Hooks C.R.R., Johnson M.W.",2006,United States of America,21.51573,-158.061254,Simplified,Monoculture,Intercropping,Broccoli-Chili,729_C1,729_T1,Insect,Pests,Abundance,standard error,0.13395,0,1200,0.095027,0,1200,NA,NA,NA,NA,NA,NA,NA,NA,NA,TRUE,FALSE
3768,729,"Hooks C.R.R., Johnson M.W.",2006,United States of America,21.51573,-158.061254,Simplified,Monoculture,Intercropping,Broccoli-Chili,729_C1,729_T1,Arachnida,Natural enemies,Abundance,standard error,0.398611,2.69430895422184,1200,0.57037,3.59241193896246,1200,NA,NA,NA,NA,NA,NA,NA,NA,NA,FALSE,FALSE
3770,729,"Hooks C.R.R., Johnson M.W.",2006,United States of America,21.51573,-158.061254,Simplified,Monoculture,Intercropping,Broccoli-Chili,729_C1,729_T1,Insect,Pests,Abundance,standard error,0.081378,1.05495750587405,1200,0.082683,0.963435941202112,1200,NA,NA,NA,NA,NA,NA,NA,NA,NA,FALSE,FALSE
3772,729,"Hooks C.R.R., Johnson M.W.",2006,United States of America,21.51573,-158.061254,Simplified,Monoculture,Intercropping,Broccoli-Chili,729_C1,729_T1,Insect,Pests,Abundance,standard error,0.226248,2.17784604442096,1200,0.127435,0,1200,NA,NA,NA,NA,NA,NA,NA,NA,NA,TRUE,FALSE
3774,729,"Hooks C.R.R., Johnson M.W.",2006,United States of America,21.51573,-158.061254,Simplified,Monoculture,Intercropping,Broccoli-Chili,729_C1,729_T1,Arachnida,Natural enemies,Abundance,standard error,0.473148,2.69430895422184,1200,0.57037,3.25559733892261,1200,NA,NA,NA,NA,NA,NA,NA,NA,NA,FALSE,FALSE
3776,729,"Hooks C.R.R., Johnson M.W.",2006,United States of America,21.51573,-158.061254,Simplified,Monoculture,Intercropping,Broccoli-Chili,729_C1,729_T1,Insect,Pests,Abundance,standard error,0.048473,0.642105875381934,1200,0.108073,0.963435941202112,1200,NA,NA,NA,NA,NA,NA,NA,NA,NA,FALSE,FALSE
3778,729,"Hooks C.R.R., Johnson M.W.",2006,United States of America,21.51573,-158.061254,Simplified,Monoculture,Intercropping,Broccoli-Chili,729_C1,729_T1,Insect,Pests,Abundance,standard error,0.806563,5.28933675615384,1200,0.758649,5.08263381277857,1200,NA,NA,NA,NA,NA,NA,NA,NA,NA,FALSE,FALSE
3779,729,"Hooks C.R.R., Johnson M.W.",2006,United States of America,21.51573,-158.061254,Simplified,Monoculture,Intercropping,Broccoli-Chili,729_C1,729_T1,Arachnida,Natural enemies,Abundance,standard error,0.388889,2.35752899519815,1200,0.495833,3.14336044659215,1200,NA,NA,NA,NA,NA,NA,NA,NA,NA,FALSE,FALSE
3781,729,"Hooks C.R.R., Johnson M.W.",2006,United States of America,21.51573,-158.061254,Simplified,Monoculture,Intercropping,Broccoli-Chili,729_C1,729_T1,Insect,Pests,Abundance,standard error,0.235443,1.97308299795016,1200,0.236774,2.2481326661921,1200,NA,NA,NA,NA,NA,NA,NA,NA,NA,FALSE,FALSE
3783,729,"Hooks C.R.R., Johnson M.W.",2006,United States of America,21.51573,-158.061254,Simplified,Monoculture,Intercropping,Broccoli-Chili,729_C1,729_T1,Insect,Pests,Abundance,standard error,0.734196,2.69624885112632,1200,0.722204,4.04510073802866,1200,NA,NA,NA,NA,NA,NA,NA,NA,NA,FALSE,FALSE
3785,729,"Hooks C.R.R., Johnson M.W.",2006,United States of America,21.51573,-158.061254,Simplified,Monoculture,Intercropping,Broccoli-Chili,729_C1,729_T1,Arachnida,Natural enemies,Abundance,standard error,0.39213,3.03108891324554,1200,0.388889,3.25559733892261,1200,NA,NA,NA,NA,NA,NA,NA,NA,NA,FALSE,FALSE
3787,729,"Hooks C.R.R., Johnson M.W.",2006,United States of America,21.51573,-158.061254,Simplified,Monoculture,Intercropping,Broccoli-Chili,729_C1,729_T1,Insect,Pests,Abundance,standard error,0.319118,2.84468560533497,1200,0.276734,1.83528103569998,1200,NA,NA,NA,NA,NA,NA,NA,NA,NA,FALSE,FALSE
3789,729,"Hooks C.R.R., Johnson M.W.",2006,United States of America,21.51573,-158.061254,Simplified,Monoculture,Intercropping,Broccoli-Chili,729_C1,729_T1,Insect,Pests,Abundance,standard error,0.260618,1.45239388417881,1200,0.443249,2.6969763124655,1200,NA,NA,NA,NA,NA,NA,NA,NA,NA,FALSE,FALSE
3791,729,"Hooks C.R.R., Johnson M.W.",2006,United States of America,21.51573,-158.061254,Simplified,Monoculture,Intercropping,Broccoli-Chili,729_C1,729_T1,Arachnida,Natural enemies,Abundance,standard error,0.37766,3.685215221232,1200,0.446809,2.76390275566996,1200,NA,NA,NA,NA,NA,NA,NA,NA,NA,FALSE,FALSE
3793,729,"Hooks C.R.R., Johnson M.W.",2006,United States of America,21.51573,-158.061254,Simplified,Monoculture,Intercropping,Broccoli-Chili,729_C1,729_T1,Insect,Pests,Abundance,standard error,0.133333,1.56709028865602,1200,0.116667,1.48461002919959,1200,NA,NA,NA,NA,NA,NA,NA,NA,NA,FALSE,FALSE
3796,729,"Hooks C.R.R., Johnson M.W.",2006,United States of America,21.51573,-158.061254,Simplified,Monoculture,Intercropping,Broccoli-Chili,729_C1,729_T1,Arachnida,Natural enemies,Abundance,standard error,0.484043,3.13244852650447,1200,0.75,4.60652768679404,1200,NA,NA,NA,NA,NA,NA,NA,NA,NA,FALSE,FALSE
3798,729,"Hooks C.R.R., Johnson M.W.",2006,United States of America,21.51573,-158.061254,Simplified,Monoculture,Intercropping,Broccoli-Chili,729_C1,729_T1,Insect,Pests,Abundance,standard error,0.233333,1.56709028865602,1200,0.169048,2.14445210485103,1200,NA,NA,NA,NA,NA,NA,NA,NA,NA,FALSE,FALSE
3800,729,"Hooks C.R.R., Johnson M.W.",2006,United States of America,21.51573,-158.061254,Simplified,Monoculture,Intercropping,Broccoli-Chili,729_C1,729_T1,Arachnida,Natural enemies,Abundance,standard error,0.510638,3.13244852650447,1200,0.792553,3.685215221232,1200,NA,NA,NA,NA,NA,NA,NA,NA,NA,FALSE,FALSE
3802,729,"Hooks C.R.R., Johnson M.W.",2006,United States of America,21.51573,-158.061254,Simplified,Monoculture,Intercropping,Broccoli-Chili,729_C1,729_T1,Insect,Pests,Abundance,standard error,0.169048,1.81453106702531,1200,0.292857,2.30941262376389,1200,NA,NA,NA,NA,NA,NA,NA,NA,NA,FALSE,FALSE
3829,740,"Schulthess F., Chabi-Olaye A., Gounou S.",2004,Benin,6.419982,2.330934,Simplified,Monoculture,Intercropping,Maize-Cassava,740_C1,740_T1,Insect,Pests,Abundance,standard error,0.14,0.0469041575982343,22,0.16,0.0469041575982343,22,LER,1.935,0.104,15,NA,NA,NA,1,1,FALSE,FALSE
3830,740,"Schulthess F., Chabi-Olaye A., Gounou S.",2004,Benin,6.419982,2.330934,Simplified,Monoculture,Intercropping,Maize-Cassava,740_C1,740_T2,Insect,Pests,Abundance,standard error,0.13,0.0469041575982343,22,0.16,0.0469041575982343,22,LER,1.935,0.068,15,NA,NA,NA,1,1,FALSE,FALSE
3831,740,"Schulthess F., Chabi-Olaye A., Gounou S.",2004,Benin,6.419982,2.330934,Simplified,Monoculture,Intercropping,Maize-Cassava,740_C2,740_T1,Insect,Pests,Abundance,standard error,0.14,0.0469041575982343,22,0.11,0.0469041575982343,22,LER,1.935,0.104,15,NA,NA,NA,1,1,FALSE,FALSE
3832,740,"Schulthess F., Chabi-Olaye A., Gounou S.",2004,Benin,6.419982,2.330934,Simplified,Monoculture,Intercropping,Maize-Cassava,740_C2,740_T2,Insect,Pests,Abundance,standard error,0.13,0.0469041575982343,22,0.11,0.0469041575982343,22,LER,1.935,0.068,15,NA,NA,NA,1,1,FALSE,FALSE
3833,740,"Schulthess F., Chabi-Olaye A., Gounou S.",2004,Benin,6.419982,2.330934,Simplified,Monoculture,Intercropping,Maize-Cassava,740_C1,740_T1,Insect,Pests,Abundance,standard error,0.09,0.0469041575982343,22,0.25,0.0469041575982343,22,LER,1.935,0.104,15,NA,NA,NA,1,1,FALSE,FALSE
3834,740,"Schulthess F., Chabi-Olaye A., Gounou S.",2004,Benin,6.419982,2.330934,Simplified,Monoculture,Intercropping,Maize-Cassava,740_C1,740_T2,Insect,Pests,Abundance,standard error,0.05,0.0469041575982343,22,0.25,0.0469041575982343,22,LER,1.935,0.068,15,NA,NA,NA,1,1,FALSE,FALSE
3835,740,"Schulthess F., Chabi-Olaye A., Gounou S.",2004,Benin,6.419982,2.330934,Simplified,Monoculture,Intercropping,Maize-Cassava,740_C2,740_T1,Insect,Pests,Abundance,standard error,0.09,0.0469041575982343,22,0.16,0.0469041575982343,22,LER,1.935,0.104,15,NA,NA,NA,1,1,FALSE,FALSE
3836,740,"Schulthess F., Chabi-Olaye A., Gounou S.",2004,Benin,6.419982,2.330934,Simplified,Monoculture,Intercropping,Maize-Cassava,740_C2,740_T2,Insect,Pests,Abundance,standard error,0.05,0.0469041575982343,22,0.16,0.0469041575982343,22,LER,1.935,0.068,15,NA,NA,NA,1,1,FALSE,FALSE
3837,740,"Schulthess F., Chabi-Olaye A., Gounou S.",2004,Benin,6.419982,2.330934,Simplified,Monoculture,Intercropping,Maize-Cassava,740_C3,740_T3,Insect,Natural enemies,Abundance,standard error,9.7,28.8444102037119,13,9.5,15.8644256120416,13,LER,1.218,0.302,15,NA,NA,NA,1,1,FALSE,FALSE
3838,740,"Schulthess F., Chabi-Olaye A., Gounou S.",2004,Benin,6.419982,2.330934,Simplified,Monoculture,Intercropping,Maize-Cassava,740_C4,740_T4,Insect,Natural enemies,Abundance,standard error,11,13.3405397192168,13,10.6,3.60555127546399,13,LER,1.534,0.235,15,NA,NA,NA,1,1,FALSE,FALSE
3839,740,"Schulthess F., Chabi-Olaye A., Gounou S.",2004,Benin,6.419982,2.330934,Simplified,Monoculture,Intercropping,Maize-Cassava,740_C3,740_T3,Insect,Natural enemies,Abundance,standard error,13.6,11.1772089539384,13,15.5,9.73498844375277,13,LER,1.633,0.147,15,NA,NA,NA,1,1,FALSE,FALSE
3840,740,"Schulthess F., Chabi-Olaye A., Gounou S.",2004,Benin,6.419982,2.330934,Simplified,Monoculture,Intercropping,Maize-Cassava,740_C4,740_T4,Insect,Natural enemies,Abundance,standard error,9.9,6.48999229583518,13,8.5,4.68721665810319,13,LER,1.652,0.132,15,NA,NA,NA,1,1,FALSE,FALSE
3841,740,"Schulthess F., Chabi-Olaye A., Gounou S.",2004,Benin,6.419982,2.330934,Simplified,Monoculture,Intercropping,Maize-Cassava,740_C3,740_T3,Insect,Natural enemies,Abundance,standard error,19.4,20.9121973976911,13,28,19.4699768875055,13,LER,1.863,0.116,15,NA,NA,NA,1,1,FALSE,FALSE
3842,740,"Schulthess F., Chabi-Olaye A., Gounou S.",2004,Benin,6.419982,2.330934,Simplified,Monoculture,Intercropping,Maize-Cassava,740_C4,740_T4,Insect,Natural enemies,Abundance,standard error,17.5,9.73498844375277,13,18.2,9.73498844375277,13,LER,1.882,0.077,15,NA,NA,NA,1,1,FALSE,FALSE
3843,740,"Schulthess F., Chabi-Olaye A., Gounou S.",2004,Benin,6.419982,2.330934,Simplified,Monoculture,Intercropping,Maize-Cassava,740_C1,740_T1,Insect,Pests,Abundance,standard error,0.16,0.0469041575982343,22,0.21,0.0469041575982343,22,LER,1.625,0.042,15,NA,NA,NA,1,1,FALSE,FALSE
3844,740,"Schulthess F., Chabi-Olaye A., Gounou S.",2004,Benin,6.419982,2.330934,Simplified,Monoculture,Intercropping,Maize-Cassava,740_C1,740_T2,Insect,Pests,Abundance,standard error,0.14,0.0469041575982343,22,0.21,0.0469041575982343,22,LER,1.705,0.024,15,NA,NA,NA,1,1,FALSE,FALSE
3845,740,"Schulthess F., Chabi-Olaye A., Gounou S.",2004,Benin,6.419982,2.330934,Simplified,Monoculture,Intercropping,Maize-Cassava,740_C2,740_T1,Insect,Pests,Abundance,standard error,0.16,0.0469041575982343,22,0.23,0.0469041575982343,22,LER,1.625,0.042,15,NA,NA,NA,1,1,FALSE,FALSE
3846,740,"Schulthess F., Chabi-Olaye A., Gounou S.",2004,Benin,6.419982,2.330934,Simplified,Monoculture,Intercropping,Maize-Cassava,740_C2,740_T2,Insect,Pests,Abundance,standard error,0.14,0.0469041575982343,22,0.23,0.0469041575982343,22,LER,1.705,0.024,15,NA,NA,NA,1,1,FALSE,FALSE
3847,740,"Schulthess F., Chabi-Olaye A., Gounou S.",2004,Benin,6.419982,2.330934,Simplified,Monoculture,Intercropping,Maize-Cassava,740_C1,740_T1,Insect,Pests,Abundance,standard error,0.06,0.0469041575982343,22,0.22,0.0469041575982343,22,LER,1.625,0.042,15,NA,NA,NA,1,1,FALSE,FALSE
3848,740,"Schulthess F., Chabi-Olaye A., Gounou S.",2004,Benin,6.419982,2.330934,Simplified,Monoculture,Intercropping,Maize-Cassava,740_C1,740_T2,Insect,Pests,Abundance,standard error,0.06,0.0469041575982343,22,0.22,0.0469041575982343,22,LER,1.705,0.024,15,NA,NA,NA,1,1,FALSE,FALSE
3849,740,"Schulthess F., Chabi-Olaye A., Gounou S.",2004,Benin,6.419982,2.330934,Simplified,Monoculture,Intercropping,Maize-Cassava,740_C2,740_T1,Insect,Pests,Abundance,standard error,0.06,0.0469041575982343,22,0.19,0.0469041575982343,22,LER,1.625,0.042,15,NA,NA,NA,1,1,FALSE,FALSE
3850,740,"Schulthess F., Chabi-Olaye A., Gounou S.",2004,Benin,6.419982,2.330934,Simplified,Monoculture,Intercropping,Maize-Cassava,740_C2,740_T2,Insect,Pests,Abundance,standard error,0.06,0.0469041575982343,22,0.19,0.0469041575982343,22,LER,1.705,0.024,15,NA,NA,NA,1,1,FALSE,FALSE
3851,740,"Schulthess F., Chabi-Olaye A., Gounou S.",2004,Benin,6.419982,2.330934,Simplified,Monoculture,Intercropping,Maize-Cassava,740_C3,740_T3,Insect,Pests,Abundance,standard error,2.7,4.68721665810319,13,8.7,11.1772089539384,13,LER,1.218,0.302,15,NA,NA,NA,1,1,FALSE,FALSE
3852,740,"Schulthess F., Chabi-Olaye A., Gounou S.",2004,Benin,6.419982,2.330934,Simplified,Monoculture,Intercropping,Maize-Cassava,740_C4,740_T4,Insect,Pests,Abundance,standard error,9.8,13.7010948467632,13,3.1,4.32666153055679,13,LER,1.534,0.235,15,NA,NA,NA,1,1,FALSE,FALSE
3853,740,"Schulthess F., Chabi-Olaye A., Gounou S.",2004,Benin,6.419982,2.330934,Simplified,Monoculture,Intercropping,Maize-Cassava,740_C3,740_T3,Insect,Pests,Abundance,standard error,11.1,7.93221280602078,13,14.2,9.01387818865997,13,LER,1.633,0.147,15,NA,NA,NA,1,1,FALSE,FALSE
3854,740,"Schulthess F., Chabi-Olaye A., Gounou S.",2004,Benin,6.419982,2.330934,Simplified,Monoculture,Intercropping,Maize-Cassava,740_C4,740_T4,Insect,Pests,Abundance,standard error,28.1,22.7149730354231,13,24.2,14.422205101856,13,LER,1.652,0.132,15,NA,NA,NA,1,1,FALSE,FALSE
3855,740,"Schulthess F., Chabi-Olaye A., Gounou S.",2004,Benin,6.419982,2.330934,Simplified,Monoculture,Intercropping,Maize-Cassava,740_C3,740_T3,Insect,Pests,Abundance,standard error,1.8,1.0816653826392,13,2.1,1.0816653826392,13,LER,1.863,0.116,15,NA,NA,NA,1,1,FALSE,FALSE
3856,740,"Schulthess F., Chabi-Olaye A., Gounou S.",2004,Benin,6.419982,2.330934,Simplified,Monoculture,Intercropping,Maize-Cassava,740_C4,740_T4,Insect,Pests,Abundance,standard error,5.9,2.88444102037119,13,6.7,3.96610640301039,13,LER,1.882,0.077,15,NA,NA,NA,1,1,FALSE,FALSE
3857,742,"Bukovinszky T., Tréfás H., Van Lenteren J.C., Vet L.E.M., Fremont J.",2004,Netherlands,51.965368,5.638335,Simplified,Monoculture,Intercropping,Brussels sprout-Barley,742_C1,742_T1,Insect,Pests,Abundance,standard error,2.51,2.92742207411231,18,20.08,17.5221060378026,18,kg/ha,430,30,165,590,50,165,NA,NA,FALSE,FALSE
3858,742,"Bukovinszky T., Tréfás H., Van Lenteren J.C., Vet L.E.M., Fremont J.",2004,Netherlands,51.965368,5.638335,Simplified,Monoculture,Intercropping,Brussels sprout-Barley,742_C1,742_T1,Insect,Pests,Abundance,standard error,0,0,30,3.6,12.3237575438662,30,kg/ha,430,30,165,590,50,165,NA,NA,TRUE,TRUE
3859,742,"Bukovinszky T., Tréfás H., Van Lenteren J.C., Vet L.E.M., Fremont J.",2004,Netherlands,51.965368,5.638335,Simplified,Monoculture,Intercropping,Brussels sprout-Barley,742_C1,742_T1,Insect,Pests,Abundance,standard error,4.99,4.41234631460406,18,64.64,35.1290648893477,18,kg/ha,430,30,165,590,50,165,NA,NA,FALSE,FALSE
3860,742,"Bukovinszky T., Tréfás H., Van Lenteren J.C., Vet L.E.M., Fremont J.",2004,Netherlands,51.965368,5.638335,Simplified,Monoculture,Intercropping,Brussels sprout-Barley,742_C1,742_T1,Insect,Pests,Abundance,standard error,2.69,0,30,4.04,9.85900603509299,30,kg/ha,430,30,165,590,50,165,NA,NA,TRUE,FALSE
3861,742,"Bukovinszky T., Tréfás H., Van Lenteren J.C., Vet L.E.M., Fremont J.",2004,Netherlands,51.965368,5.638335,Simplified,Monoculture,Intercropping,Brussels sprout-Barley,742_C1,742_T1,Insect,Pests,Abundance,standard error,0.25,0,18,5.4,5.85484414822461,18,kg/ha,430,30,165,590,50,165,NA,NA,TRUE,FALSE
3862,742,"Bukovinszky T., Tréfás H., Van Lenteren J.C., Vet L.E.M., Fremont J.",2004,Netherlands,51.965368,5.638335,Simplified,Monoculture,Intercropping,Brussels sprout-Barley,742_C1,742_T1,Insect,Pests,Abundance,standard error,4.49,0,30,9.44,22.1827635789592,30,kg/ha,430,30,165,590,50,165,NA,NA,TRUE,FALSE
3863,742,"Bukovinszky T., Tréfás H., Van Lenteren J.C., Vet L.E.M., Fremont J.",2004,Netherlands,51.965368,5.638335,Simplified,Monoculture,Intercropping,Brussels sprout-Barley,742_C1,742_T1,Insect,Pests,Abundance,standard error,0.9,0,30,10.34,22.1827635789592,30,kg/ha,430,30,165,590,50,165,NA,NA,TRUE,FALSE
3864,742,"Bukovinszky T., Tréfás H., Van Lenteren J.C., Vet L.E.M., Fremont J.",2004,Netherlands,51.965368,5.638335,Simplified,Monoculture,Intercropping,Brussels sprout-Barley,742_C1,742_T1,Insect,Pests,Abundance,standard error,0,0,30,15.28,24.6475150877325,30,kg/ha,430,30,165,590,50,165,NA,NA,TRUE,TRUE
3865,742,"Bukovinszky T., Tréfás H., Van Lenteren J.C., Vet L.E.M., Fremont J.",2004,Netherlands,51.965368,5.638335,Simplified,Monoculture,Intercropping,Brussels sprout-Barley,742_C1,742_T1,Insect,Pests,Abundance,standard error,0,0,30,34.61,98.4805158394289,30,kg/ha,430,30,165,590,50,165,NA,NA,TRUE,TRUE
3866,742,"Bukovinszky T., Tréfás H., Van Lenteren J.C., Vet L.E.M., Fremont J.",2004,Netherlands,51.965368,5.638335,Simplified,Monoculture,Intercropping,Brussels sprout-Barley,742_C1,742_T1,Insect,Pests,Abundance,standard error,0,0,30,35.96,36.9165003758482,30,kg/ha,430,30,165,590,50,165,NA,NA,TRUE,TRUE
3867,742,"Bukovinszky T., Tréfás H., Van Lenteren J.C., Vet L.E.M., Fremont J.",2004,Netherlands,51.965368,5.638335,Simplified,Monoculture,Intercropping,Brussels sprout-Barley,742_C1,742_T1,Insect,Pests,Abundance,standard error,0,0,30,124.94,63.9739947166034,30,kg/ha,430,30,165,590,50,165,NA,NA,TRUE,TRUE
3868,742,"Bukovinszky T., Tréfás H., Van Lenteren J.C., Vet L.E.M., Fremont J.",2004,Netherlands,51.965368,5.638335,Simplified,Monoculture,Intercropping,Brussels sprout-Barley,742_C1,742_T1,Insect,Pests,Abundance,standard error,65.62,125.538010180184,30,15.28,29.5222458495285,30,kg/ha,430,30,165,590,50,165,NA,NA,FALSE,FALSE
3881,747,"Butts R.A., Floate K.D., David M., Blackshaw R.E., Burnett P.A.",2003,Canada,52.453255,-113.751428,Simplified,Monoculture,Intercropping,Canola-Barley,747_C1,747_T1,Insect,Natural enemies,Abundance,standard error,233.3,100.2,4,302.8,135.8,4,NA,NA,NA,NA,NA,NA,NA,0,NA,FALSE,FALSE
3882,747,"Butts R.A., Floate K.D., David M., Blackshaw R.E., Burnett P.A.",2003,Canada,52.453255,-113.751428,Simplified,Monoculture,Intercropping,Canola-Barley,747_C1,747_T2,Insect,Natural enemies,Abundance,standard error,288.8,120.4,4,302.8,135.8,4,NA,NA,NA,NA,NA,NA,NA,0,NA,FALSE,FALSE
3883,747,"Butts R.A., Floate K.D., David M., Blackshaw R.E., Burnett P.A.",2003,Canada,52.453255,-113.751428,Simplified,Monoculture,Intercropping,Canola-Barley,747_C1,747_T3,Insect,Natural enemies,Abundance,standard error,202.3,52,4,302.8,135.8,4,NA,NA,NA,NA,NA,NA,NA,0,NA,FALSE,FALSE
3884,747,"Butts R.A., Floate K.D., David M., Blackshaw R.E., Burnett P.A.",2003,Canada,52.453255,-113.751428,Simplified,Monoculture,Intercropping,Canola-Barley,747_C2,747_T1,Insect,Natural enemies,Abundance,standard error,233.3,100.2,4,247.8,81.4,4,NA,NA,NA,NA,NA,NA,NA,0,NA,FALSE,FALSE
3885,747,"Butts R.A., Floate K.D., David M., Blackshaw R.E., Burnett P.A.",2003,Canada,52.453255,-113.751428,Simplified,Monoculture,Intercropping,Canola-Barley,747_C2,747_T2,Insect,Natural enemies,Abundance,standard error,288.8,120.4,4,247.8,81.4,4,NA,NA,NA,NA,NA,NA,NA,0,NA,FALSE,FALSE
3886,747,"Butts R.A., Floate K.D., David M., Blackshaw R.E., Burnett P.A.",2003,Canada,52.453255,-113.751428,Simplified,Monoculture,Intercropping,Canola-Barley,747_C2,747_T3,Insect,Natural enemies,Abundance,standard error,202.3,52,4,247.8,81.4,4,NA,NA,NA,NA,NA,NA,NA,0,NA,FALSE,FALSE
3887,747,"Butts R.A., Floate K.D., David M., Blackshaw R.E., Burnett P.A.",2003,Canada,52.453255,-113.751428,Simplified,Monoculture,Intercropping,Pea-Barley,747_C3,747_T4,Insect,Natural enemies,Abundance,standard error,163.5,125.2,4,128.8,23.2,4,NA,NA,NA,NA,NA,NA,NA,0,NA,FALSE,FALSE
3888,747,"Butts R.A., Floate K.D., David M., Blackshaw R.E., Burnett P.A.",2003,Canada,52.453255,-113.751428,Simplified,Monoculture,Intercropping,Pea-Barley,747_C3,747_T5,Insect,Natural enemies,Abundance,standard error,128.3,30.8,4,128.8,23.2,4,NA,NA,NA,NA,NA,NA,NA,0,NA,FALSE,FALSE
3889,747,"Butts R.A., Floate K.D., David M., Blackshaw R.E., Burnett P.A.",2003,Canada,52.453255,-113.751428,Simplified,Monoculture,Intercropping,Pea-Barley,747_C3,747_T6,Insect,Natural enemies,Abundance,standard error,108.8,27.2,4,128.8,23.2,4,NA,NA,NA,NA,NA,NA,NA,0,NA,FALSE,FALSE
3890,747,"Butts R.A., Floate K.D., David M., Blackshaw R.E., Burnett P.A.",2003,Canada,52.453255,-113.751428,Simplified,Monoculture,Intercropping,Pea-Barley,747_C4,747_T4,Insect,Natural enemies,Abundance,standard error,163.5,125.2,4,187.8,93.8,4,NA,NA,NA,NA,NA,NA,NA,0,NA,FALSE,FALSE
3891,747,"Butts R.A., Floate K.D., David M., Blackshaw R.E., Burnett P.A.",2003,Canada,52.453255,-113.751428,Simplified,Monoculture,Intercropping,Pea-Barley,747_C4,747_T5,Insect,Natural enemies,Abundance,standard error,128.3,30.8,4,187.8,93.8,4,NA,NA,NA,NA,NA,NA,NA,0,NA,FALSE,FALSE
3892,747,"Butts R.A., Floate K.D., David M., Blackshaw R.E., Burnett P.A.",2003,Canada,52.453255,-113.751428,Simplified,Monoculture,Intercropping,Pea-Barley,747_C4,747_T6,Insect,Natural enemies,Abundance,standard error,108.8,27.2,4,187.8,93.8,4,NA,NA,NA,NA,NA,NA,NA,0,NA,FALSE,FALSE
3893,747,"Butts R.A., Floate K.D., David M., Blackshaw R.E., Burnett P.A.",2003,Canada,49.701008,-112.759803,Simplified,Monoculture,Intercropping,Pea-Barley,747_C3,747_T4,Insect,Natural enemies,Abundance,standard error,138.3,90.4,4,292.5,85,4,NA,NA,NA,NA,NA,NA,NA,0,NA,FALSE,FALSE
3894,747,"Butts R.A., Floate K.D., David M., Blackshaw R.E., Burnett P.A.",2003,Canada,49.701008,-112.759803,Simplified,Monoculture,Intercropping,Pea-Barley,747_C3,747_T5,Insect,Natural enemies,Abundance,standard error,152.3,81.4,4,292.5,85,4,NA,NA,NA,NA,NA,NA,NA,0,NA,FALSE,FALSE
3895,747,"Butts R.A., Floate K.D., David M., Blackshaw R.E., Burnett P.A.",2003,Canada,49.701008,-112.759803,Simplified,Monoculture,Intercropping,Pea-Barley,747_C3,747_T6,Insect,Natural enemies,Abundance,standard error,169.5,69,4,292.5,85,4,NA,NA,NA,NA,NA,NA,NA,0,NA,FALSE,FALSE
3896,747,"Butts R.A., Floate K.D., David M., Blackshaw R.E., Burnett P.A.",2003,Canada,49.701008,-112.759803,Simplified,Monoculture,Intercropping,Pea-Barley,747_C4,747_T4,Insect,Natural enemies,Abundance,standard error,138.3,90.4,4,151.8,40.6,4,NA,NA,NA,NA,NA,NA,NA,0,NA,FALSE,FALSE
3897,747,"Butts R.A., Floate K.D., David M., Blackshaw R.E., Burnett P.A.",2003,Canada,49.701008,-112.759803,Simplified,Monoculture,Intercropping,Pea-Barley,747_C4,747_T5,Insect,Natural enemies,Abundance,standard error,152.3,81.4,4,151.8,40.6,4,NA,NA,NA,NA,NA,NA,NA,0,NA,FALSE,FALSE
3898,747,"Butts R.A., Floate K.D., David M., Blackshaw R.E., Burnett P.A.",2003,Canada,49.701008,-112.759803,Simplified,Monoculture,Intercropping,Pea-Barley,747_C4,747_T6,Insect,Natural enemies,Abundance,standard error,169.5,69,4,151.8,40.6,4,NA,NA,NA,NA,NA,NA,NA,0,NA,FALSE,FALSE
3899,754,"Smith H.A., McSorley R., Izaguirre J.A.S.",2001,Guatemala,15.061111,-90.25,Simplified,Monoculture,Intercropping,Green bean-Other,754_C1,754_T1,Insect,Pests,Abundance,standard deviation,0,0,32,0,0,32,kg per row,1.25,0.39,32,2.47,0.53,32,0,0,TRUE,TRUE
3900,754,"Smith H.A., McSorley R., Izaguirre J.A.S.",2001,Guatemala,15.061111,-90.25,Simplified,Monoculture,Intercropping,Green bean-Other,754_C2,754_T2,Insect,Pests,Abundance,standard deviation,8.31,7.89,16,43.19,63.19,16,"plant weight, g",4.02,1.56,16,10.97,5.58,16,0,0,FALSE,FALSE
3901,754,"Smith H.A., McSorley R., Izaguirre J.A.S.",2001,Guatemala,15.061111,-90.25,Simplified,Monoculture,Intercropping,Green bean-Other,754_C2,754_T2,Insect,Pests,Abundance,standard deviation,10.13,5.4,8,65.88,55.22,8,"plant weight, g",5.84,2.66,16,13.94,6.51,16,0,0,FALSE,FALSE
3902,754,"Smith H.A., McSorley R., Izaguirre J.A.S.",2001,Guatemala,15.061111,-90.25,Simplified,Monoculture,Intercropping,Green bean-Other,754_C2,754_T2,Insect,Pests,Abundance,standard deviation,29.5,40,8,133.25,259.3,8,"plant weight, g",11.14,11.55,16,27.38,17.85,16,0,0,FALSE,FALSE
3903,754,"Smith H.A., McSorley R., Izaguirre J.A.S.",2001,Guatemala,15.061111,-90.25,Simplified,Monoculture,Intercropping,Tomato-Other,754_C2,754_T2,Insect,Pests,Abundance,standard deviation,0,0,16,0,0,16,NA,NA,NA,NA,NA,NA,NA,0,NA,TRUE,TRUE
3904,754,"Smith H.A., McSorley R., Izaguirre J.A.S.",2001,Guatemala,15.061111,-90.25,Simplified,Monoculture,Intercropping,Tomato-Other,754_C2,754_T2,Insect,Pests,Abundance,standard deviation,3.44,4.46,16,0.13,0.34,16,NA,NA,NA,NA,NA,NA,NA,0,NA,FALSE,FALSE
3905,754,"Smith H.A., McSorley R., Izaguirre J.A.S.",2001,Guatemala,15.061111,-90.25,Simplified,Monoculture,Intercropping,Tomato-Other,754_C2,754_T2,Insect,Pests,Abundance,standard deviation,41.63,35.77,8,13.25,15.58,8,"plant weight, g",5,1.77,16,5.08,3.49,16,0,0,FALSE,FALSE
3906,754,"Smith H.A., McSorley R., Izaguirre J.A.S.",2001,Guatemala,15.061111,-90.25,Simplified,Monoculture,Intercropping,Tomato-Other,754_C2,754_T2,Insect,Pests,Abundance,standard deviation,502,283.05,12,303.92,334.91,12,"plant weight, g",14.46,6.31,16,15,7.62,16,0,0,FALSE,FALSE
3907,754,"Smith H.A., McSorley R., Izaguirre J.A.S.",2001,Guatemala,15.061111,-90.25,Simplified,Monoculture,Intercropping,Tomato-Other,754_C2,754_T2,Insect,Pests,Abundance,standard deviation,206.75,135.47,12,160.58,90.62,12,"plant weight, g",31,9.76,16,93.92,49.78,16,0,0,FALSE,FALSE
3908,754,"Smith H.A., McSorley R., Izaguirre J.A.S.",2001,Guatemala,15.061111,-90.25,Simplified,Monoculture,Intercropping,Tomato-Other,754_C2,754_T2,Insect,Pests,Abundance,standard deviation,136.42,187.32,12,115.92,91.69,12,NA,NA,NA,NA,NA,NA,NA,0,NA,FALSE,FALSE
3909,754,"Smith H.A., McSorley R., Izaguirre J.A.S.",2001,Guatemala,15.061111,-90.25,Simplified,Monoculture,Intercropping,Green bean-Other,754_C1,754_T1,Insect,Pests,Abundance,standard deviation,1.25,1.34,16,0.94,2.11,16,kg per row,1.25,0.39,32,2.47,0.53,32,0,0,FALSE,FALSE
3910,754,"Smith H.A., McSorley R., Izaguirre J.A.S.",2001,Guatemala,15.061111,-90.25,Simplified,Monoculture,Intercropping,Green bean-Other,754_C1,754_T1,Insect,Pests,Abundance,standard deviation,6.13,3.64,8,8.5,6.5,8,kg per row,1.25,0.39,32,2.47,0.53,32,0,0,FALSE,FALSE
3911,754,"Smith H.A., McSorley R., Izaguirre J.A.S.",2001,Guatemala,15.061111,-90.25,Simplified,Monoculture,Intercropping,Green bean-Other,754_C1,754_T1,Insect,Pests,Abundance,standard deviation,21.13,10.56,8,22.25,13.02,8,kg per row,1.25,0.39,32,2.47,0.53,32,0,0,FALSE,FALSE
3912,754,"Smith H.A., McSorley R., Izaguirre J.A.S.",2001,Guatemala,15.061111,-90.25,Simplified,Monoculture,Intercropping,Green bean-Other,754_C1,754_T1,Insect,Pests,Abundance,standard deviation,34.75,29.48,8,37.5,26.27,8,kg per row,1.25,0.39,32,2.47,0.53,32,0,0,FALSE,FALSE
3913,754,"Smith H.A., McSorley R., Izaguirre J.A.S.",2001,Guatemala,15.061111,-90.25,Simplified,Monoculture,Intercropping,Green bean-Other,754_C1,754_T1,Insect,Pests,Abundance,standard deviation,41,24.87,8,78.5,66.33,8,kg per row,1.25,0.39,32,2.47,0.53,32,0,0,FALSE,FALSE
3914,754,"Smith H.A., McSorley R., Izaguirre J.A.S.",2001,Guatemala,15.061111,-90.25,Simplified,Monoculture,Intercropping,Green bean-Other,754_C2,754_T2,Insect,Pests,Abundance,standard deviation,0,0,24,0,0,24,NA,NA,NA,NA,NA,NA,NA,0,NA,TRUE,TRUE
3915,754,"Smith H.A., McSorley R., Izaguirre J.A.S.",2001,Guatemala,15.061111,-90.25,Simplified,Monoculture,Intercropping,Green bean-Other,754_C2,754_T2,Insect,Pests,Abundance,standard deviation,2.12,2.75,16,8,11.31,16,NA,NA,NA,NA,NA,NA,NA,0,NA,FALSE,FALSE
3916,754,"Smith H.A., McSorley R., Izaguirre J.A.S.",2001,Guatemala,15.061111,-90.25,Simplified,Monoculture,Intercropping,Green bean-Other,754_C2,754_T2,Insect,Pests,Abundance,standard deviation,5.81,7.79,16,17.69,30.24,16,NA,NA,NA,NA,NA,NA,NA,0,NA,FALSE,FALSE
3917,758,"Smith H.A., Mcsorley R.",2000,United States of America,29.6666666666666,-82.5,Simplified,Monoculture,Intercropping,Maize-Green bean,758_C1,758_T1,Insect,Pests,Abundance,standard deviation,0,0,5,0,0,5,kg per 3.6m of row,0.47,0.28,5,0.87,0.58,5,0,0,TRUE,TRUE
3918,758,"Smith H.A., Mcsorley R.",2000,United States of America,29.6666666666666,-82.5,Simplified,Monoculture,Intercropping,Green bean-Aubergine,758_C1,758_T2,Insect,Pests,Abundance,standard deviation,0,0,5,0,0,5,kg per 3.6m of row,1.14,0.77,5,0.87,0.58,5,0,0,TRUE,TRUE
3919,758,"Smith H.A., Mcsorley R.",2000,United States of America,29.6666666666666,-82.5,Simplified,Monoculture,Intercropping,Maize-Green bean,758_C1,758_T1,Insect,Pests,Abundance,standard deviation,0.86,0.33,5,0.64,0.29,5,kg per 3.6m of row,0.47,0.28,5,0.87,0.58,5,0,0,FALSE,FALSE
3920,758,"Smith H.A., Mcsorley R.",2000,United States of America,29.6666666666666,-82.5,Simplified,Monoculture,Intercropping,Green bean-Aubergine,758_C1,758_T2,Insect,Pests,Abundance,standard deviation,1.31,0.87,5,0.64,0.29,5,kg per 3.6m of row,1.14,0.77,5,0.87,0.58,5,0,0,FALSE,FALSE
3921,758,"Smith H.A., Mcsorley R.",2000,United States of America,29.6666666666666,-82.5,Simplified,Monoculture,Intercropping,Maize-Green bean,758_C1,758_T1,Insect,Pests,Abundance,standard deviation,1.1,0.65,5,0.79,0.3,5,kg per 3.6m of row,0.47,0.28,5,0.87,0.58,5,0,0,FALSE,FALSE
3922,758,"Smith H.A., Mcsorley R.",2000,United States of America,29.6666666666666,-82.5,Simplified,Monoculture,Intercropping,Green bean-Aubergine,758_C1,758_T2,Insect,Pests,Abundance,standard deviation,0.8,0.25,5,0.79,0.3,5,kg per 3.6m of row,1.14,0.77,5,0.87,0.58,5,0,0,FALSE,FALSE
3923,758,"Smith H.A., Mcsorley R.",2000,United States of America,29.6666666666666,-82.5,Simplified,Monoculture,Intercropping,Maize-Green bean,758_C1,758_T1,Insect,Pests,Abundance,standard deviation,0.8,0.51,5,0.48,0.3,5,kg per 3.6m of row,0.47,0.28,5,0.87,0.58,5,0,0,FALSE,FALSE
3924,758,"Smith H.A., Mcsorley R.",2000,United States of America,29.6666666666666,-82.5,Simplified,Monoculture,Intercropping,Green bean-Aubergine,758_C1,758_T2,Insect,Pests,Abundance,standard deviation,0.61,0.33,5,0.48,0.3,5,kg per 3.6m of row,1.14,0.77,5,0.87,0.58,5,0,0,FALSE,FALSE
3925,758,"Smith H.A., Mcsorley R.",2000,United States of America,29.6666666666666,-82.5,Simplified,Monoculture,Intercropping,Maize-Green bean,758_C1,758_T1,Insect,Pests,Abundance,standard deviation,0.58,0.22,5,0.46,0.23,5,kg per 3.6m of row,0.47,0.28,5,0.87,0.58,5,0,0,FALSE,FALSE
3926,758,"Smith H.A., Mcsorley R.",2000,United States of America,29.6666666666666,-82.5,Simplified,Monoculture,Intercropping,Green bean-Aubergine,758_C1,758_T2,Insect,Pests,Abundance,standard deviation,0.67,0.26,5,0.46,0.23,5,kg per 3.6m of row,1.14,0.77,5,0.87,0.58,5,0,0,FALSE,FALSE
3927,758,"Smith H.A., Mcsorley R.",2000,United States of America,29.6666666666666,-82.5,Simplified,Monoculture,Intercropping,Maize-Green bean,758_C1,758_T1,Insect,Pests,Abundance,standard deviation,0.44,0.15,5,0.51,0.26,5,kg per 3.6m of row,0.47,0.28,5,0.87,0.58,5,0,0,FALSE,FALSE
3928,758,"Smith H.A., Mcsorley R.",2000,United States of America,29.6666666666666,-82.5,Simplified,Monoculture,Intercropping,Green bean-Aubergine,758_C1,758_T2,Insect,Pests,Abundance,standard deviation,0.41,0.22,5,0.51,0.26,5,kg per 3.6m of row,1.14,0.77,5,0.87,0.58,5,0,0,FALSE,FALSE
3929,758,"Smith H.A., Mcsorley R.",2000,United States of America,29.6666666666666,-82.5,Simplified,Monoculture,Intercropping,Maize-Green bean,758_C1,758_T1,Insect,Pests,Abundance,standard deviation,0.31,0.2,5,0.45,0.35,5,kg per 3.6m of row,0.47,0.28,5,0.87,0.58,5,0,0,FALSE,FALSE
3930,758,"Smith H.A., Mcsorley R.",2000,United States of America,29.6666666666666,-82.5,Simplified,Monoculture,Intercropping,Green bean-Aubergine,758_C1,758_T2,Insect,Pests,Abundance,standard deviation,0.33,0.24,5,0.45,0.35,5,kg per 3.6m of row,1.14,0.77,5,0.87,0.58,5,0,0,FALSE,FALSE
3948,762,"Parajulee M.N., Slosser J.E.",1999,United States of America,33.446744,-99.614065,Simplified,Monoculture,Intercropping,Cotton-Canola,762_C1,762_T1,Insect,Natural enemies,Abundance,standard error,18.11,3.64973971674693,6,10.22,5.7807957929683,6,kg/ha,1145,195.721741255283,3,1012,67.5499814951862,3,1,0,FALSE,FALSE
3949,762,"Parajulee M.N., Slosser J.E.",1999,United States of America,33.446744,-99.614065,Simplified,Monoculture,Intercropping,Cotton-Wheat,762_C1,762_T2,Insect,Natural enemies,Abundance,standard error,19.33,6.07473456210228,6,10.22,5.7807957929683,6,kg/ha,1075,31.1769145362398,3,1012,67.5499814951862,3,1,0,FALSE,FALSE
3950,762,"Parajulee M.N., Slosser J.E.",1999,United States of America,33.446744,-99.614065,Simplified,Monoculture,Intercropping,Cotton-Vetch,762_C1,762_T3,Insect,Natural enemies,Abundance,standard error,14.22,4.31110194729839,6,10.22,5.7807957929683,6,kg/ha,906,138.56406460551,3,1012,67.5499814951862,3,1,0,FALSE,FALSE
3951,762,"Parajulee M.N., Slosser J.E.",1999,United States of America,33.446744,-99.614065,Simplified,Monoculture,Intercropping,Cotton-Canola,762_C1,762_T4,Insect,Natural enemies,Abundance,standard error,13.89,5.48685702383432,6,10.22,5.7807957929683,6,kg/ha,964,157.616623488768,3,1012,67.5499814951862,3,1,0,FALSE,FALSE
3952,762,"Parajulee M.N., Slosser J.E.",1999,United States of America,33.446744,-99.614065,Simplified,Monoculture,Intercropping,Cotton-Sorghum,762_C1,762_T5,Insect,Natural enemies,Abundance,standard error,17.44,9.62649468913789,6,10.22,5.7807957929683,6,kg/ha,943,34.6410161513775,3,1012,67.5499814951862,3,1,0,FALSE,FALSE
3953,762,"Parajulee M.N., Slosser J.E.",1999,United States of America,33.446744,-99.614065,Simplified,Monoculture,Intercropping,Cotton-Sorghum,762_C1,762_T6,Insect,Natural enemies,Abundance,standard error,17.11,8.08331615118449,6,10.22,5.7807957929683,6,kg/ha,942,155.884572681199,3,1012,67.5499814951862,3,1,0,FALSE,FALSE
3954,762,"Parajulee M.N., Slosser J.E.",1999,United States of America,33.446744,-99.614065,Simplified,Monoculture,Intercropping,Cotton-Sorghum,762_C1,762_T7,Insect,Natural enemies,Abundance,standard error,17.44,2.13105607622136,6,10.22,5.7807957929683,6,kg/ha,909,206.114046100696,3,1012,67.5499814951862,3,1,0,FALSE,FALSE
3955,762,"Parajulee M.N., Slosser J.E.",1999,United States of America,33.446744,-99.614065,Simplified,Monoculture,Intercropping,Cotton-Canola,762_C1,762_T1,Insect,Pests,Abundance,standard error,33.31,50.7360818353172,60,47.87,92.7192213082056,60,kg/ha,1145,195.721741255283,3,1012,67.5499814951862,3,1,0,FALSE,FALSE
3956,762,"Parajulee M.N., Slosser J.E.",1999,United States of America,33.446744,-99.614065,Simplified,Monoculture,Intercropping,Cotton-Wheat,762_C1,762_T2,Insect,Pests,Abundance,standard error,23.64,38.8847527959225,60,47.87,92.7192213082056,60,kg/ha,1075,31.1769145362398,3,1012,67.5499814951862,3,1,0,FALSE,FALSE
3957,762,"Parajulee M.N., Slosser J.E.",1999,United States of America,33.446744,-99.614065,Simplified,Monoculture,Intercropping,Cotton-Vetch,762_C1,762_T3,Insect,Pests,Abundance,standard error,37.35,70.1009985663542,60,47.87,92.7192213082056,60,kg/ha,906,138.56406460551,3,1012,67.5499814951862,3,1,0,FALSE,FALSE
3958,762,"Parajulee M.N., Slosser J.E.",1999,United States of America,33.446744,-99.614065,Simplified,Monoculture,Intercropping,Cotton-Canola,762_C1,762_T4,Insect,Pests,Abundance,standard error,33.11,51.0459205030138,60,47.87,92.7192213082056,60,kg/ha,964,157.616623488768,3,1012,67.5499814951862,3,1,0,FALSE,FALSE
3959,762,"Parajulee M.N., Slosser J.E.",1999,United States of America,33.446744,-99.614065,Simplified,Monoculture,Intercropping,Cotton-Sorghum,762_C1,762_T5,Insect,Pests,Abundance,standard error,37.84,68.7067245617196,60,47.87,92.7192213082056,60,kg/ha,943,34.6410161513775,3,1012,67.5499814951862,3,1,0,FALSE,FALSE
3960,762,"Parajulee M.N., Slosser J.E.",1999,United States of America,33.446744,-99.614065,Simplified,Monoculture,Intercropping,Cotton-Sorghum,762_C1,762_T6,Insect,Pests,Abundance,standard error,30.03,51.8979768391794,60,47.87,92.7192213082056,60,kg/ha,942,155.884572681199,3,1012,67.5499814951862,3,1,0,FALSE,FALSE
3961,762,"Parajulee M.N., Slosser J.E.",1999,United States of America,33.446744,-99.614065,Simplified,Monoculture,Intercropping,Cotton-Sorghum,762_C1,762_T7,Insect,Pests,Abundance,standard error,44.85,91.5573263043433,60,47.87,92.7192213082056,60,kg/ha,909,206.114046100696,3,1012,67.5499814951862,3,1,0,FALSE,FALSE
3962,762,"Parajulee M.N., Slosser J.E.",1999,United States of America,33.446744,-99.614065,Simplified,Monoculture,Intercropping,Cotton-Canola,762_C1,762_T1,Insect,Natural enemies,Abundance,standard error,14.42,7.84619015828701,27,14.08,7.17069034333515,27,kg/ha,1145,195.721741255283,3,1012,67.5499814951862,3,1,0,FALSE,FALSE
3963,762,"Parajulee M.N., Slosser J.E.",1999,United States of America,33.446744,-99.614065,Simplified,Monoculture,Intercropping,Cotton-Wheat,762_C1,762_T2,Insect,Natural enemies,Abundance,standard error,14.33,7.74226710983288,27,14.08,7.17069034333515,27,kg/ha,1075,31.1769145362398,3,1012,67.5499814951862,3,1,0,FALSE,FALSE
3964,762,"Parajulee M.N., Slosser J.E.",1999,United States of America,33.446744,-99.614065,Simplified,Monoculture,Intercropping,Cotton-Vetch,762_C1,762_T3,Insect,Natural enemies,Abundance,standard error,14.33,7.74226710983288,27,14.08,7.17069034333515,27,kg/ha,906,138.56406460551,3,1012,67.5499814951862,3,1,0,FALSE,FALSE
3965,762,"Parajulee M.N., Slosser J.E.",1999,United States of America,33.446744,-99.614065,Simplified,Monoculture,Intercropping,Cotton-Canola,762_C1,762_T4,Insect,Natural enemies,Abundance,standard error,14.13,6.65107510106449,27,14.08,7.17069034333515,27,kg/ha,964,157.616623488768,3,1012,67.5499814951862,3,1,0,FALSE,FALSE
3966,762,"Parajulee M.N., Slosser J.E.",1999,United States of America,33.446744,-99.614065,Simplified,Monoculture,Intercropping,Cotton-Sorghum,762_C1,762_T5,Insect,Natural enemies,Abundance,standard error,16.67,10.0285741758238,27,14.08,7.17069034333515,27,kg/ha,943,34.6410161513775,3,1012,67.5499814951862,3,1,0,FALSE,FALSE
3967,762,"Parajulee M.N., Slosser J.E.",1999,United States of America,33.446744,-99.614065,Simplified,Monoculture,Intercropping,Cotton-Sorghum,762_C1,762_T6,Insect,Natural enemies,Abundance,standard error,17.88,11.5354583784087,27,14.08,7.17069034333515,27,kg/ha,942,155.884572681199,3,1012,67.5499814951862,3,1,0,FALSE,FALSE
3968,762,"Parajulee M.N., Slosser J.E.",1999,United States of America,33.446744,-99.614065,Simplified,Monoculture,Intercropping,Cotton-Sorghum,762_C1,762_T7,Insect,Natural enemies,Abundance,standard error,13.79,9.76876655468847,27,14.08,7.17069034333515,27,kg/ha,909,206.114046100696,3,1012,67.5499814951862,3,1,0,FALSE,FALSE
3969,762,"Parajulee M.N., Slosser J.E.",1999,United States of America,33.446744,-99.614065,Simplified,Monoculture,Intercropping,Cotton-Canola,762_C1,762_T1,Insect,Pests,Abundance,standard error,0.33,0.450333209967908,12,0.27,0.519615242270663,12,kg/ha,1145,195.721741255283,3,1012,67.5499814951862,3,1,0,FALSE,FALSE
3970,762,"Parajulee M.N., Slosser J.E.",1999,United States of America,33.446744,-99.614065,Simplified,Monoculture,Intercropping,Cotton-Wheat,762_C1,762_T2,Insect,Pests,Abundance,standard error,0.73,1.14315353299546,12,0.27,0.519615242270663,12,kg/ha,1075,31.1769145362398,3,1012,67.5499814951862,3,1,0,FALSE,FALSE
3971,762,"Parajulee M.N., Slosser J.E.",1999,United States of America,33.446744,-99.614065,Simplified,Monoculture,Intercropping,Cotton-Vetch,762_C1,762_T3,Insect,Pests,Abundance,standard error,0.53,0.831384387633061,12,0.27,0.519615242270663,12,kg/ha,906,138.56406460551,3,1012,67.5499814951862,3,1,0,FALSE,FALSE
3972,762,"Parajulee M.N., Slosser J.E.",1999,United States of America,33.446744,-99.614065,Simplified,Monoculture,Intercropping,Cotton-Canola,762_C1,762_T4,Insect,Pests,Abundance,standard error,0.27,0.41569219381653,12,0.27,0.519615242270663,12,kg/ha,964,157.616623488768,3,1012,67.5499814951862,3,1,0,FALSE,FALSE
3973,762,"Parajulee M.N., Slosser J.E.",1999,United States of America,33.446744,-99.614065,Simplified,Monoculture,Intercropping,Cotton-Sorghum,762_C1,762_T5,Insect,Pests,Abundance,standard error,0.6,0.796743371481684,12,0.27,0.519615242270663,12,kg/ha,943,34.6410161513775,3,1012,67.5499814951862,3,1,0,FALSE,FALSE
3974,762,"Parajulee M.N., Slosser J.E.",1999,United States of America,33.446744,-99.614065,Simplified,Monoculture,Intercropping,Cotton-Sorghum,762_C1,762_T6,Insect,Pests,Abundance,standard error,0.6,0.554256258422041,12,0.27,0.519615242270663,12,kg/ha,942,155.884572681199,3,1012,67.5499814951862,3,1,0,FALSE,FALSE
3975,762,"Parajulee M.N., Slosser J.E.",1999,United States of America,33.446744,-99.614065,Simplified,Monoculture,Intercropping,Cotton-Sorghum,762_C1,762_T7,Insect,Pests,Abundance,standard error,0.73,0.727461339178928,12,0.27,0.519615242270663,12,kg/ha,909,206.114046100696,3,1012,67.5499814951862,3,1,0,FALSE,FALSE
3976,763,"Bender D.A., Morrison W.P., Frisbie R.E.",1999,United States of America,33.690142,-101.824985,Simplified,Monoculture,Intercropping,Cabbage-Mustard,763_C1,763_T1,Insect,Pests,Abundance,standard error,0,0,4,0,0,4,kg/ha,NA,NA,NA,NA,NA,NA,0,NA,TRUE,TRUE
3977,763,"Bender D.A., Morrison W.P., Frisbie R.E.",1999,United States of America,33.690142,-101.824985,Simplified,Monoculture,Intercropping,Cabbage-Mustard,763_C2,763_T1,Insect,Pests,Abundance,standard error,0,0,4,0,0,4,kg/ha,29800,NA,NA,29800,NA,NA,0,NA,TRUE,TRUE
3978,763,"Bender D.A., Morrison W.P., Frisbie R.E.",1999,United States of America,33.690142,-101.824985,Simplified,Monoculture,Intercropping,Cabbage-Mustard,763_C1,763_T1,Insect,Pests,Abundance,standard error,0,0,4,0,0,4,kg/ha,NA,NA,NA,NA,NA,NA,0,NA,TRUE,TRUE
3979,763,"Bender D.A., Morrison W.P., Frisbie R.E.",1999,United States of America,33.690142,-101.824985,Simplified,Monoculture,Intercropping,Cabbage-Mustard,763_C2,763_T1,Insect,Pests,Abundance,standard error,0,0,4,0,0,4,kg/ha,29800,NA,NA,29800,NA,NA,0,NA,TRUE,TRUE
3980,763,"Bender D.A., Morrison W.P., Frisbie R.E.",1999,United States of America,33.690142,-101.824985,Simplified,Monoculture,Intercropping,Cabbage-Mustard,763_C1,763_T1,Insect,Pests,Abundance,standard error,1,0.34,4,0,0,4,kg/ha,NA,NA,NA,NA,NA,NA,0,NA,TRUE,TRUE
3981,763,"Bender D.A., Morrison W.P., Frisbie R.E.",1999,United States of America,33.690142,-101.824985,Simplified,Monoculture,Intercropping,Cabbage-Mustard,763_C2,763_T1,Insect,Pests,Abundance,standard error,1,0.34,4,0.89,0.14,4,kg/ha,29800,NA,NA,29800,NA,NA,0,NA,FALSE,FALSE
3982,763,"Bender D.A., Morrison W.P., Frisbie R.E.",1999,United States of America,33.690142,-101.824985,Simplified,Monoculture,Intercropping,Cabbage-Mustard,763_C1,763_T1,Insect,Pests,Abundance,standard error,0,0,4,0,0,4,kg/ha,NA,NA,NA,NA,NA,NA,0,NA,TRUE,TRUE
3983,763,"Bender D.A., Morrison W.P., Frisbie R.E.",1999,United States of America,33.690142,-101.824985,Simplified,Monoculture,Intercropping,Cabbage-Mustard,763_C2,763_T1,Insect,Pests,Abundance,standard error,0,0,4,0,0,4,kg/ha,29800,NA,NA,29800,NA,NA,0,NA,TRUE,TRUE
3984,763,"Bender D.A., Morrison W.P., Frisbie R.E.",1999,United States of America,33.690142,-101.824985,Simplified,Monoculture,Intercropping,Cabbage-Mustard,763_C1,763_T1,Insect,Pests,Abundance,standard error,1.11,0.4,4,0.11,0,4,kg/ha,NA,NA,NA,NA,NA,NA,0,NA,TRUE,FALSE
3985,763,"Bender D.A., Morrison W.P., Frisbie R.E.",1999,United States of America,33.690142,-101.824985,Simplified,Monoculture,Intercropping,Cabbage-Mustard,763_C2,763_T1,Insect,Pests,Abundance,standard error,1.11,0.4,4,2.27,0.3,4,kg/ha,29800,NA,NA,29800,NA,NA,0,NA,FALSE,FALSE
3986,763,"Bender D.A., Morrison W.P., Frisbie R.E.",1999,United States of America,33.690142,-101.824985,Simplified,Monoculture,Intercropping,Cabbage-Mustard,763_C1,763_T1,Insect,Pests,Abundance,standard error,0,0,4,0,0,4,kg/ha,NA,NA,NA,NA,NA,NA,0,NA,TRUE,TRUE
3987,763,"Bender D.A., Morrison W.P., Frisbie R.E.",1999,United States of America,33.690142,-101.824985,Simplified,Monoculture,Intercropping,Cabbage-Mustard,763_C2,763_T1,Insect,Pests,Abundance,standard error,0,0,4,0,0,4,kg/ha,29800,NA,NA,29800,NA,NA,0,NA,TRUE,TRUE
3988,763,"Bender D.A., Morrison W.P., Frisbie R.E.",1999,United States of America,33.690142,-101.824985,Simplified,Monoculture,Intercropping,Cabbage-Mustard,763_C2,763_T1,Insect,Pests,Abundance,standard error,0.11,0.12,4,0.19,0.14,4,kg/ha,29800,NA,NA,29800,NA,NA,0,NA,FALSE,FALSE
3989,763,"Bender D.A., Morrison W.P., Frisbie R.E.",1999,United States of America,33.690142,-101.824985,Simplified,Monoculture,Intercropping,Cabbage-Mustard,763_C1,763_T1,Insect,Pests,Abundance,standard error,0.11,0.12,4,0,0,4,kg/ha,NA,NA,NA,NA,NA,NA,0,NA,TRUE,TRUE
3990,763,"Bender D.A., Morrison W.P., Frisbie R.E.",1999,United States of America,33.690142,-101.824985,Simplified,Monoculture,Intercropping,Cabbage-Mustard,763_C2,763_T1,Insect,Pests,Abundance,standard error,0,0,4,0,0,4,kg/ha,29800,NA,NA,29800,NA,NA,0,NA,TRUE,TRUE
3991,763,"Bender D.A., Morrison W.P., Frisbie R.E.",1999,United States of America,33.690142,-101.824985,Simplified,Monoculture,Intercropping,Cabbage-Mustard,763_C1,763_T1,Insect,Pests,Abundance,standard error,0,0,4,0,0,4,kg/ha,NA,NA,NA,NA,NA,NA,0,NA,TRUE,TRUE
3992,763,"Bender D.A., Morrison W.P., Frisbie R.E.",1999,United States of America,33.690142,-101.824985,Simplified,Monoculture,Intercropping,Cabbage-Mustard,763_C2,763_T1,Insect,Pests,Abundance,standard error,1.21,0.16,4,0.69,0.2,4,kg/ha,29800,NA,NA,29800,NA,NA,0,NA,FALSE,FALSE
3993,763,"Bender D.A., Morrison W.P., Frisbie R.E.",1999,United States of America,33.690142,-101.824985,Simplified,Monoculture,Intercropping,Cabbage-Mustard,763_C1,763_T1,Insect,Pests,Abundance,standard error,1.21,0.16,4,0.11,0.08,4,kg/ha,NA,NA,NA,NA,NA,NA,0,NA,FALSE,FALSE
3994,763,"Bender D.A., Morrison W.P., Frisbie R.E.",1999,United States of America,33.690142,-101.824985,Simplified,Monoculture,Intercropping,Cabbage-Mustard,763_C2,763_T1,Insect,Pests,Abundance,standard error,0,0,4,3.83,2.04,4,kg/ha,29800,NA,NA,29800,NA,NA,0,NA,TRUE,TRUE
3995,763,"Bender D.A., Morrison W.P., Frisbie R.E.",1999,United States of America,33.690142,-101.824985,Simplified,Monoculture,Intercropping,Cabbage-Mustard,763_C1,763_T1,Insect,Pests,Abundance,standard error,0,0,4,1.8,0,4,kg/ha,NA,NA,NA,NA,NA,NA,0,NA,TRUE,TRUE
3996,763,"Bender D.A., Morrison W.P., Frisbie R.E.",1999,United States of America,33.690142,-101.824985,Simplified,Monoculture,Intercropping,Cabbage-Mustard,763_C1,763_T1,Insect,Pests,Abundance,standard error,0,0,4,0,0,4,kg/ha,NA,NA,NA,NA,NA,NA,0,NA,TRUE,TRUE
3997,763,"Bender D.A., Morrison W.P., Frisbie R.E.",1999,United States of America,33.690142,-101.824985,Simplified,Monoculture,Intercropping,Cabbage-Mustard,763_C2,763_T1,Insect,Pests,Abundance,standard error,0,0,4,0.1,0.08,4,kg/ha,29800,NA,NA,29800,NA,NA,0,NA,TRUE,TRUE
3998,763,"Bender D.A., Morrison W.P., Frisbie R.E.",1999,United States of America,33.690142,-101.824985,Simplified,Monoculture,Intercropping,Cabbage-Mustard,763_C1,763_T1,Insect,Pests,Abundance,standard error,0,0,4,3.46,1.02,4,kg/ha,NA,NA,NA,NA,NA,NA,0,NA,TRUE,TRUE
3999,763,"Bender D.A., Morrison W.P., Frisbie R.E.",1999,United States of America,33.690142,-101.824985,Simplified,Monoculture,Intercropping,Cabbage-Mustard,763_C2,763_T1,Insect,Pests,Abundance,standard error,0,0,4,0,0,4,kg/ha,29800,NA,NA,29800,NA,NA,0,NA,TRUE,TRUE
4000,763,"Bender D.A., Morrison W.P., Frisbie R.E.",1999,United States of America,33.690142,-101.824985,Simplified,Monoculture,Intercropping,Cabbage-Mustard,763_C1,763_T1,Insect,Pests,Abundance,standard error,0,0,4,0.5,0.16,4,kg/ha,NA,NA,NA,NA,NA,NA,0,NA,TRUE,TRUE
4001,763,"Bender D.A., Morrison W.P., Frisbie R.E.",1999,United States of America,33.690142,-101.824985,Simplified,Monoculture,Intercropping,Cabbage-Mustard,763_C2,763_T1,Insect,Pests,Abundance,standard error,0,0,4,0.39,0,4,kg/ha,29800,NA,NA,29800,NA,NA,0,NA,TRUE,TRUE
4002,763,"Bender D.A., Morrison W.P., Frisbie R.E.",1999,United States of America,33.690142,-101.824985,Simplified,Monoculture,Intercropping,Cabbage-Mustard,763_C1,763_T1,Insect,Pests,Abundance,standard error,0,0,4,3.25,1.02,4,kg/ha,NA,NA,NA,NA,NA,NA,0,NA,TRUE,TRUE
4003,763,"Bender D.A., Morrison W.P., Frisbie R.E.",1999,United States of America,33.690142,-101.824985,Simplified,Monoculture,Intercropping,Cabbage-Mustard,763_C2,763_T1,Insect,Pests,Abundance,standard error,0,0,4,0,0,4,kg/ha,29800,NA,NA,29800,NA,NA,0,NA,TRUE,TRUE
4004,763,"Bender D.A., Morrison W.P., Frisbie R.E.",1999,United States of America,33.690142,-101.824985,Simplified,Monoculture,Intercropping,Cabbage-Mustard,763_C1,763_T1,Insect,Pests,Abundance,standard error,0.11,0.14,4,0.29,0.08,4,kg/ha,NA,NA,NA,NA,NA,NA,0,NA,FALSE,FALSE
4005,763,"Bender D.A., Morrison W.P., Frisbie R.E.",1999,United States of America,33.690142,-101.824985,Simplified,Monoculture,Intercropping,Cabbage-Mustard,763_C2,763_T1,Insect,Pests,Abundance,standard error,0.11,0.14,4,0.39,0.3,4,kg/ha,29800,NA,NA,29800,NA,NA,0,NA,FALSE,FALSE
4006,763,"Bender D.A., Morrison W.P., Frisbie R.E.",1999,United States of America,33.690142,-101.824985,Simplified,Monoculture,Intercropping,Cabbage-Mustard,763_C1,763_T1,Insect,Pests,Abundance,standard error,0,0,4,1.53,1.02,4,kg/ha,NA,NA,NA,NA,NA,NA,0,NA,TRUE,TRUE
4007,763,"Bender D.A., Morrison W.P., Frisbie R.E.",1999,United States of America,33.690142,-101.824985,Simplified,Monoculture,Intercropping,Cabbage-Mustard,763_C2,763_T1,Insect,Pests,Abundance,standard error,0,0,4,0,0,4,kg/ha,29800,NA,NA,29800,NA,NA,0,NA,TRUE,TRUE
4008,763,"Bender D.A., Morrison W.P., Frisbie R.E.",1999,United States of America,33.690142,-101.824985,Simplified,Monoculture,Intercropping,Cabbage-Mustard,763_C1,763_T1,Insect,Pests,Abundance,standard error,0,0,4,0,0,4,kg/ha,NA,NA,NA,NA,NA,NA,0,NA,TRUE,TRUE
4009,763,"Bender D.A., Morrison W.P., Frisbie R.E.",1999,United States of America,33.690142,-101.824985,Simplified,Monoculture,Intercropping,Cabbage-Mustard,763_C2,763_T1,Insect,Pests,Abundance,standard error,0,0,4,0,0,4,kg/ha,29800,NA,NA,29800,NA,NA,0,NA,TRUE,TRUE
4010,763,"Bender D.A., Morrison W.P., Frisbie R.E.",1999,United States of America,33.690142,-101.824985,Simplified,Monoculture,Intercropping,Cabbage-Mustard,763_C1,763_T1,Insect,Pests,Abundance,standard error,0,0,4,0,0,4,kg/ha,NA,NA,NA,NA,NA,NA,0,NA,TRUE,TRUE
4011,763,"Bender D.A., Morrison W.P., Frisbie R.E.",1999,United States of America,33.690142,-101.824985,Simplified,Monoculture,Intercropping,Cabbage-Mustard,763_C2,763_T1,Insect,Pests,Abundance,standard error,0,0,4,0,0,4,kg/ha,29800,NA,NA,29800,NA,NA,0,NA,TRUE,TRUE
4012,763,"Bender D.A., Morrison W.P., Frisbie R.E.",1999,United States of America,33.690142,-101.824985,Simplified,Monoculture,Intercropping,Cabbage-Mustard,763_C1,763_T1,Insect,Pests,Abundance,standard error,0.29,0.22,4,0.21,0.06,4,kg/ha,NA,NA,NA,NA,NA,NA,0,NA,FALSE,FALSE
4013,763,"Bender D.A., Morrison W.P., Frisbie R.E.",1999,United States of America,33.690142,-101.824985,Simplified,Monoculture,Intercropping,Cabbage-Mustard,763_C2,763_T1,Insect,Pests,Abundance,standard error,0.29,0.22,4,0,0,4,kg/ha,29800,NA,NA,29800,NA,NA,0,NA,TRUE,TRUE
4014,763,"Bender D.A., Morrison W.P., Frisbie R.E.",1999,United States of America,33.690142,-101.824985,Simplified,Monoculture,Intercropping,Cabbage-Mustard,763_C1,763_T1,Insect,Pests,Abundance,standard error,0,0,4,0,0,4,kg/ha,NA,NA,NA,NA,NA,NA,0,NA,TRUE,TRUE
4015,763,"Bender D.A., Morrison W.P., Frisbie R.E.",1999,United States of America,33.690142,-101.824985,Simplified,Monoculture,Intercropping,Cabbage-Mustard,763_C2,763_T1,Insect,Pests,Abundance,standard error,0,0,4,0,0,4,kg/ha,29800,NA,NA,29800,NA,NA,0,NA,TRUE,TRUE
4016,763,"Bender D.A., Morrison W.P., Frisbie R.E.",1999,United States of America,33.690142,-101.824985,Simplified,Monoculture,Intercropping,Cabbage-Mustard,763_C2,763_T1,Insect,Pests,Abundance,standard error,0.21,0.14,4,0,0,4,kg/ha,29800,NA,NA,29800,NA,NA,0,NA,TRUE,TRUE
4017,763,"Bender D.A., Morrison W.P., Frisbie R.E.",1999,United States of America,33.690142,-101.824985,Simplified,Monoculture,Intercropping,Cabbage-Mustard,763_C1,763_T1,Insect,Pests,Abundance,standard error,0.21,0.14,4,0,0,4,kg/ha,NA,NA,NA,NA,NA,NA,0,NA,TRUE,TRUE
4018,763,"Bender D.A., Morrison W.P., Frisbie R.E.",1999,United States of America,33.690142,-101.824985,Simplified,Monoculture,Intercropping,Cabbage-Mustard,763_C2,763_T1,Insect,Pests,Abundance,standard error,0,0,4,0,0,4,kg/ha,29800,NA,NA,29800,NA,NA,0,NA,TRUE,TRUE
4019,763,"Bender D.A., Morrison W.P., Frisbie R.E.",1999,United States of America,33.690142,-101.824985,Simplified,Monoculture,Intercropping,Cabbage-Mustard,763_C1,763_T1,Insect,Pests,Abundance,standard error,0,0,4,0,0,4,kg/ha,NA,NA,NA,NA,NA,NA,0,NA,TRUE,TRUE
4020,763,"Bender D.A., Morrison W.P., Frisbie R.E.",1999,United States of America,33.690142,-101.824985,Simplified,Monoculture,Intercropping,Cabbage-Mustard,763_C2,763_T1,Insect,Pests,Abundance,standard error,0.51,0.22,4,0,0,4,kg/ha,29800,NA,NA,29800,NA,NA,0,NA,TRUE,TRUE
4021,763,"Bender D.A., Morrison W.P., Frisbie R.E.",1999,United States of America,33.690142,-101.824985,Simplified,Monoculture,Intercropping,Cabbage-Mustard,763_C1,763_T1,Insect,Pests,Abundance,standard error,0.51,0.22,4,0.1,0.12,4,kg/ha,NA,NA,NA,NA,NA,NA,0,NA,FALSE,FALSE
4022,763,"Bender D.A., Morrison W.P., Frisbie R.E.",1999,United States of America,33.690142,-101.824985,Simplified,Monoculture,Intercropping,Cabbage-Mustard,763_C2,763_T1,Insect,Pests,Abundance,standard error,0,0,4,0,0,4,kg/ha,29800,NA,NA,29800,NA,NA,0,NA,TRUE,TRUE
4023,763,"Bender D.A., Morrison W.P., Frisbie R.E.",1999,United States of America,33.690142,-101.824985,Simplified,Monoculture,Intercropping,Cabbage-Mustard,763_C1,763_T1,Insect,Pests,Abundance,standard error,0,0,4,14.61,2.38,4,kg/ha,NA,NA,NA,NA,NA,NA,0,NA,TRUE,TRUE
4024,763,"Bender D.A., Morrison W.P., Frisbie R.E.",1999,United States of America,33.690142,-101.824985,Simplified,Monoculture,Intercropping,Cabbage-Mustard,763_C1,763_T1,Insect,Pests,Abundance,standard error,0.41,0.16,4,0,0,4,kg/ha,NA,NA,NA,NA,NA,NA,0,NA,TRUE,TRUE
4025,763,"Bender D.A., Morrison W.P., Frisbie R.E.",1999,United States of America,33.690142,-101.824985,Simplified,Monoculture,Intercropping,Cabbage-Mustard,763_C2,763_T1,Insect,Pests,Abundance,standard error,0.41,0.16,4,0.28,0.06,4,kg/ha,29800,NA,NA,29800,NA,NA,0,NA,FALSE,FALSE
4026,763,"Bender D.A., Morrison W.P., Frisbie R.E.",1999,United States of America,33.690142,-101.824985,Simplified,Monoculture,Intercropping,Cabbage-Mustard,763_C1,763_T1,Insect,Pests,Abundance,standard error,0,0,4,0,0,4,kg/ha,NA,NA,NA,NA,NA,NA,0,NA,TRUE,TRUE
4027,763,"Bender D.A., Morrison W.P., Frisbie R.E.",1999,United States of America,33.690142,-101.824985,Simplified,Monoculture,Intercropping,Cabbage-Mustard,763_C2,763_T1,Insect,Pests,Abundance,standard error,0,0,4,0,0,4,kg/ha,29800,NA,NA,29800,NA,NA,0,NA,TRUE,TRUE
4028,763,"Bender D.A., Morrison W.P., Frisbie R.E.",1999,United States of America,33.690142,-101.824985,Simplified,Monoculture,Intercropping,Cabbage-Mustard,763_C1,763_T1,Insect,Pests,Abundance,standard error,0.4,0.14,4,0.1,0.08,4,kg/ha,NA,NA,NA,NA,NA,NA,0,NA,FALSE,FALSE
4029,763,"Bender D.A., Morrison W.P., Frisbie R.E.",1999,United States of America,33.690142,-101.824985,Simplified,Monoculture,Intercropping,Cabbage-Mustard,763_C2,763_T1,Insect,Pests,Abundance,standard error,0.4,0.14,4,0.09,0.12,4,kg/ha,29800,NA,NA,29800,NA,NA,0,NA,FALSE,FALSE
4030,763,"Bender D.A., Morrison W.P., Frisbie R.E.",1999,United States of America,33.690142,-101.824985,Simplified,Monoculture,Intercropping,Cabbage-Mustard,763_C1,763_T1,Insect,Pests,Abundance,standard error,0,0,4,0,0,4,kg/ha,NA,NA,NA,NA,NA,NA,0,NA,TRUE,TRUE
4031,763,"Bender D.A., Morrison W.P., Frisbie R.E.",1999,United States of America,33.690142,-101.824985,Simplified,Monoculture,Intercropping,Cabbage-Mustard,763_C2,763_T1,Insect,Pests,Abundance,standard error,0,0,4,0,0,4,kg/ha,29800,NA,NA,29800,NA,NA,0,NA,TRUE,TRUE
4032,763,"Bender D.A., Morrison W.P., Frisbie R.E.",1999,United States of America,33.690142,-101.824985,Simplified,Monoculture,Intercropping,Cabbage-Mustard,763_C2,763_T1,Insect,Pests,Abundance,standard error,1.3,0.28,4,0.38,0.22,4,kg/ha,29800,NA,NA,29800,NA,NA,0,NA,FALSE,FALSE
4033,763,"Bender D.A., Morrison W.P., Frisbie R.E.",1999,United States of America,33.690142,-101.824985,Simplified,Monoculture,Intercropping,Cabbage-Mustard,763_C1,763_T1,Insect,Pests,Abundance,standard error,1.3,0.28,4,0,0,4,kg/ha,NA,NA,NA,NA,NA,NA,0,NA,TRUE,TRUE
4034,763,"Bender D.A., Morrison W.P., Frisbie R.E.",1999,United States of America,33.690142,-101.824985,Simplified,Monoculture,Intercropping,Cabbage-Mustard,763_C2,763_T1,Insect,Pests,Abundance,standard error,0,0,4,0,0,4,kg/ha,29800,NA,NA,29800,NA,NA,0,NA,TRUE,TRUE
4035,763,"Bender D.A., Morrison W.P., Frisbie R.E.",1999,United States of America,33.690142,-101.824985,Simplified,Monoculture,Intercropping,Cabbage-Mustard,763_C1,763_T1,Insect,Pests,Abundance,standard error,0,0,4,0,0,4,kg/ha,NA,NA,NA,NA,NA,NA,0,NA,TRUE,TRUE
4036,763,"Bender D.A., Morrison W.P., Frisbie R.E.",1999,United States of America,33.690142,-101.824985,Simplified,Monoculture,Intercropping,Cabbage-Mustard,763_C2,763_T1,Insect,Pests,Abundance,standard error,0.29,0.14,4,0.27,0.16,4,kg/ha,29800,NA,NA,29800,NA,NA,0,NA,FALSE,FALSE
4037,763,"Bender D.A., Morrison W.P., Frisbie R.E.",1999,United States of America,33.690142,-101.824985,Simplified,Monoculture,Intercropping,Cabbage-Mustard,763_C1,763_T1,Insect,Pests,Abundance,standard error,0.29,0.14,4,0.2,0,4,kg/ha,NA,NA,NA,NA,NA,NA,0,NA,TRUE,FALSE
4038,763,"Bender D.A., Morrison W.P., Frisbie R.E.",1999,United States of America,33.690142,-101.824985,Simplified,Monoculture,Intercropping,Cabbage-Mustard,763_C2,763_T1,Insect,Pests,Abundance,standard error,0,0,4,0,0,4,kg/ha,29800,NA,NA,29800,NA,NA,0,NA,TRUE,TRUE
4039,763,"Bender D.A., Morrison W.P., Frisbie R.E.",1999,United States of America,33.690142,-101.824985,Simplified,Monoculture,Intercropping,Cabbage-Mustard,763_C1,763_T1,Insect,Pests,Abundance,standard error,0,0,4,0,0,4,kg/ha,NA,NA,NA,NA,NA,NA,0,NA,TRUE,TRUE
